"Rank","Colors","CMC","Name","Rarity","Type","Card Kingdom","TCGPlayer","Face to Face","Cardmarket","Cardhoarder","Salt","Decks","Set Code","Set Name"
"1","W,U,B","4","Y'shtola, Night's Blessed","mythic","Creature","3.49","5.35","3.5","2.75","3.92","0.92","55771","",""
"2","W,U,B,R","5","Jace, Multiverse Architect","mythic","Planeswalker","2.49","1.6","5.61","1.07","","0","6301","",""
"3","U,B,R","6","Sauron, the Dark Lord","mythic","Creature","21.99","19.65","21.75","20.9","0.02","1.15","40357","",""
"4","U,R","3","Vivi Ornitier","mythic","Creature","49.99","33.82","52.63","30.66","0.95","2.81","41514","",""
"5","W","2","Giada, Font of Hope","rare","Creature","0.99","0.6","1.05","0.54","0.02","0.46","36133","",""
"6","R,G,W","5","Pantlaza, Sun-Favored","mythic","Creature","2.49","5.83","2.45","3.91","0.33","0.84","37097","",""
"7","W,U,B,R,G","9","The Ur-Dragon","mythic","Creature","39.99","36.0","42.1","30.71","0.07","1.97","51237","",""
"8","B,G,U","5","Thranduil, the Elvenking","rare","Creature","0.49","0.64","0.53","0.52","0.02","0","10107","",""
"9","R,W,B","6","Edgar Markov","mythic","Creature","37.99","29.8","38.59","24.11","1.79","2.05","51393","",""
"10","W,B,G","2","Frodo, Adventurous Hobbit // Sam, Loyal Attendant","mythic","Creature","0.99","0.33","1.05","0.51","1.37","0.42","27239","",""
"11","B,R,G","4","Hearthhull, the Worldseed","mythic","Artifact","0.99","1.12","1.05","0.63","","0.46","31941","",""
"12","G,W,U,B","4","Atraxa, Praetors' Voice","mythic","Creature","27.99","25.04","25.96","16.12","0.02","1.72","45248","",""
"13","B,G,U","4","Teval, the Balanced Scale","mythic","Creature","4.99","5.57","4.91","6.06","","0.6","39386","",""
"14","W,U,B,R,G","3","Tam, the Possibility","rare","Creature","0.49","0.32","0.69","0.18","0.01","0","3778","",""
"15","R,G,W","5","Cloud, Ex-SOLDIER","mythic","Creature","0.99","1.43","1.05","0.73","1.94","0.7","32071","",""
"16","G,W,U","4","Ms. Bumbleflower","mythic","Creature","5.99","6.54","6.31","15.17","","0.81","37202","",""
"17","R,W,B","4","Kaalia of the Vast","mythic","Creature","3.49","2.22","3.15","2.16","0.02","1.19","40058","",""
"18","W,U,B","9","The Ur-Sphinx","rare","Creature","6.99","1.08","7.01","2.03","","0","3644","",""
"19","R,G,W","4","Toph, the First Metalbender","rare","Creature","0.79","1.27","1.05","0.77","0.02","0","33458","",""
"20","U,B,R","4","Fire Lord Azula","rare","Creature","0.79","1.21","0.69","1.04","0.02","0","38343","",""
"21","U,R,W","3","Vraska, Soul of Stone","rare","Creature","2.29","0.86","3.5","0.56","0.06","0","3494","",""
"22","R,W","5","Thorin, King of Durin's Folk","rare","Creature","6.99","6.16","9.82","15.71","","0","7347","",""
"23","R","4","Krenko, Mob Boss","rare","Creature","3.49","2.07","3.5","1.12","0.02","1.17","44341","",""
"24","B","3","Sephiroth, Fabled SOLDIER","mythic","Creature","39.99","28.84","42.1","28.35","0.79","1.43","30900","",""
"25","W,U,B,R,G","3","Ashling, the Limitless","mythic","Creature","0.99","0.43","1.05","0.4","","0","26754","",""
"26","G,W","4","Trostani, Selesnya's Voice","mythic","Creature","2.29","1.28","2.45","1.08","0.02","0.15","10911","",""
"27","U,B,R","5","Kefka, Court Mage","mythic","Creature","8.99","6.11","9.12","6.15","0.02","1.22","31718","",""
"28","B,G","4","Lathril, Blade of the Elves","rare","Creature","2.49","1.79","2.45","1.49","0.02","0.91","35915","",""
"29","B,R","3","Ingris Stingerquill","mythic","Creature","9.99","9.38","12.62","2.25","2.1","0","3012","",""
"30","B,G,U","4","The Wise Mothman","mythic","Creature","0.99","2.05","1.05","0.5","","1.01","33824","",""
"31","W,B","6","Niv-Mizzet, Ghost Counsel","rare","Creature","10.99","5.75","11.22","3.23","","0","2915","",""
"32","W,U","4","Denzilore Fatehold","mythic","Creature","4.99","3.48","7.01","1.21","0.55","0","2782","",""
"33","U,B,R","4","Doctor Doom, King of Latveria","mythic","Creature","1.49","4.66","1.4","0.93","1.67","0","10481","",""
"34","G,W","6","Kwia Vigorbloom","mythic","Creature","9.99","9.67","18.94","4.2","0.42","0","2769","",""
"35","R,G","4","Aerid Konstrari","mythic","Creature","3.49","3.71","9.82","2.6","0.35","0","2745","",""
"36","W,U,B,R,G","5","Jodah, the Unifier","mythic","Creature","2.49","2.89","2.45","1.46","0.02","1.94","33476","",""
"37","U,B,R","5","Nekusar, the Mindrazer","rare","Creature","2.99","3.23","2.8","1.32","0.02","1.24","32427","",""
"38","R,W,B","3","Terra, Herald of Hope","mythic","Creature","0.99","1.13","1.05","0.77","1.98","0.47","20108","",""
"39","W,U,B,R,G","3","Sisay, Weatherlight Captain","rare","Creature","2.49","2.56","2.45","1.48","0.02","0.98","19318","",""
"40","B,R","3","The Great Goblin","rare","Creature","0.49","0.78","0.53","0.57","0.02","0","6323","",""
"41","B,R","4","Valgavoth, Harrower of Souls","mythic","Creature","29.99","22.7","31.57","19.75","1.13","0.76","30109","",""
"42","R,W,B","3","Isshin, Two Heavens as One","rare","Creature","3.99","3.68","3.15","2.89","0.02","0.65","30789","",""
"43","B,G","3","Chatterfang, Squirrel General","mythic","Creature","12.99","10.17","12.62","6.92","0.02","0.96","27879","",""
"44","R,G","3","Bello, Bard of the Brambles","mythic","Creature","2.49","2.87","2.1","3.06","","0.6","26301","",""
"45","G","5","Beorn the Fierce","mythic","Creature","5.99","4.43","6.31","5.51","0.09","0","6180","",""
"46","B,R","7","Smaug the Impenetrable","rare","Creature","17.99","16.8","19.64","17.27","","0","6474","",""
"47","W,B,G","5","Betor, Ancestor's Voice","mythic","Creature","0.99","3.4","1.05","2.46","","0.38","19863","",""
"48","G,U","2","Kinnan, Bonder Prodigy","mythic","Creature","21.99","15.18","21.05","12.17","0.02","2.15","21849","",""
"49","R,G,W,U","4","Kynaios and Tiro of Meletis","mythic","Creature","8.49","8.83","8.41","4.86","1.22","0.05","16248","",""
"50","B,G","8","Witherbloom, the Balancer","mythic","Creature","4.49","3.45","4.2","2.61","0.09","0","17582","",""
"51","G,W,U","3","Tidus, Yuna's Guardian","mythic","Creature","0.99","2.75","1.05","1.63","1.62","0.45","21591","",""
"52","B,R","4","Kuja, Genome Sorcerer","rare","Creature","1.79","1.53","1.75","0.96","0.02","0.68","22538","",""
"53","U,B","3","Yuriko, the Tiger's Shadow","rare","Creature","3.99","2.83","4.2","2.3","0.77","2.15","31860","",""
"54","B,G,U","5","Maralen, Fae Ascendant","rare","Creature","0.49","0.39","0.53","0.33","0.02","0","22890","",""
"55","G,U,R","6","Miirym, Sentinel Wyrm","rare","Creature","4.99","4.73","4.91","5.27","12.91","1.78","28669","",""
"56","R,G,W","3","Baylen, the Haymaker","rare","Creature","1.29","1.08","1.4","0.68","0.02","0.92","29844","",""
"57","W,U,B,R,G","5","Kenrith, the Returned King","mythic","Creature","1.49","0.56","1.4","0.79","0.02","1.09","31743","",""
"58","G,U,R","7","Ureni of the Unwritten","mythic","Creature","11.99","19.64","12.62","14.27","","0.85","22321","",""
"59","W,U,B,R,G","5","Ulalek, Fused Atrocity","mythic","Creature","0.99","0.79","1.05","0.23","0.02","1.32","27789","",""
"60","R,W,B","4","Queen Marchesa","rare","Creature","1.99","1.15","2.1","0.89","1.57","0.37","20722","",""
"61","R,G,W","4","Rin and Seri, Inseparable","mythic","Creature","24.99","26.47","28.06","8.46","0.02","0.5","25049","",""
"62","W,U,B,R,G","3","Codie, Ravenous Codex","rare","Creature","0.49","0.29","1.05","0.04","0.01","0","2231","",""
"63","G,W,U","5","Galadriel, Light of Valinor","mythic","Creature","24.99","27.13","25.96","24.68","0.54","0.56","17048","",""
"64","G,U","4","Hakbal of the Surging Soul","mythic","Creature","0.99","0.43","1.05","1.33","","0.74","25427","",""
"65","B,R,G","4","Auntie Ool, Cursewretch","mythic","Creature","0.99","0.39","1.05","0.43","","0","19754","",""
"66","B,R,G","5","Korvold, Fae-Cursed King","mythic","Creature","1.49","0.41","1.4","1.11","0.02","1.65","21162","",""
"67","W,U,B,R,G","3","Esika, God of the Tree","mythic","Creature","22.99","17.05","22.45","11.25","0.02","1.15","26187","",""
"68","R,G,W,U","4","Aragorn, the Uniter","mythic","Creature","7.49","5.99","7.01","5.69","0.02","0.75","23290","",""
"69","Colorless","6","Zhulodok, Void Gorger","mythic","Creature","39.99","47.05","42.1","4.53","5.73","1.37","21374","",""
"70","G","4","Radagast of Rhosgobel","rare","Creature","2.79","2.85","2.45","3.18","0.02","0","4234","",""
"71","G,U","3","Zimone, Infinite Analyst","mythic","Creature","0.99","0.66","1.05","0.36","","0","11274","",""
"72","R,W,B","4","Caesar, Legion's Emperor","mythic","Creature","4.99","7.18","4.91","0.44","","0.48","22870","",""
"73","B,G,U","3","Glarb, Calamity's Augur","mythic","Creature","5.49","3.8","5.61","4.11","0.02","0.36","24461","",""
"74","G,W,U","3","Helga, Skittish Seer","mythic","Creature","4.49","4.37","4.2","4.12","0.12","0.28","20348","",""
"75","W,B,G","4","Felothar the Steadfast","mythic","Creature","1.99","3.2","2.1","2.19","","0.33","20836","",""
"76","W,U,B","2","Hashaton, Scarab's Fist","mythic","Creature","0.99","0.88","1.05","1.23","3.27","0.67","27257","",""
"77","B,G","3","Blech, Loafing Pest","rare","Creature","0.49","0.38","0.53","0.13","0.02","0","13194","",""
"78","B,G","5","Ygra, Eater of All","mythic","Creature","14.99","11.86","14.73","7.69","0.09","0.93","23047","",""
"79","W,U,B","4","Jin Sakai, Ghost of Tsushima","mythic","Creature","119.99","101.01","112.28","89.25","","0","16879","",""
"80","G,U,R","3","Animar, Soul of Elements","mythic","Creature","24.99","18.98","28.06","23.51","0.07","1.05","23642","",""
"81","U,R,W","3","Kilo, Apogee Mind","mythic","Creature","0.99","2.08","1.05","0.72","2.0","0.39","19417","",""
"82","B,G","4","Meren of Clan Nel Toth","mythic","Creature","2.99","2.18","2.8","0.7","2.28","0.74","22342","",""
"83","W,U,B,R","7","Nissa, Leyline Tamer","mythic","Creature","6.99","2.27","5.61","1.51","","0","1962","",""
"84","W,U,B","6","Oloro, Ageless Ascetic","mythic","Creature","19.99","17.06","20.34","11.21","0.02","1.14","22582","",""
"85","R,W","4","Quintorius, History Chaser","mythic","Planeswalker","0.99","0.71","1.05","1.03","1.68","0","10092","",""
"86","B,G","3","Dina, Essence Brewer","mythic","Creature","3.49","2.21","3.5","1.87","","0","11514","",""
"87","U,B","4","Wilhelt, the Rotcleaver","mythic","Creature","9.99","9.45","10.52","1.95","3.57","0.52","22615","",""
"88","B,G,U","6","Muldrotha, the Gravetide","mythic","Creature","1.29","0.6","1.4","0.79","0.02","0.9","25325","",""
"89","B,R,G","3","Henzie ""Toolbox"" Torre","mythic","Creature","0.99","1.0","1.05","0.11","3.13","0.69","18860","",""
"90","U,R,W","5","Éowyn, Shieldmaiden","mythic","Creature","0.99","0.37","1.05","0.36","1.28","0.19","15326","",""
"91","W","6","Dack Fayden, Helping Hand","rare","Creature","1.49","0.73","2.1","0.26","","0","1892","",""
"92","W,U,B,R","4","Breya, Etherium Shaper","mythic","Creature","0.99","0.4","1.05","0.46","0.02","0.24","22564","",""
"93","W,U,B,R,G","4","Avatar Aang","mythic","Creature","2.99","3.56","45.61","3.6","0.02","0","20501","",""
"94","U,B,R","2","Norman Osborn","mythic","Creature","16.99","14.16","17.54","10.15","0.14","0.74","18861","",""
"95","W,B","4","Teysa Karlov","rare","Creature","2.99","1.9","2.8","1.18","0.02","0.53","21677","",""
"96","U,R","2","Tony Stark","mythic","Creature","4.99","3.87","4.91","4.6","0.06","0","7700","",""
"97","R,W,B","3","Mr. House, President and CEO","mythic","Creature","0.99","1.73","1.05","5.16","2.06","0.88","22977","",""
"98","R,G,W","4","Atla Palani, Nest Tender","mythic","Creature","0.99","1.14","1.05","0.52","0.23","0.55","21313","",""
"99","W,U","6","Bard, King of Dale","mythic","Creature","3.49","3.67","3.5","4.51","0.02","0","4153","",""
"100","R,W,B","3","Zurgo Stormrender","mythic","Creature","1.49","4.58","1.4","3.43","","0.28","21078","",""
"101","Colorless","","Marneus Calgar","","","","","","","","0","1766","",""
"102","Colorless","","Arcades, the Strategist","","","","","","","","0","1762","",""
"103","Colorless","","Doran, Besieged by Time","","","","","","","","0","1760","",""
"104","Colorless","","Flubs, the Fool","","","","","","","","0","1754","",""
"105","Colorless","","Gandalf, Party Guest","","","","","","","","0","1750","",""
"106","Colorless","","Gishath, Sun's Avatar","","","","","","","","0","1730","",""
"107","Colorless","","K'rrik, Son of Yawgmoth","","","","","","","","0","1718","",""
"108","Colorless","","Shorikai, Genesis Engine","","","","","","","","0","1709","",""
"109","Colorless","","The Necrobloom","","","","","","","","0","1691","",""
"110","Colorless","","The Wandering Minstrel","","","","","","","","0","1683","",""
"111","Colorless","","Urza, Lord High Artificer","","","","","","","","0","1665","",""
"112","Colorless","","Whtz, the Bibliophile","","","","","","","","0","1648","",""
"113","Colorless","","Tom Bombadil","","","","","","","","0","1646","",""
"114","Colorless","","Omnath, Locus of the Void","","","","","","","","0","1644","",""
"115","Colorless","","Uugguu, the Omniplasm","","","","","","","","0","1636","",""
"116","Colorless","","Magda, Brazen Outlaw","","","","","","","","0","1623","",""
"117","Colorless","","Bruce Banner","","","","","","","","0","1620","",""
"118","Colorless","","Avacyn, Angel of Horror","","","","","","","","0","1610","",""
"119","Colorless","","Choco, Seeker of Paradise","","","","","","","","0","1605","",""
"120","Colorless","","Zaxara, the Exemplary","","","","","","","","0","1581","",""
"121","Colorless","","Terra, Magical Adept","","","","","","","","0","1581","",""
"122","Colorless","","Xyris, the Writhing Storm","","","","","","","","0","1578","",""
"123","Colorless","","Tifa Lockhart","","","","","","","","0","1543","",""
"124","Colorless","","Homer, the Hermit","","","","","","","","0","1514","",""
"125","Colorless","","Smaug, Wicked Worm","","","","","","","","0","1508","",""
"126","Colorless","","Captain America, Team Leader","","","","","","","","0","1501","",""
"127","Colorless","","Inspirit, Flagship Vessel","","","","","","","","0","1499","",""
"128","Colorless","","Leonardo, the Balance // Michelangelo, the Heart","","","","","","","","0","1499","",""
"129","Colorless","","Aesi, Tyrant of Gyre Strait","","","","","","","","0","1498","",""
"130","Colorless","","Omnath, Locus of Creation","","","","","","","","0","1494","",""
"131","Colorless","","Saruman, the White Hand","","","","","","","","0","1479","",""
"132","Colorless","","Prosper, Tome-Bound","","","","","","","","0","1475","",""
"133","Colorless","","Ghyrson Starn, Kelermorph","","","","","","","","0","1472","",""
"134","Colorless","","Alela, Cunning Conqueror","","","","","","","","0","1465","",""
"135","Colorless","","Alela, Artful Provocateur","","","","","","","","0","1463","",""
"136","Colorless","","Zinnia, Valley's Voice","","","","","","","","0","1461","",""
"137","Colorless","","Arabella, Abandoned Doll","","","","","","","","0","1455","",""
"138","Colorless","","High Perfect Morcant","","","","","","","","0","1455","",""
"139","Colorless","","Zur the Enchanter","","","","","","","","0","1442","",""
"140","Colorless","","Hope Estheim","","","","","","","","0","1438","",""
"141","Colorless","","Atraxa, Grand Unifier","","","","","","","","0","1434","",""
"142","Colorless","","Kraum, Ludevic's Opus // Tymna the Weaver","","","","","","","","0","1419","",""
"143","Colorless","","Captain N'ghathrod","","","","","","","","0","1415","",""
"144","Colorless","","Etali, Primal Conqueror","","","","","","","","0","1409","",""
"145","Colorless","","Rootha, Mastering the Moment","","","","","","","","0","1409","",""
"146","Colorless","","Eshki, Temur's Roar","","","","","","","","0","1403","",""
"147","Colorless","","Ekthi, Contaminator Priest","","","","","","","","0","1403","",""
"148","Colorless","","Ghalta, Primal Hunger","","","","","","","","0","1402","",""
"149","Colorless","","Ragost, Deft Gastronaut","","","","","","","","0","1400","",""
"150","Colorless","","Cosmic Spider-Man","","","","","","","","0","1397","",""
"151","Colorless","","Zada, Hedron Grinder","","","","","","","","0","1394","",""
"152","Colorless","","Urtet, Remnant of Memnarch","","","","","","","","0","1384","",""
"153","Colorless","","The Unbeatable Squirrel Girl","","","","","","","","0","1377","",""
"154","Colorless","","Rocco, Street Chef","","","","","","","","0","1371","",""
"155","Colorless","","Winota, Joiner of Forces","","","","","","","","0","1359","",""
"156","Colorless","","Killian, Decisive Mentor","","","","","","","","0","1358","",""
"157","Colorless","","Captain America, First Avenger","","","","","","","","0","1357","",""
"158","Colorless","","Lord of the Nazgûl","","","","","","","","0","1355","",""
"159","Colorless","","Fire Lord Zuko","","","","","","","","0","1355","",""
"160","Colorless","","Prismari, the Inspiration","","","","","","","","0","1350","",""
"161","Colorless","","Kykar, Wind's Fury","","","","","","","","0","1335","",""
"162","Colorless","","Voja, Jaws of the Conclave","","","","","","","","0","1335","",""
"163","Colorless","","Urza, Chief Artificer","","","","","","","","0","1321","",""
"164","Colorless","","Eriette of the Charmed Apple","","","","","","","","0","1317","",""
"165","Colorless","","Tovolar, Dire Overlord","","","","","","","","0","1314","",""
"166","Colorless","","Iroh, Grand Lotus","","","","","","","","0","1311","",""
"167","Colorless","","Lightning, Army of One","","","","","","","","0","1308","",""
"168","Colorless","","The First Sliver","","","","","","","","0","1303","",""
"169","Colorless","","Nick Fury, Agent of S.H.I.E.L.D.","","","","","","","","0","1298","",""
"170","Colorless","","Magus Lucea Kane","","","","","","","","0","1297","",""
"171","Colorless","","Silverquill, the Disputant","","","","","","","","0","1289","",""
"172","Colorless","","Marchesa, the Black Rose","","","","","","","","0","1283","",""
"173","Colorless","","Kibo, Uktabi Prince","","","","","","","","0","1280","",""
"174","Colorless","","Golbez, Crystal Collector","","","","","","","","0","1279","",""
"175","Colorless","","Eluge, the Shoreless Sea","","","","","","","","0","1274","",""
"176","Colorless","","Obeka, Splitter of Seconds","","","","","","","","0","1271","",""
"177","Colorless","","Liesa, Shroud of Dusk","","","","","","","","0","1262","",""
"178","Colorless","","Be'lakor, the Dark Master","","","","","","","","0","1259","",""
"179","Colorless","","Celes, Rune Knight","","","","","","","","0","1253","",""
"180","Colorless","","Brago, King Eternal","","","","","","","","0","1242","",""
"181","Colorless","","Sidar Jabari of Zhalfir","","","","","","","","0","1242","",""
"182","Colorless","","Smaug the Magnificent","","","","","","","","0","1229","",""
"183","Colorless","","Go-Shintai of Life's Origin","","","","","","","","0","1228","",""
"184","Colorless","","Anti-Venom, Horrifying Healer","","","","","","","","0","1228","",""
"185","Colorless","","Rograkh, Son of Rohgahh // Thrasios, Triton Hero","","","","","","","","0","1226","",""
"186","Colorless","","Sefris of the Hidden Ways","","","","","","","","0","1226","",""
"187","Colorless","","Morophon, the Boundless","","","","","","","","0","1225","",""
"188","Colorless","","Massimo, the Magician","","","","","","","","0","1225","",""
"189","Colorless","","Atreus, Impulsive Son // Kratos, Stoic Father","","","","","","","","0","1205","",""
"190","Colorless","","Orvar, the All-Form","","","","","","","","0","1192","",""
"191","Colorless","","Kotis, the Fangkeeper","","","","","","","","0","1192","",""
"192","Colorless","","Yuna, Grand Summoner","","","","","","","","0","1192","",""
"193","Colorless","","Varina, Lich Queen","","","","","","","","0","1188","",""
"194","Colorless","","The Scarab God","","","","","","","","0","1187","",""
"195","Colorless","","Ezio Auditore da Firenze","","","","","","","","0","1187","",""
"196","Colorless","","Inalla, Archmage Ritualist","","","","","","","","0","1186","",""
"197","Colorless","","Niv-Mizzet, Parun","","","","","","","","0","1183","",""
"198","Colorless","","Sythis, Harvest's Hand","","","","","","","","0","1183","",""
"199","Colorless","","Raph & Mikey, Troublemakers","","","","","","","","0","1183","",""
"200","Colorless","","Sonic the Hedgehog","","","","","","","","0","1171","",""
"201","Colorless","","Ob Nixilis, Captive Kingpin","","","","","","","","0","1160","",""
"202","Colorless","","Dr. Eggman","","","","","","","","0","1146","",""
"203","Colorless","","T'Challa, the Black Panther","","","","","","","","0","1140","",""
"204","Colorless","","Crystal, Inhuman Princess","","","","","","","","0","1136","",""
"205","Colorless","","Raffine, Scheming Seer","","","","","","","","0","1133","",""
"206","Colorless","","Omnath, Locus of All","","","","","","","","0","1118","",""
"207","Colorless","","Rograkh, Son of Rohgahh // Silas Renn, Seeker Adept","","","","","","","","0","1111","",""
"208","Colorless","","Rakdos, Lord of Riots","","","","","","","","0","1108","",""
"209","Colorless","","Tivit, Seller of Secrets","","","","","","","","0","1085","",""
"210","Colorless","","Mendicant Core, Guidelight","","","","","","","","0","1083","",""
"211","Colorless","","Satoru Umezawa","","","","","","","","0","1081","",""
"212","Colorless","","Lorehold, the Historian","","","","","","","","0","1080","",""
"213","Colorless","","Zimone, Mystery Unraveler","","","","","","","","0","1077","",""
"214","Colorless","","Dihada, Binder of Wills","","","","","","","","0","1068","",""
"215","Colorless","","Vnwxt, Verbose Host","","","","","","","","0","1064","",""
"216","Colorless","","Sokka, Tenacious Tactician","","","","","","","","0","1063","",""
"217","Colorless","","Satya, Aetherflux Genius","","","","","","","","0","1054","",""
"218","Colorless","","Feather, the Redeemed","","","","","","","","0","1051","",""
"219","Colorless","","Tinybones, Bauble Burglar","","","","","","","","0","1046","",""
"220","Colorless","","Anikthea, Hand of Erebos","","","","","","","","0","1044","",""
"221","Colorless","","Fynn, the Fangbearer","","","","","","","","0","1038","",""
"222","Colorless","","Yarok, the Desecrated","","","","","","","","0","1037","",""
"223","Colorless","","Ghoulcaller Gisa","","","","","","","","0","1033","",""
"224","Colorless","","Chief of the Wilds","","","","","","","","0","1026","",""
"225","Colorless","","Kona, Rescue Beastie","","","","","","","","0","1025","",""
"226","Colorless","","Roxanne, Starfall Savant","","","","","","","","0","1020","",""
"227","Colorless","","Najeela, the Blade-Blossom","","","","","","","","0","1018","",""
"228","Colorless","","Omo, Queen of Vesuva","","","","","","","","0","1013","",""
"229","Colorless","","Eddie Brock","","","","","","","","0","1013","",""
"230","Colorless","","Tayam, Luminous Enigma","","","","","","","","0","1007","",""
"231","Colorless","","Alania, Divergent Storm","","","","","","","","0","1005","",""
"232","Colorless","","Ramos, Dragon Engine","","","","","","","","0","1003","",""
"233","Colorless","","Hazel of the Rootbloom","","","","","","","","0","1002","",""
"234","Colorless","","Hylda of the Icy Crown","","","","","","","","0","997","",""
"235","Colorless","","Sheoldred, the Apocalypse","","","","","","","","0","995","",""
"236","Colorless","","Ultron, Artificial Malevolence","","","","","","","","0","995","",""
"237","Colorless","","Tiamat","","","","","","","","0","990","",""
"238","Colorless","","Shelob, Child of Ungoliant","","","","","","","","0","990","",""
"239","Colorless","","Vren, the Relentless","","","","","","","","0","988","",""
"240","Colorless","","Arahbo, Roar of the World","","","","","","","","0","986","",""
"241","Colorless","","Ziatora, the Incinerator","","","","","","","","0","986","",""
"242","Colorless","","Edward Kenway","","","","","","","","0","980","",""
"243","Colorless","","Lumra, Bellow of the Woods","","","","","","","","0","977","",""
"244","Colorless","","Umbris, Fear Manifest","","","","","","","","0","974","",""
"245","Colorless","","Marrow-Gnawer","","","","","","","","0","973","",""
"246","Colorless","","Grand Arbiter Augustin IV","","","","","","","","0","973","",""
"247","Colorless","","Vihaan, Goldwaker","","","","","","","","0","961","",""
"248","Colorless","","Shilgengar, Sire of Famine","","","","","","","","0","955","",""
"249","Colorless","","The Notary Hobbits","","","","","","","","0","954","",""
"250","Colorless","","Tannuk, Memorial Ensign","","","","","","","","0","953","",""
"251","Colorless","","The Astonishing Ant-Man","","","","","","","","0","953","",""
"252","Colorless","","Veyran, Voice of Duality","","","","","","","","0","950","",""
"253","Colorless","","Wolverine, Best There Is","","","","","","","","0","950","",""
"254","Colorless","","Thrasios, Triton Hero // Tymna the Weaver","","","","","","","","0","937","",""
"255","Colorless","","Yusri, Fortune's Flame","","","","","","","","0","936","",""
"256","Colorless","","Niko, Light of Hope","","","","","","","","0","936","",""
"257","Colorless","","Ovika, Enigma Goliath","","","","","","","","0","930","",""
"258","Colorless","","Kastral, the Windcrested","","","","","","","","0","929","",""
"259","Colorless","","Ashling, Rekindled","","","","","","","","0","929","",""
"260","Colorless","","Judith, Carnage Connoisseur","","","","","","","","0","926","",""
"261","Colorless","","Ral, Monsoon Mage","","","","","","","","0","926","",""
"262","Colorless","","Indoraptor, the Perfect Hybrid","","","","","","","","0","925","",""
"263","Colorless","","Disa the Restless","","","","","","","","0","924","",""
"264","Colorless","","Jon Irenicus, Shattered One","","","","","","","","0","921","",""
"265","Colorless","","Namor the Sub-Mariner","","","","","","","","0","921","",""
"266","Colorless","","Queza, Augur of Agonies","","","","","","","","0","918","",""
"267","Colorless","","Derevi, Empyrial Tactician","","","","","","","","0","917","",""
"268","Colorless","","Tannuk, Steadfast Second","","","","","","","","0","912","",""
"269","Colorless","","Temmet, Naktamun's Will","","","","","","","","0","911","",""
"270","Colorless","","Brigid, Clachan's Heart","","","","","","","","0","911","",""
"271","Colorless","","Aloy, Savior of Meridian","","","","","","","","0","905","",""
"272","Colorless","","Tergrid, God of Fright","","","","","","","","0","895","",""
"273","Colorless","","Clavileño, First of the Blessed","","","","","","","","0","894","",""
"274","Colorless","","Xenagos, God of Revels","","","","","","","","0","892","",""
"275","Colorless","","Azlask, the Swelling Scourge","","","","","","","","0","892","",""
"276","Colorless","","Infinite Guideline Station","","","","","","","","0","892","",""
"277","Colorless","","Katara, the Fearless","","","","","","","","0","891","",""
"278","Colorless","","Aminatou, Veil Piercer","","","","","","","","0","889","",""
"279","Colorless","","Light-Paws, Emperor's Voice","","","","","","","","0","888","",""
"280","Colorless","","Squall, SeeD Mercenary","","","","","","","","0","888","",""
"281","Colorless","","Rocco, Cabaretti Caterer","","","","","","","","0","887","",""
"282","Colorless","","Wick, the Whorled Mind","","","","","","","","0","886","",""
"283","Colorless","","Zedruu the Greathearted","","","","","","","","0","885","",""
"284","Colorless","","Yurlok of Scorch Thrash","","","","","","","","0","885","",""
"285","Colorless","","Volo, Guide to Monsters","","","","","","","","0","883","",""
"286","Colorless","","Kratos, God of War","","","","","","","","0","883","",""
"287","Colorless","","Marina Vendrell","","","","","","","","0","881","",""
"288","Colorless","","Shadow the Hedgehog","","","","","","","","0","875","",""
"289","Colorless","","The Serpent Society","","","","","","","","0","870","",""
"290","Colorless","","Wayta, Trainer Prodigy","","","","","","","","0","866","",""
"291","Colorless","","Elda, Conjurer of Spectacle","","","","","","","","0","866","",""
"292","Colorless","","Shroofus Sproutsire","","","","","","","","0","864","",""
"293","Colorless","","Thalia and The Gitrog Monster","","","","","","","","0","861","",""
"294","Colorless","","Yennett, Cryptic Sovereign","","","","","","","","0","855","",""
"295","Colorless","","Brenard, Ginger Sculptor","","","","","","","","0","846","",""
"296","Colorless","","Nicol Bolas, the Ravager","","","","","","","","0","845","",""
"297","Colorless","","Deadpool, Trading Card","","","","","","","","0","845","",""
"298","Colorless","","Myrel, Shield of Argive","","","","","","","","0","842","",""
"299","Colorless","","Kudo, King Among Bears","","","","","","","","0","842","",""
"300","Colorless","","Karn, Gilded Guardian","","","","","","","","0","841","",""
"301","Colorless","","The Gitrog Monster","","","","","","","","0","836","",""
"302","Colorless","","Commodore Guff","","","","","","","","0","832","",""
"303","Colorless","","Storm, Force of Nature","","","","","","","","0","824","",""
"304","Colorless","","Narset, Enlightened Exile","","","","","","","","0","823","",""
"305","Colorless","","Ayula, Queen Among Bears","","","","","","","","0","822","",""
"306","Colorless","","Rendmaw, Creaking Nest","","","","","","","","0","817","",""
"307","Colorless","","The Jolly Balloon Man","","","","","","","","0","816","",""
"308","Colorless","","Lathliss, Dragon Queen","","","","","","","","0","814","",""
"309","Colorless","","Mirko, Obsessive Theorist","","","","","","","","0","808","",""
"310","Colorless","","Omnath, Locus of Mana","","","","","","","","0","807","",""
"311","Colorless","","Jaws, Relentless Predator","","","","","","","","0","805","",""
"312","Colorless","","Betor, Kin to All","","","","","","","","0","804","",""
"313","Colorless","","Captain Howler, Sea Scourge","","","","","","","","0","802","",""
"314","Colorless","","Slimefoot and Squee","","","","","","","","0","799","",""
"315","Colorless","","Rowan, Scion of War","","","","","","","","0","796","",""
"316","Colorless","","Saheeli, Radiant Creator","","","","","","","","0","792","",""
"317","Colorless","","The Muckslinger Gang","","","","","","","","0","791","",""
"318","Colorless","","Ultima, Origin of Oblivion","","","","","","","","0","787","",""
"319","Colorless","","Elas il-Kor, Sadistic Pilgrim","","","","","","","","0","785","",""
"320","Colorless","","Tatyova, Benthic Druid","","","","","","","","0","781","",""
"321","Colorless","","Lord Windgrace","","","","","","","","0","776","",""
"322","Colorless","","Strefan, Maurer Progenitor","","","","","","","","0","771","",""
"323","Colorless","","Bristly Bill, Spine Sower","","","","","","","","0","769","",""
"324","Colorless","","Dáin of the Ancient Halls","","","","","","","","0","769","",""
"325","Colorless","","The Mycotyrant","","","","","","","","0","768","",""
"326","Colorless","","Yidris, Maelstrom Wielder","","","","","","","","0","766","",""
"327","Colorless","","Lathiel, the Bounteous Dawn","","","","","","","","0","764","",""
"328","Colorless","","Tifa, Martial Artist","","","","","","","","0","762","",""
"329","Colorless","","Cloud, Midgar Mercenary","","","","","","","","0","758","",""
"330","Colorless","","Bria, Riptide Rogue","","","","","","","","0","757","",""
"331","Colorless","","Arna Kennerüd, Skycaptain","","","","","","","","0","753","",""
"332","Colorless","","Shiko and Narset, Unified","","","","","","","","0","749","",""
"333","Colorless","","Chulane, Teller of Tales","","","","","","","","0","748","",""
"334","Colorless","","Mishra, Eminent One","","","","","","","","0","748","",""
"335","Colorless","","Sliver Overlord","","","","","","","","0","747","",""
"336","Colorless","","Ojer Axonil, Deepest Might","","","","","","","","0","741","",""
"337","Colorless","","Uldaros Theorix","","","","","","","","0","741","",""
"338","Colorless","","The Mindskinner","","","","","","","","0","737","",""
"339","Colorless","","Jetmir, Nexus of Revels","","","","","","","","0","735","",""
"340","Colorless","","Ozai, the Phoenix King","","","","","","","","0","734","",""
"341","Colorless","","Blor the Impervious","","","","","","","","0","734","",""
"342","Colorless","","Ayara, First of Locthwain","","","","","","","","0","732","",""
"343","Colorless","","Indominus Rex, Alpha","","","","","","","","0","732","",""
"344","Colorless","","Braids, Arisen Nightmare","","","","","","","","0","727","",""
"345","Colorless","","Jodah, Archmage Eternal","","","","","","","","0","724","",""
"346","Colorless","","Marvo, Deep Operative","","","","","","","","0","722","",""
"347","Colorless","","The Madcap Jester","","","","","","","","0","720","",""
"348","Colorless","","Kambal, Profiteering Mayor","","","","","","","","0","717","",""
"349","Colorless","","Gev, Scaled Scorch","","","","","","","","0","717","",""
"350","Colorless","","Clive, Ifrit's Dominant","","","","","","","","0","717","",""
"351","Colorless","","Extus, Oriq Overlord","","","","","","","","0","716","",""
"352","Colorless","","Child of Alara","","","","","","","","0","708","",""
"353","Colorless","","Coram, the Undertaker","","","","","","","","0","708","",""
"354","Colorless","","Szarel, Genesis Shepherd","","","","","","","","0","708","",""
"355","Colorless","","Shirei, Shizo's Caretaker","","","","","","","","0","707","",""
"356","Colorless","","Kess, Dissident Mage","","","","","","","","0","707","",""
"357","Colorless","","Maelstrom Wanderer","","","","","","","","0","706","",""
"358","Colorless","","Dina, Soul Steeper","","","","","","","","0","705","",""
"359","Colorless","","Shalai and Hallar","","","","","","","","0","705","",""
"360","Colorless","","Phenax, God of Deception","","","","","","","","0","702","",""
"361","Colorless","","Obeka, Brute Chronologist","","","","","","","","0","702","",""
"362","Colorless","","Bilbo, Birthday Celebrant","","","","","","","","0","700","",""
"363","Colorless","","Breena, the Demagogue","","","","","","","","0","699","",""
"364","Colorless","","Tom, Bert, and William","","","","","","","","0","699","",""
"365","Colorless","","Thanos, the Mad Titan","","","","","","","","0","698","",""
"366","Colorless","","Codie, Vociferous Codex","","","","","","","","0","695","",""
"367","Colorless","","Ghave, Guru of Spores","","","","","","","","0","694","",""
"368","Colorless","","Minsc & Boo, Timeless Heroes","","","","","","","","0","693","",""
"369","Colorless","","Raggadragga, Goreguts Boss","","","","","","","","0","692","",""
"370","Colorless","","Sigarda, Font of Blessings","","","","","","","","0","692","",""
"371","Colorless","","Optimus Prime, Hero","","","","","","","","0","690","",""
"372","Colorless","","Syr Gwyn, Hero of Ashvale","","","","","","","","0","689","",""
"373","Colorless","","Tsagan, Raider Warlord","","","","","","","","0","689","",""
"374","Colorless","","Amalia Benavides Aguirre","","","","","","","","0","686","",""
"375","Colorless","","Admiral Brass, Unsinkable","","","","","","","","0","685","",""
"376","Colorless","","Okaun, Eye of Chaos // Zndrsplt, Eye of Wisdom","","","","","","","","0","683","",""
"377","Colorless","","Norin the Wary","","","","","","","","0","681","",""
"378","Colorless","","Gisa and Geralf","","","","","","","","0","680","",""
"379","Colorless","","Aragorn, King of Gondor","","","","","","","","0","679","",""
"380","Colorless","","Gonti, Canny Acquisitor","","","","","","","","0","676","",""
"381","Colorless","","Elsha, Threefold Master","","","","","","","","0","676","",""
"382","Colorless","","Omnath, Locus of Rage","","","","","","","","0","674","",""
"383","Colorless","","Finneas, Ace Archer","","","","","","","","0","673","",""
"384","Colorless","","Hei Bai, Forest Guardian","","","","","","","","0","673","",""
"385","Colorless","","Hazezon, Shaper of Sand","","","","","","","","0","668","",""
"386","Colorless","","Adrix and Nev, Twincasters","","","","","","","","0","665","",""
"387","Colorless","","Sidisi, Brood Tyrant","","","","","","","","0","663","",""
"388","Colorless","","Dogmeat, Ever Loyal","","","","","","","","0","662","",""
"389","Colorless","","Kiora, Sovereign of the Deep","","","","","","","","0","661","",""
"390","Colorless","","Thranduil, Sindarin Liege","","","","","","","","0","660","",""
"391","Colorless","","Sorin of House Markov","","","","","","","","0","655","",""
"392","Colorless","","Edea, Possessed Sorceress","","","","","","","","0","653","",""
"393","Colorless","","Peter Parker","","","","","","","","0","652","",""
"394","Colorless","","Elesh Norn, Mother of Machines","","","","","","","","0","648","",""
"395","Colorless","","The Emperor of Palamecia","","","","","","","","0","646","",""
"396","Colorless","","Athreos, God of Passage","","","","","","","","0","645","",""
"397","Colorless","","Gisa, the Hellraiser","","","","","","","","0","645","",""
"398","Colorless","","Ruric Thar, the Unbowed","","","","","","","","0","642","",""
"399","Colorless","","Thrasios, Triton Hero // Yoshimaru, Ever Faithful","","","","","","","","0","640","",""
"400","Colorless","","Kardur, Doomscourge","","","","","","","","0","639","",""
"401","Colorless","","Elenda, the Dusk Rose","","","","","","","","0","636","",""
"402","Colorless","","Yawgmoth, Thran Physician","","","","","","","","0","636","",""
"403","Colorless","","Stella Lee, Wild Card","","","","","","","","0","636","",""
"404","Colorless","","Gargos, Vicious Watcher","","","","","","","","0","635","",""
"405","Colorless","","Rivaz of the Claw","","","","","","","","0","631","",""
"406","Colorless","","Mabel, Heir to Cragflame","","","","","","","","0","630","",""
"407","Colorless","","Imotekh the Stormlord","","","","","","","","0","628","",""
"408","Colorless","","Kellan, the Kid","","","","","","","","0","628","",""
"409","Colorless","","Dwalin, Weaponmaster","","","","","","","","0","628","",""
"410","Colorless","","Splinter, Radical Rat","","","","","","","","0","627","",""
"411","Colorless","","Saruman of Many Colors","","","","","","","","0","626","",""
"412","Colorless","","Aminatou, the Fateshifter","","","","","","","","0","620","",""
"413","Colorless","","Alexios, Deimos of Kosmos","","","","","","","","0","620","",""
"414","Colorless","","Haldan, Avid Arcanist // Pako, Arcane Retriever","","","","","","","","0","618","",""
"415","Colorless","","Duskana, the Rage Mother","","","","","","","","0","618","",""
"416","Colorless","","Clement, the Worrywort","","","","","","","","0","618","",""
"417","Colorless","","Marisi, Breaker of the Coil","","","","","","","","0","615","",""
"418","Colorless","","Grolnok, the Omnivore","","","","","","","","0","614","",""
"419","Colorless","","Ardenn, Intrepid Archaeologist // Rograkh, Son of Rohgahh","","","","","","","","0","613","",""
"420","Colorless","","Sai, Master Thopterist","","","","","","","","0","612","",""
"421","Colorless","","Kadena, Slinking Sorcerer","","","","","","","","0","609","",""
"422","Colorless","","Kalamax, the Stormsire","","","","","","","","0","606","",""
"423","Colorless","","Skullbriar, the Walking Grave","","","","","","","","0","603","",""
"424","Colorless","","Ketramose, the New Dawn","","","","","","","","0","603","",""
"425","Colorless","","Neriv, Heart of the Storm","","","","","","","","0","603","",""
"426","Colorless","","Noctis, Prince of Lucis","","","","","","","","0","603","",""
"427","Colorless","","Jasmine Boreal of the Seven","","","","","","","","0","601","",""
"428","Colorless","","Prossh, Skyraider of Kher","","","","","","","","0","599","",""
"429","Colorless","","Kwain, Itinerant Meddler","","","","","","","","0","599","",""
"430","Colorless","","Sméagol, Helpful Guide","","","","","","","","0","599","",""
"431","Colorless","","Ardbert, Warrior of Darkness","","","","","","","","0","599","",""
"432","Colorless","","Quandrix, the Proof","","","","","","","","0","598","",""
"433","Colorless","","Jenova, Ancient Calamity","","","","","","","","0","597","",""
"434","Colorless","","King T'Challa","","","","","","","","0","597","",""
"435","Colorless","","Olag and Miau, New Friends","","","","","","","","0","596","",""
"436","Colorless","","Tuvasa the Sunlit","","","","","","","","0","595","",""
"437","Colorless","","Myrkul, Lord of Bones","","","","","","","","0","594","",""
"438","Colorless","","Nethroi, Apex of Death","","","","","","","","0","593","",""
"439","Colorless","","Toph, Hardheaded Teacher","","","","","","","","0","591","",""
"440","Colorless","","Jhoira, Weatherlight Captain","","","","","","","","0","589","",""
"441","Colorless","","Xavier Sal, Infested Captain","","","","","","","","0","588","",""
"442","Colorless","","Ognis, the Dragon's Lash","","","","","","","","0","587","",""
"443","Colorless","","Zoraline, Cosmos Caller","","","","","","","","0","581","",""
"444","Colorless","","Gluntch, the Bestower","","","","","","","","0","580","",""
"445","Colorless","","Saskia the Unyielding","","","","","","","","0","579","",""
"446","Colorless","","Marwyn, the Nurturer","","","","","","","","0","579","",""
"447","Colorless","","Toph, Earthbending Master","","","","","","","","0","578","",""
"448","Colorless","","Karador, Ghost Chieftain","","","","","","","","0","577","",""
"449","Colorless","","The Infamous Cruelclaw","","","","","","","","0","576","",""
"450","Colorless","","Miles Morales","","","","","","","","0","576","",""
"451","Colorless","","Scion of the Ur-Dragon","","","","","","","","0","575","",""
"452","Colorless","","Selvala, Heart of the Wilds","","","","","","","","0","575","",""
"453","Colorless","","Minn, Wily Illusionist","","","","","","","","0","575","",""
"454","Colorless","","Elminster","","","","","","","","0","575","",""
"455","Colorless","","Morska, Undersea Sleuth","","","","","","","","0","575","",""
"456","Colorless","","The Destined Warrior","","","","","","","","0","575","",""
"457","Colorless","","Yuna, Hope of Spira","","","","","","","","0","574","",""
"458","Colorless","","Syr Konrad, the Grim","","","","","","","","0","573","",""
"459","Colorless","","Goro-Goro and Satoru","","","","","","","","0","572","",""
"460","Colorless","","Lynde, Cheerful Tormentor","","","","","","","","0","571","",""
"461","Colorless","","Karlov of the Ghost Council","","","","","","","","0","569","",""
"462","Colorless","","The Master of Keys","","","","","","","","0","569","",""
"463","Colorless","","Marchesa, Dealer of Death","","","","","","","","0","568","",""
"464","Colorless","","Toxrill, the Corrosive","","","","","","","","0","565","",""
"465","Colorless","","Pramikon, Sky Rampart","","","","","","","","0","563","",""
"466","Colorless","","Koma, Cosmos Serpent","","","","","","","","0","563","",""
"467","Colorless","","Grist, the Hunger Tide","","","","","","","","0","562","",""
"468","Colorless","","Jinnie Fay, Jetmir's Second","","","","","","","","0","560","",""
"469","Colorless","","Brimaz, Blight of Oreskos","","","","","","","","0","556","",""
"470","Colorless","","The Locust God","","","","","","","","0","554","",""
"471","Colorless","","Brudiclad, Telchor Engineer","","","","","","","","0","554","",""
"472","Colorless","","Mister Negative","","","","","","","","0","553","",""
"473","Colorless","","Arthur, Marigold Knight","","","","","","","","0","552","",""
"474","Colorless","","Emry, Lurker of the Loch","","","","","","","","0","550","",""
"475","Colorless","","The Reaper, King No More","","","","","","","","0","550","",""
"476","Colorless","","Rat King, Verminister","","","","","","","","0","549","",""
"477","Colorless","","Muddle, the Ever-Changing","","","","","","","","0","549","",""
"478","Colorless","","Millicent, Restless Revenant","","","","","","","","0","548","",""
"479","Colorless","","Ellivere of the Wild Court","","","","","","","","0","548","",""
"480","Colorless","","Reaper King","","","","","","","","0","546","",""
"481","Colorless","","The Gitrog, Ravenous Ride","","","","","","","","0","546","",""
"482","Colorless","","Ashaya's Enduring Bond","","","","","","","","0","546","",""
"483","Colorless","","Emmara, Soul of the Accord","","","","","","","","0","545","",""
"484","Colorless","","Iron Man, Titan of Innovation","","","","","","","","0","543","",""
"485","Colorless","","Talrand, Sky Summoner","","","","","","","","0","541","",""
"486","Colorless","","Eshki Dragonclaw","","","","","","","","0","541","",""
"487","Colorless","","Bre of Clan Stoutarm","","","","","","","","0","541","",""
"488","Colorless","","Maular, the Next Evolution","","","","","","","","0","541","",""
"489","Colorless","","Ezuri, Claw of Progress","","","","","","","","0","540","",""
"490","Colorless","","Maarika, Brutal Gladiator","","","","","","","","0","540","",""
"491","Colorless","","Lady Octopus, Inspired Inventor","","","","","","","","0","540","",""
"492","Colorless","","Aang, at the Crossroads","","","","","","","","0","540","",""
"493","Colorless","","Atarka, World Render","","","","","","","","0","539","",""
"494","Colorless","","Winter, Misanthropic Guide","","","","","","","","0","539","",""
"495","Colorless","","Winter, Cynical Opportunist","","","","","","","","0","538","",""
"496","Colorless","","Juri, Master of the Revue","","","","","","","","0","537","",""
"497","Colorless","","Sen Triplets","","","","","","","","0","536","",""
"498","Colorless","","Thantis, the Warweaver","","","","","","","","0","536","",""
"499","Colorless","","Evereth, Viceroy of Plunder","","","","","","","","0","536","",""
"500","Colorless","","Ratadrabik of Urborg","","","","","","","","0","535","",""
"501","Colorless","","Karametra, God of Harvests","","","","","","","","0","533","",""
"502","Colorless","","Goreclaw, Terror of Qal Sisma","","","","","","","","0","533","",""
"503","Colorless","","Sami, Wildcat Captain","","","","","","","","0","533","",""
"504","Colorless","","Zimone and Dina","","","","","","","","0","529","",""
"505","Colorless","","Astarion, the Decadent","","","","","","","","0","527","",""
"506","Colorless","","The Lord of Pain","","","","","","","","0","526","",""
"507","Colorless","","Azusa, Lost but Seeking","","","","","","","","0","524","",""
"508","Colorless","","Abaddon the Despoiler","","","","","","","","0","522","",""
"509","Colorless","","Nahiri, Forged in Fury","","","","","","","","0","521","",""
"510","Colorless","","Sophia, Dogged Detective","","","","","","","","0","520","",""
"511","Colorless","","Imoti, Celebrant of Bounty","","","","","","","","0","518","",""
"512","Colorless","","The Mimeoplasm","","","","","","","","0","517","",""
"513","Colorless","","Syr Vondam, Sunstar Exemplar","","","","","","","","0","516","",""
"514","Colorless","","Magar of the Magic Strings","","","","","","","","0","515","",""
"515","Colorless","","Eirdu, Carrier of Dawn","","","","","","","","0","515","",""
"516","Colorless","","Don Andres, the Renegade","","","","","","","","0","514","",""
"517","Colorless","","Liliana, Heretical Healer","","","","","","","","0","513","",""
"518","Colorless","","Camellia, the Seedmiser","","","","","","","","0","513","",""
"519","Colorless","","The Beamtown Bullies","","","","","","","","0","511","",""
"520","Colorless","","Sin, Spira's Punishment","","","","","","","","0","511","",""
"521","Colorless","","Molecule Man","","","","","","","","0","511","",""
"522","Colorless","","Anowon, the Ruin Thief","","","","","","","","0","510","",""
"523","Colorless","","Delney, Streetwise Lookout","","","","","","","","0","510","",""
"524","Colorless","","Noctis, Heir Apparent","","","","","","","","0","509","",""
"525","Colorless","","Baral, Chief of Compliance","","","","","","","","0","506","",""
"526","Colorless","","Megatron, Tyrant","","","","","","","","0","506","",""
"527","Colorless","","Kenessos, Priest of Thassa","","","","","","","","0","506","",""
"528","Colorless","","Talion, the Kindly Lord","","","","","","","","0","505","",""
"529","Colorless","","Mr. Foxglove","","","","","","","","0","505","",""
"530","Colorless","","Itazura, Lingering Wick","","","","","","","","0","505","",""
"531","Colorless","","Greasefang, Okiba Boss","","","","","","","","0","504","",""
"532","Colorless","","Narci, Fable Singer","","","","","","","","0","504","",""
"533","Colorless","","Yuma, Proud Protector","","","","","","","","0","504","",""
"534","Colorless","","Laughing Jasper Flint","","","","","","","","0","503","",""
"535","Colorless","","Heliod, the Radiant Dawn","","","","","","","","0","502","",""
"536","Colorless","","The Queen of Dale","","","","","","","","0","502","",""
"537","Colorless","","Gwen Stacy","","","","","","","","0","498","",""
"538","Colorless","","Jace, Vryn's Prodigy","","","","","","","","0","495","",""
"539","Colorless","","Heroes in a Half Shell","","","","","","","","0","493","",""
"540","Colorless","","Jarad, Golgari Lich Lord","","","","","","","","0","491","",""
"541","Colorless","","Hinata, Dawn-Crowned","","","","","","","","0","491","",""
"542","Colorless","","Riku of Many Paths","","","","","","","","0","489","",""
"543","Colorless","","Zur, Eternal Schemer","","","","","","","","0","488","",""
"544","Colorless","","Ghired, Mirror of the Wilds","","","","","","","","0","487","",""
"545","Colorless","","Mister Fantastic","","","","","","","","0","487","",""
"546","Colorless","","Geist of Saint Thalia","","","","","","","","0","487","",""
"547","Colorless","","Felothar, Dawn of the Abzan","","","","","","","","0","485","",""
"548","Colorless","","Zethi, Arcane Blademaster","","","","","","","","0","484","",""
"549","Colorless","","Ares, God of War","","","","","","","","0","482","",""
"550","Colorless","","Ixhel, Scion of Atraxa","","","","","","","","0","477","",""
"551","Colorless","","Loot, the Anomaly","","","","","","","","0","477","",""
"552","Colorless","","Jan Jansen, Chaos Crafter","","","","","","","","0","472","",""
"553","Colorless","","Gwenom, Remorseless","","","","","","","","0","472","",""
"554","Colorless","","Karn, Legacy Reforged","","","","","","","","0","471","",""
"555","Colorless","","Slinza, the Spiked Stampede","","","","","","","","0","469","",""
"556","Colorless","","Magnus the Red","","","","","","","","0","467","",""
"557","Colorless","","Herigast, Erupting Nullkite","","","","","","","","0","467","",""
"558","Colorless","","Tamiyo, Inquisitive Student","","","","","","","","0","467","",""
"559","Colorless","","Grub, Storied Matriarch","","","","","","","","0","466","",""
"560","Colorless","","Aurelia, the Warleader","","","","","","","","0","465","",""
"561","Colorless","","Ruby, Daring Tracker","","","","","","","","0","465","",""
"562","Colorless","","Slimefoot, the Stowaway","","","","","","","","0","464","",""
"563","Colorless","","General Ferrous Rokiric","","","","","","","","0","464","",""
"564","Colorless","","Nelly Borca, Impulsive Accuser","","","","","","","","0","464","",""
"565","Colorless","","Sauron, Lord of the Rings","","","","","","","","0","463","",""
"566","Colorless","","Lyra, Tolarian Archangel","","","","","","","","0","463","",""
"567","Colorless","","Carth the Lion","","","","","","","","0","462","",""
"568","Colorless","","Chishiro, the Shattered Blade","","","","","","","","0","462","",""
"569","Colorless","","G'raha Tia, Scion Reborn","","","","","","","","0","462","",""
"570","Colorless","","Hapatra, Vizier of Poisons","","","","","","","","0","460","",""
"571","Colorless","","Bruvac the Grandiloquent","","","","","","","","0","458","",""
"572","Colorless","","Runo Stromkirk","","","","","","","","0","458","",""
"573","Colorless","","Tasha, the Witch Queen","","","","","","","","0","458","",""
"574","Colorless","","Merry, Warden of Isengard // Pippin, Warden of Isengard","","","","","","","","0","457","",""
"575","Colorless","","Grizzlegom, Hurloon Hero","","","","","","","","0","457","",""
"576","Colorless","","Zurgo, Thunder's Decree","","","","","","","","0","454","",""
"577","Colorless","","Arzakon","","","","","","","","0","454","",""
"578","Colorless","","Saheeli, Jewel of Avishkar","","","","","","","","0","454","",""
"579","Colorless","","Kozilek, the Great Distortion","","","","","","","","0","453","",""
"580","Colorless","","The Council of Four","","","","","","","","0","453","",""
"581","Colorless","","Arixmethes, Slumbering Isle","","","","","","","","0","452","",""
"582","Colorless","","Loot, Exuberant Explorer","","","","","","","","0","452","",""
"583","Colorless","","Baron Helmut Zemo","","","","","","","","0","451","",""
"584","Colorless","","Dargo, the Shipwrecker // Tymna the Weaver","","","","","","","","0","450","",""
"585","Colorless","","Thorin Oakenshield","","","","","","","","0","450","",""
"586","Colorless","","Grenzo, Dungeon Warden","","","","","","","","0","449","",""
"587","Colorless","","Primo, the Unbounded","","","","","","","","0","449","",""
"588","Colorless","","Vincent Valentine","","","","","","","","0","446","",""
"589","Colorless","","Imodane, the Pyrohammer","","","","","","","","0","445","",""
"590","Colorless","","Hamza, Guardian of Arashin","","","","","","","","0","443","",""
"591","Colorless","","The Cabbage Merchant","","","","","","","","0","442","",""
"592","Colorless","","Baba Lysaga, Night Witch","","","","","","","","0","441","",""
"592","Colorless","","Nine-Fingers Keene","","","","","","","","0","441","",""
"594","Colorless","","Anim Pakal, Thousandth Moon","","","","","","","","0","441","",""
"595","Colorless","","Bruenor Battlehammer","","","","","","","","0","440","",""
"596","Colorless","","Solphim, Mayhem Dominus","","","","","","","","0","440","",""
"597","Colorless","","Selvala, Explorer Returned","","","","","","","","0","439","",""
"598","Colorless","","Carmen, Cruel Skymarcher","","","","","","","","0","439","",""
"599","Colorless","","Niv-Mizzet, Visionary","","","","","","","","0","439","",""
"600","Colorless","","Xu-Ifit, Osteoharmonist","","","","","","","","0","439","",""
"601","Colorless","","Tasigur, the Golden Fang","","","","","","","","0","437","",""
"602","Colorless","","Tinybones, Trinket Thief","","","","","","","","0","437","",""
"603","Colorless","","Davros, Dalek Creator","","","","","","","","0","437","",""
"604","Colorless","","Teval, Arbiter of Virtue","","","","","","","","0","437","",""
"605","Colorless","","Sokka and Suki","","","","","","","","0","437","",""
"606","Colorless","","Anje Falkenrath","","","","","","","","0","434","",""
"607","Colorless","","Karumonix, the Rat King","","","","","","","","0","434","",""
"608","Colorless","","Loki, the Deceiver","","","","","","","","0","434","",""
"609","Colorless","","Ivy, Gleeful Spellthief","","","","","","","","0","433","",""
"610","Colorless","","Super-Skrull","","","","","","","","0","432","",""
"611","Colorless","","Altaïr Ibn-La'Ahad","","","","","","","","0","430","",""
"612","Colorless","","Savra, Queen of the Golgari","","","","","","","","0","428","",""
"613","Colorless","","Aziza, Mage Tower Captain","","","","","","","","0","428","",""
"614","Colorless","","Darien, King of Kjeldor","","","","","","","","0","427","",""
"615","Colorless","","Samwise Gamgee","","","","","","","","0","427","",""
"616","Colorless","","Agatha of the Vile Cauldron","","","","","","","","0","427","",""
"617","Colorless","","Mizzix of the Izmagnus","","","","","","","","0","426","",""
"618","Colorless","","Galazeth Prismari","","","","","","","","0","426","",""
"619","Colorless","","Kros, Defense Contractor","","","","","","","","0","426","",""
"620","Colorless","","Taii Wakeen, Perfect Shot","","","","","","","","0","425","",""
"621","Colorless","","Heliod, Sun-Crowned","","","","","","","","0","422","",""
"622","Colorless","","Blim, Comedic Genius","","","","","","","","0","421","",""
"623","Colorless","","Garth One-Eye","","","","","","","","0","419","",""
"624","Colorless","","Kelsien, the Plague","","","","","","","","0","418","",""
"625","Colorless","","Kyler, Sigardian Emissary","","","","","","","","0","415","",""
"626","Colorless","","Anhelo, the Painter","","","","","","","","0","415","",""
"627","Colorless","","Olivia, Opulent Outlaw","","","","","","","","0","415","",""
"628","Colorless","","Pia, Aether Ascetic","","","","","","","","0","414","",""
"629","Colorless","","Alesha, Who Smiles at Death","","","","","","","","0","413","",""
"630","Colorless","","Averna, the Chaos Bloom","","","","","","","","0","413","",""
"630","Colorless","","Araumi of the Dead Tide","","","","","","","","0","413","",""
"632","Colorless","","Osgir, the Reconstructor","","","","","","","","0","412","",""
"633","Colorless","","Muerra, Trash Tactician","","","","","","","","0","412","",""
"634","Colorless","","Zurgo Helmsmasher","","","","","","","","0","411","",""
"635","Colorless","","Anzrag, the Quake-Mole","","","","","","","","0","411","",""
"636","Colorless","","Cayth, Famed Mechanist","","","","","","","","0","411","",""
"637","Colorless","","Faldorn, Dread Wolf Herald","","","","","","","","0","410","",""
"638","Colorless","","Rhys the Redeemed","","","","","","","","0","409","",""
"639","Colorless","","Narset, Enlightened Master","","","","","","","","0","406","",""
"640","Colorless","","Dr. Madison Li","","","","","","","","0","406","",""
"641","Colorless","","Black Waltz No. 3","","","","","","","","0","406","",""
"642","Colorless","","Ellie, Brick Master // Joel, Resolute Survivor","","","","","","","","0","405","",""
"643","Colorless","","Silvar, Devourer of the Free // Trynn, Champion of Freedom","","","","","","","","0","404","",""
"644","Colorless","","Belbe, Corrupted Observer","","","","","","","","0","403","",""
"645","Colorless","","Lonis, Cryptozoologist","","","","","","","","0","402","",""
"646","Colorless","","The Scarlet Witch","","","","","","","","0","402","",""
"647","Colorless","","Thranduil the Strategist","","","","","","","","0","402","",""
"648","Colorless","","Galadriel of Lothlórien","","","","","","","","0","400","",""
"649","Colorless","","Azami, Lady of Scrolls","","","","","","","","0","399","",""
"650","Colorless","","Ishai, Ojutai Dragonspeaker // Rograkh, Son of Rohgahh","","","","","","","","0","399","",""
"651","Colorless","","Raphael, Fiendish Savior","","","","","","","","0","399","",""
"652","Colorless","","Ghalta the Immovable","","","","","","","","0","399","",""
"653","Colorless","","Mogis, God of Slaughter","","","","","","","","0","397","",""
"654","Colorless","","Felix Five-Boots","","","","","","","","0","396","",""
"655","Colorless","","Zilortha, Strength Incarnate","","","","","","","","0","395","",""
"656","Colorless","","Phelia, Exuberant Shepherd","","","","","","","","0","394","",""
"657","Colorless","","Six","","","","","","","","0","391","",""
"658","Colorless","","Sokrates, Athenian Teacher","","","","","","","","0","391","",""
"659","Colorless","","Maha, Its Feathers Night","","","","","","","","0","391","",""
"660","Colorless","","Bilbo, Thief in the Night","","","","","","","","0","390","",""
"661","Colorless","","Aerith Gainsborough","","","","","","","","0","389","",""
"662","Colorless","","Super Shredder","","","","","","","","0","389","",""
"663","Colorless","","The Fantastic Four","","","","","","","","0","389","",""
"664","Colorless","","Imskir Iron-Eater","","","","","","","","0","385","",""
"665","Colorless","","Loot, the Pathfinder","","","","","","","","0","385","",""
"666","Colorless","","Krark, the Thumbless // Sakashima of a Thousand Faces","","","","","","","","0","384","",""
"667","Colorless","","Seluma, Light of Aysen","","","","","","","","0","384","",""
"668","Colorless","","Minthara, Merciless Soul","","","","","","","","0","382","",""
"669","Colorless","","Kresh the Bloodbraided","","","","","","","","0","381","",""
"670","Colorless","","Kediss, Emberclaw Familiar // Malcolm, Keen-Eyed Navigator","","","","","","","","0","379","",""
"671","Colorless","","The Tenth Doctor // Rose Tyler","","","","","","","","0","379","",""
"672","Colorless","","Gonti, Night Minister","","","","","","","","0","379","",""
"673","Colorless","","Zacama, Primal Calamity","","","","","","","","0","378","",""
"674","Colorless","","Asmoranomardicadaistinaculdacar","","","","","","","","0","378","",""
"675","Colorless","","Massacre Girl, Known Killer","","","","","","","","0","378","",""
"676","Colorless","","Teysa, Orzhov Scion","","","","","","","","0","374","",""
"677","Colorless","","Riku of Two Reflections","","","","","","","","0","373","",""
"678","Colorless","","Progenitus","","","","","","","","0","372","",""
"679","Colorless","","Liliana the Faultless","","","","","","","","0","372","",""
"680","Colorless","","Ashling, Flame Dancer","","","","","","","","0","371","",""
"681","Colorless","","Galea, Kindler of Hope","","","","","","","","0","370","",""
"682","Colorless","","Emet-Selch, Unsundered","","","","","","","","0","370","",""
"683","Colorless","","Aerith, Last Ancient","","","","","","","","0","370","",""
"684","Colorless","","The Sentry, Golden Guardian","","","","","","","","0","370","",""
"685","Colorless","","Uril, the Miststalker","","","","","","","","0","369","",""
"686","Colorless","","Jorn, God of Winter","","","","","","","","0","369","",""
"687","Colorless","","Cormela, Glamour Thief","","","","","","","","0","369","",""
"688","Colorless","","Nephilim Epochal","","","","","","","","0","369","",""
"689","Colorless","","Olinda the Oblivious","","","","","","","","0","368","",""
"690","Colorless","","Grimgrin, Corpse-Born","","","","","","","","0","366","",""
"691","Colorless","","Xantcha, Sleeper Agent","","","","","","","","0","365","",""
"692","Colorless","","Jared Carthalion","","","","","","","","0","365","",""
"693","Colorless","","Vazi, Keen Negotiator","","","","","","","","0","364","",""
"694","Colorless","","Knuckles the Echidna","","","","","","","","0","364","",""
"695","Colorless","","Kumena, Tyrant of Orazca","","","","","","","","0","363","",""
"696","Colorless","","Halana and Alena, Partners","","","","","","","","0","362","",""
"697","Colorless","","Jin-Gitaxias","","","","","","","","0","362","",""
"698","Colorless","","Tatsunari, Toad Rider","","","","","","","","0","361","",""
"699","Colorless","","Elsha of the Infinite","","","","","","","","0","360","",""
"700","Colorless","","Otharri, Suns' Glory","","","","","","","","0","360","",""
"701","Colorless","","Owen Grady, Raptor Trainer // Blue, Loyal Raptor","","","","","","","","0","360","",""
"702","Colorless","","Ginger, Queen of Sweets","","","","","","","","0","360","",""
"703","Colorless","","Vito, Thorn of the Dusk Rose","","","","","","","","0","359","",""
"704","Colorless","","Kruphix, God of Horizons","","","","","","","","0","357","",""
"705","Colorless","","Gavi, Nest Warden","","","","","","","","0","357","",""
"706","Colorless","","Vishgraz, the Doomhive","","","","","","","","0","357","",""
"707","Colorless","","Urabrask","","","","","","","","0","357","",""
"708","Colorless","","The Watcher in the Water","","","","","","","","0","356","",""
"709","Colorless","","Odric, Lunarch Marshal","","","","","","","","0","355","",""
"710","Colorless","","Sergeant John Benton","","","","","","","","0","355","",""
"711","Colorless","","Braids, Conjurer Adept","","","","","","","","0","354","",""
"712","Colorless","","Vorinclex, Monstrous Raider","","","","","","","","0","354","",""
"713","Colorless","","Abdel Adrian, Gorion's Ward // Candlekeep Sage","","","","","","","","0","353","",""
"714","Colorless","","Illuna, Apex of Wishes","","","","","","","","0","351","",""
"715","Colorless","","Bjorna, Nightfall Alchemist // Wernog, Rider's Chaplain","","","","","","","","0","351","",""
"716","Colorless","","Dionus, Elvish Archdruid","","","","","","","","0","351","",""
"717","Colorless","","Garland, Royal Kidnapper","","","","","","","","0","351","",""
"718","Colorless","","Mayael the Anima","","","","","","","","0","350","",""
"719","Colorless","","Kathril, Aspect Warper","","","","","","","","0","350","",""
"719","Colorless","","Cazur, Ruthless Stalker // Ukkima, Stalking Shadow","","","","","","","","0","350","",""
"721","Colorless","","Ganax, Astral Hunter // Acolyte of Bahamut","","","","","","","","0","350","",""
"722","Colorless","","Mm'menon, the Right Hand","","","","","","","","0","349","",""
"723","Colorless","","Trelasarra, Moon Dancer","","","","","","","","0","348","",""
"724","Colorless","","Liberty Prime, Recharged","","","","","","","","0","347","",""
"725","Colorless","","Rakdos, the Muscle","","","","","","","","0","346","",""
"726","Colorless","","The Mighty Thor, Jane Foster","","","","","","","","0","346","",""
"727","Colorless","","Purphoros, God of the Forge","","","","","","","","0","345","",""
"728","Colorless","","Zask, Skittering Swarmlord","","","","","","","","0","345","",""
"729","Colorless","","Captain America, Living Legend","","","","","","","","0","345","",""
"730","Colorless","","Oviya, Automech Artisan","","","","","","","","0","344","",""
"731","Colorless","","Garnet, Princess of Alexandria","","","","","","","","0","344","",""
"732","Colorless","","Leonardo da Vinci","","","","","","","","0","343","",""
"733","Colorless","","Karona, False God","","","","","","","","0","341","",""
"734","Colorless","","Kami of the Crescent Moon","","","","","","","","0","341","",""
"735","Colorless","","Malik, Grim Manipulator","","","","","","","","0","341","",""
"736","Colorless","","Adeline, Resplendent Cathar","","","","","","","","0","341","",""
"737","Colorless","","Ian Malcolm, Chaotician","","","","","","","","0","341","",""
"738","Colorless","","Sephiroth, Fallen Hero","","","","","","","","0","341","",""
"739","Colorless","","Nathan Drake, Treasure Hunter","","","","","","","","0","341","",""
"740","Colorless","","Iroh, Tea Master","","","","","","","","0","341","",""
"741","Colorless","","Horobi, Death's Wail","","","","","","","","0","340","",""
"742","Colorless","","Kutzil, Malamet Exemplar","","","","","","","","0","340","",""
"743","Colorless","","Gornog, the Red Reaper","","","","","","","","0","339","",""
"744","Colorless","","Avacyn, Angel of Hope","","","","","","","","0","338","",""
"745","Colorless","","Bumi, Unleashed","","","","","","","","0","338","",""
"746","Colorless","","Jolene, the Plunder Queen","","","","","","","","0","337","",""
"747","Colorless","","Frodo, Sauron's Bane","","","","","","","","0","337","",""
"748","Colorless","","Niv-Mizzet Reborn","","","","","","","","0","336","",""
"749","Colorless","","King of the Oathbreakers","","","","","","","","0","336","",""
"750","Colorless","","Plagon, Lord of the Beach","","","","","","","","0","336","",""
"751","Colorless","","Fblthp, Impossibly Lost","","","","","","","","0","336","",""
"752","Colorless","","Nikya of the Old Ways","","","","","","","","0","335","",""
"753","Colorless","","Marath, Will of the Wild","","","","","","","","0","334","",""
"754","Colorless","","Neera, Wild Mage","","","","","","","","0","334","",""
"755","Colorless","","Ardyn, the Usurper","","","","","","","","0","334","",""
"756","Colorless","","Alesha, Who Laughs at Fate","","","","","","","","0","333","",""
"757","Colorless","","Baru, Wurmspeaker","","","","","","","","0","332","",""
"758","Colorless","","Zenos yae Galvus","","","","","","","","0","332","",""
"759","Colorless","","Dark Leo & Shredder","","","","","","","","0","330","",""
"760","Colorless","","Zirda, the Dawnwaker","","","","","","","","0","328","",""
"761","Colorless","","Will, Scion of Peace","","","","","","","","0","328","",""
"762","Colorless","","Daretti, Scrap Savant","","","","","","","","0","327","",""
"763","Colorless","","Chandra, Fire of Kaladesh","","","","","","","","0","327","",""
"764","Colorless","","Yargle and Multani","","","","","","","","0","327","",""
"765","Colorless","","Sovereign Okinec Ahau","","","","","","","","0","327","",""
"766","Colorless","","Thor, God of Thunder","","","","","","","","0","327","",""
"767","Colorless","","Jhoira of the Ghitu","","","","","","","","0","326","",""
"768","Colorless","","Rafiq of the Many","","","","","","","","0","326","",""
"769","Colorless","","Aphelia, Viper Whisperer","","","","","","","","0","325","",""
"770","Colorless","","Amy Rose","","","","","","","","0","324","",""
"771","Colorless","","Archelos, Lagoon Mystic","","","","","","","","0","321","",""
"772","Colorless","","Falco Spara, Pactweaver","","","","","","","","0","321","",""
"773","Colorless","","Slicer, Hired Muscle","","","","","","","","0","321","",""
"774","Colorless","","Liliana the Repentant","","","","","","","","0","320","",""
"775","Colorless","","Gix, Yawgmoth Praetor","","","","","","","","0","319","",""
"776","Colorless","","Kamiz, Obscura Oculus","","","","","","","","0","318","",""
"777","Colorless","","Vadrik, Astral Archmage","","","","","","","","0","315","",""
"778","Colorless","","Zagorka, Mother of Sanctum","","","","","","","","0","315","",""
"779","Colorless","","Admiral Beckett Brass","","","","","","","","0","313","",""
"780","Colorless","","Orah, Skyclave Hierophant","","","","","","","","0","313","",""
"780","Colorless","","Ashaya, Soul of the Wild","","","","","","","","0","313","",""
"782","Colorless","","River Song","","","","","","","","0","313","",""
"783","Colorless","","Jennifer Walters","","","","","","","","0","313","",""
"784","Colorless","","The Unluckiest Planeswalker","","","","","","","","0","313","",""
"785","Colorless","","Ghired, Conclave Exile","","","","","","","","0","312","",""
"786","Colorless","","Neheb, the Eternal","","","","","","","","0","311","",""
"787","Colorless","","Firesong and Sunspeaker","","","","","","","","0","311","",""
"788","Colorless","","Beledros Witherbloom","","","","","","","","0","311","",""
"789","Colorless","","Black Panther, Wakandan King","","","","","","","","0","311","",""
"790","Colorless","","Katara, Waterbending Master","","","","","","","","0","311","",""
"791","Colorless","","Vaevictis Asmadi, the Dire","","","","","","","","0","310","",""
"792","Colorless","","Eriette, the Beguiler","","","","","","","","0","310","",""
"793","Colorless","","Arcum Dagsson","","","","","","","","0","307","",""
"794","Colorless","","Rashmi and Ragavan","","","","","","","","0","307","",""
"795","Colorless","","Chainer, Nightmare Adept","","","","","","","","0","305","",""
"796","Colorless","","Teysa, Opulent Oligarch","","","","","","","","0","305","",""
"797","Colorless","","Yume, Chronicler of Valor","","","","","","","","0","305","",""
"798","Colorless","","Kasla, the Broken Halo","","","","","","","","0","303","",""
"799","Colorless","","Jandor, Fortuned Traveler","","","","","","","","0","303","",""
"800","Colorless","","Volrath, the Shapestealer","","","","","","","","0","302","",""
"801","Colorless","","Errant and Giada","","","","","","","","0","302","",""
"802","Colorless","","Bonny Pall, Clearcutter","","","","","","","","0","302","",""
"803","Colorless","","Mog, Moogle Warrior","","","","","","","","0","302","",""
"804","Colorless","","Ultron, Unlimited","","","","","","","","0","302","",""
"805","Colorless","","Thrasios, Triton Hero // Vial Smasher the Fierce","","","","","","","","0","301","",""
"806","Colorless","","The Everforger","","","","","","","","0","300","",""
"807","Colorless","","Tamiyo, Upriser Crowned","","","","","","","","0","300","",""
"808","Colorless","","Myra the Magnificent","","","","","","","","0","299","",""
"809","Colorless","","Kykar, Zephyr Awakener","","","","","","","","0","299","",""
"810","Colorless","","Samut, the Driving Force","","","","","","","","0","299","",""
"811","Colorless","","Cloud, Planet's Champion","","","","","","","","0","298","",""
"812","Colorless","","Belladonna Took","","","","","","","","0","298","",""
"813","Colorless","","Estrid, the Masked","","","","","","","","0","297","",""
"814","Colorless","","Brallin, Skyshark Rider // Shabraz, the Skyshark","","","","","","","","0","297","",""
"815","Colorless","","Tetzin, Gnome Champion","","","","","","","","0","297","",""
"816","Colorless","","Lucy MacLean, Positively Armed","","","","","","","","0","297","",""
"817","Colorless","","Meria, Scholar of Antiquity","","","","","","","","0","296","",""
"818","Colorless","","Eris, Roar of the Storm","","","","","","","","0","296","",""
"819","Colorless","","Evelyn, the Covetous","","","","","","","","0","295","",""
"820","Colorless","","Elesh Norn","","","","","","","","0","295","",""
"821","Colorless","","Abigale, Eloquent First-Year","","","","","","","","0","294","",""
"822","Colorless","","The Ghoul, Gunslinger","","","","","","","","0","293","",""
"823","Colorless","","Me, the Immortal","","","","","","","","0","292","",""
"824","Colorless","","Loot, the Key to Everything","","","","","","","","0","292","",""
"825","Colorless","","Roon of the Hidden Realm","","","","","","","","0","291","",""
"826","Colorless","","The Ancient One","","","","","","","","0","290","",""
"827","Colorless","","Tellah, Great Sage","","","","","","","","0","290","",""
"828","Colorless","","Zul Ashur, Lich Lord","","","","","","","","0","289","",""
"829","Colorless","","Tinybones, the Pickpocket","","","","","","","","0","288","",""
"830","Colorless","","Zurzoth, Chaos Rider","","","","","","","","0","287","",""
"831","Colorless","","Chiss-Goria, Forge Tyrant","","","","","","","","0","287","",""
"832","Colorless","","The Master, Transcendent","","","","","","","","0","287","",""
"833","Colorless","","Ashcoat of the Shadow Swarm","","","","","","","","0","286","",""
"834","Colorless","","Treebeard, Gracious Host","","","","","","","","0","286","",""
"835","Colorless","","Wan Shi Tong, All-Knowing","","","","","","","","0","286","",""
"836","Colorless","","Zidane, Tantalus Thief","","","","","","","","0","285","",""
"837","Colorless","","Gogo, Master of Mimicry","","","","","","","","0","285","",""
"838","Colorless","","Koth, the Geomancer","","","","","","","","0","285","",""
"839","Colorless","","The Master, Multiplied","","","","","","","","0","284","",""
"840","Colorless","","Cadira, Caller of the Small","","","","","","","","0","283","",""
"841","Colorless","","Yenna, Redtooth Regent","","","","","","","","0","283","",""
"842","Colorless","","Torbran, Thane of Red Fell","","","","","","","","0","282","",""
"843","Colorless","","Urza, Lord Protector","","","","","","","","0","281","",""
"844","Colorless","","Princess Yue","","","","","","","","0","281","",""
"845","Colorless","","Gilgamesh, Master-at-Arms","","","","","","","","0","280","",""
"846","Colorless","","Balan, Wandering Knight","","","","","","","","0","279","",""
"847","Colorless","","Omnath, Locus of the Roil","","","","","","","","0","279","",""
"848","Colorless","","Octavia, Living Thesis","","","","","","","","0","279","",""
"849","Colorless","","Rukarumel, Biologist","","","","","","","","0","279","",""
"850","Colorless","","Sliver Hivelord","","","","","","","","0","278","",""
"851","Colorless","","The Master of Lake-town","","","","","","","","0","278","",""
"852","Colorless","","Lyna, Veil of Vengeance","","","","","","","","0","278","",""
"853","Colorless","","Thurid, Mare of Destiny","","","","","","","","0","277","",""
"854","Colorless","","Taskmaster, Mercenary Mimic","","","","","","","","0","276","",""
"855","Colorless","","The Capitoline Triad","","","","","","","","0","275","",""
"856","Colorless","","Oskar, Rubbish Reclaimer","","","","","","","","0","274","",""
"857","Colorless","","Squall, Gunblade Duelist","","","","","","","","0","273","",""
"858","Colorless","","Scriv, the Obligator","","","","","","","","0","273","",""
"859","Colorless","","Gyruda, Doom of Depths","","","","","","","","0","272","",""
"860","Colorless","","Mazirek, Kraul Death Priest","","","","","","","","0","271","",""
"861","Colorless","","Aeve, Progenitor Ooze","","","","","","","","0","271","",""
"862","Colorless","","Commander Mustard","","","","","","","","0","271","",""
"863","Colorless","","The Earth King","","","","","","","","0","271","",""
"864","Colorless","","Joshua, Phoenix's Dominant","","","","","","","","0","270","",""
"865","Colorless","","Captain Sisay","","","","","","","","0","269","",""
"866","Colorless","","Gandalf, Goblins' Bane","","","","","","","","0","269","",""
"867","Colorless","","Liesa, Forgotten Archangel","","","","","","","","0","268","",""
"868","Colorless","","The Howling Abomination","","","","","","","","0","268","",""
"869","Colorless","","Burakos, Party Leader // Folk Hero","","","","","","","","0","268","",""
"869","Colorless","","Zevlor, Elturel Exile","","","","","","","","0","268","",""
"871","Colorless","","Gorma, the Gullet","","","","","","","","0","268","",""
"872","Colorless","","Yarus, Roar of the Old Gods","","","","","","","","0","266","",""
"873","Colorless","","Xira, the Golden Sting","","","","","","","","0","265","",""
"874","Colorless","","Niv-Mizzet, Guildpact","","","","","","","","0","265","",""
"875","Colorless","","Valgavoth, Terror Eater","","","","","","","","0","265","",""
"876","Colorless","","Breeches, Brazen Plunderer // Malcolm, Keen-Eyed Navigator","","","","","","","","0","264","",""
"877","Colorless","","Elenda and Azor","","","","","","","","0","264","",""
"878","Colorless","","Bartolomé del Presidio","","","","","","","","0","264","",""
"879","Colorless","","Otrimi, the Ever-Playful","","","","","","","","0","263","",""
"880","Colorless","","The Celestial Toymaker","","","","","","","","0","263","",""
"881","Colorless","","Phage the Untouchable","","","","","","","","0","262","",""
"882","Colorless","","Tameshi, Reality Architect","","","","","","","","0","261","",""
"883","Colorless","","Jhoira, Ageless Innovator","","","","","","","","0","261","",""
"884","Colorless","","Gyome, Master Chef","","","","","","","","0","260","",""
"885","Colorless","","Aragorn, Hornburg Hero","","","","","","","","0","260","",""
"886","Colorless","","Invisible Woman","","","","","","","","0","260","",""
"887","Colorless","","Sharuum the Hegemon","","","","","","","","0","259","",""
"888","Colorless","","Skithiryx, the Blight Dragon","","","","","","","","0","259","",""
"889","Colorless","","Preston, the Vanisher","","","","","","","","0","259","",""
"890","Colorless","","Gimbal, Gremlin Prodigy","","","","","","","","0","259","",""
"891","Colorless","","Grist, Voracious Larva","","","","","","","","0","259","",""
"892","Colorless","","Toph, Greatest Earthbender","","","","","","","","0","259","",""
"893","Colorless","","Titania, Protector of Argoth","","","","","","","","0","258","",""
"894","Colorless","","Shiko, Paragon of the Way","","","","","","","","0","258","",""
"895","Colorless","","Rona, Herald of Invasion","","","","","","","","0","257","",""
"896","Colorless","","Zimone, Paradox Sculptor","","","","","","","","0","257","",""
"897","Colorless","","Moseo, Vein's New Dean","","","","","","","","0","256","",""
"898","Colorless","","Firkraag, Cunning Instigator","","","","","","","","0","255","",""
"899","Colorless","","Ashnod, Flesh Mechanist","","","","","","","","0","255","",""
"900","Colorless","","Electro, Assaulting Battery","","","","","","","","0","255","",""
"901","Colorless","","Whiplash, Vengeful Engineer","","","","","","","","0","255","",""
"902","Colorless","","The Lord of the Eagles","","","","","","","","0","255","",""
"903","Colorless","","Alena, Kessig Trapper // Gilanra, Caller of Wirewood","","","","","","","","0","254","",""
"904","Colorless","","Shadrix Silverquill","","","","","","","","0","254","",""
"905","Colorless","","Iroas, God of Victory","","","","","","","","0","252","",""
"906","Colorless","","Jared Carthalion, True Heir","","","","","","","","0","252","",""
"907","Colorless","","Ranar the Ever-Watchful","","","","","","","","0","252","",""
"908","Colorless","","Gandalf of the Secret Fire","","","","","","","","0","252","",""
"909","Colorless","","Doctor Doom","","","","","","","","0","252","",""
"910","Colorless","","Doran, the Siege Tower","","","","","","","","0","251","",""
"911","Colorless","","Olivia Voldaren","","","","","","","","0","251","",""
"912","Colorless","","Esix, Fractal Bloom","","","","","","","","0","251","",""
"913","Colorless","","Gandalf the White","","","","","","","","0","251","",""
"914","Colorless","","Dragonhawk, Fate's Tempest","","","","","","","","0","251","",""
"915","Colorless","","Rev, Tithe Extractor","","","","","","","","0","251","",""
"916","Colorless","","Ephara, God of the Polis","","","","","","","","0","250","",""
"917","Colorless","","Yedora, Grave Gardener","","","","","","","","0","250","",""
"918","Colorless","","Graaz, Unstoppable Juggernaut","","","","","","","","0","250","",""
"919","Colorless","","Calix, Guided by Fate","","","","","","","","0","250","",""
"920","Colorless","","Leonardo, the Balance // Raphael, the Muscle","","","","","","","","0","250","",""
"921","Colorless","","Bruna, Light of Alabaster","","","","","","","","0","249","",""
"922","Colorless","","Obuun, Mul Daya Ancestor","","","","","","","","0","249","",""
"923","Colorless","","Sarulf, Realm Eater","","","","","","","","0","249","",""
"924","Colorless","","Legolas, Master Archer","","","","","","","","0","249","",""
"925","Colorless","","Lyse Hext","","","","","","","","0","248","",""
"926","Colorless","","Dyadrine, Synthesis Amalgam","","","","","","","","0","248","",""
"927","Colorless","","Tyvar the Bellicose","","","","","","","","0","247","",""
"928","Colorless","","Rionya, Fire Dancer","","","","","","","","0","246","",""
"929","Colorless","","Old Stickfingers","","","","","","","","0","246","",""
"930","Colorless","","Katilda, Dawnhart Prime","","","","","","","","0","245","",""
"931","Colorless","","Ajani, Nacatl Pariah","","","","","","","","0","245","",""
"932","Colorless","","Karolina Dean, Runaway","","","","","","","","0","245","",""
"933","Colorless","","Brion Stoutarm","","","","","","","","0","244","",""
"934","Colorless","","Delina, Wild Mage","","","","","","","","0","244","",""
"935","Colorless","","Glissa, the Traitor","","","","","","","","0","243","",""
"936","Colorless","","Muxus, Goblin Grandee","","","","","","","","0","243","",""
"937","Colorless","","Olivia, Crimson Bride","","","","","","","","0","243","",""
"938","Colorless","","Hidetsugu and Kairi","","","","","","","","0","243","",""
"939","Colorless","","Phelddagrif","","","","","","","","0","242","",""
"940","Colorless","","Klauth, Unrivaled Ancient","","","","","","","","0","242","",""
"941","Colorless","","The Most Dangerous Gamer","","","","","","","","0","242","",""
"942","Colorless","","Mishra, Claimed by Gix","","","","","","","","0","242","",""
"943","Colorless","","Círdan the Shipwright","","","","","","","","0","242","",""
"944","Colorless","","Lilah, Undefeated Slickshot","","","","","","","","0","242","",""
"945","Colorless","","Cecil, Dark Knight","","","","","","","","0","242","",""
"946","Colorless","","Council of Reeds","","","","","","","","0","242","",""
"947","Colorless","","General Tazri","","","","","","","","0","240","",""
"948","Colorless","","Alisaie Leveilleur // Alphinaud Leveilleur","","","","","","","","0","240","",""
"949","Colorless","","Vrondiss, Rage of Ancients","","","","","","","","0","238","",""
"950","Colorless","","Emet-Selch of the Third Seat","","","","","","","","0","238","",""
"951","Colorless","","Tinybones, Pocket Nuisance","","","","","","","","0","238","",""
"952","Colorless","","Samut, Tyrant of Naktamun","","","","","","","","0","238","",""
"953","Colorless","","Jeleva, Nephalia's Scourge","","","","","","","","0","237","",""
"954","Colorless","","Sab-Sunen, Luxa Embodied","","","","","","","","0","237","",""
"955","Colorless","","Dion, Bahamut's Dominant","","","","","","","","0","237","",""
"956","Colorless","","Borborygmos Enraged","","","","","","","","0","236","",""
"957","Colorless","","Dawnsire, Sunstar Dreadnought","","","","","","","","0","236","",""
"958","Colorless","","Licia, Sanguine Tribune","","","","","","","","0","235","",""
"959","Colorless","","Pir, Imaginative Rascal // Toothy, Imaginary Friend","","","","","","","","0","235","",""
"960","Colorless","","Hogaak, Arisen Necropolis","","","","","","","","0","234","",""
"961","Colorless","","Tetsuo, Imperial Champion","","","","","","","","0","234","",""
"962","Colorless","","Pia Nalaar, Consul of Revival","","","","","","","","0","234","",""
"963","Colorless","","Etrata, Deadly Fugitive","","","","","","","","0","234","",""
"964","Colorless","","Scarlet Witch, Chaotic Avenger","","","","","","","","0","234","",""
"965","Colorless","","Lazav, Dimir Mastermind","","","","","","","","0","233","",""
"966","Colorless","","Lord Xander, the Collector","","","","","","","","0","233","",""
"967","Colorless","","Daredevil, Man Without Fear","","","","","","","","0","232","",""
"968","Colorless","","Sydri, Galvanic Genius","","","","","","","","0","231","",""
"969","Colorless","","Malcolm, Keen-Eyed Navigator // Vial Smasher the Fierce","","","","","","","","0","231","",""
"970","Colorless","","Mathas, Fiend Seeker","","","","","","","","0","231","",""
"971","Colorless","","Ghen, Arcanum Weaver","","","","","","","","0","231","",""
"972","Colorless","","Ruxa, Patient Professor","","","","","","","","0","231","",""
"973","Colorless","","Miles ""Tails"" Prower","","","","","","","","0","231","",""
"974","Colorless","","Willie Lumpkin, Postman","","","","","","","","0","231","",""
"975","Colorless","","Jiang Yanggu, Alone","","","","","","","","0","231","",""
"976","Colorless","","Cynette, Jelly Drover","","","","","","","","0","230","",""
"977","Colorless","","Sephiroth, Planet's Heir","","","","","","","","0","230","",""
"978","Colorless","","Mass of Mysteries","","","","","","","","0","230","",""
"979","Colorless","","Alaundo the Seer","","","","","","","","0","229","",""
"980","Colorless","","Ashnod the Uncaring","","","","","","","","0","229","",""
"981","Colorless","","Balthier and Fran","","","","","","","","0","229","",""
"982","Colorless","","Daredevil, Fearless Fighter","","","","","","","","0","229","",""
"983","Colorless","","Rielle, the Everwise","","","","","","","","0","228","",""
"984","Colorless","","Gandalf, Shadow's Foe","","","","","","","","0","228","",""
"985","Colorless","","Feroz, Ulgrotha's Warden","","","","","","","","0","228","",""
"986","Colorless","","Gale, Waterdeep Prodigy // Scion of Halaster","","","","","","","","0","227","",""
"987","Colorless","","Arahbo, the First Fang","","","","","","","","0","227","",""
"988","Colorless","","Baeloth Barrityl, Entertainer // Noble Heritage","","","","","","","","0","226","",""
"989","Colorless","","Merieke Ri Berit","","","","","","","","0","224","",""
"990","Colorless","","Aurelia, the Law Above","","","","","","","","0","224","",""
"991","Colorless","","Doctor Doom, Unrivaled","","","","","","","","0","224","",""
"992","Colorless","","Jenson Carthalion, Druid Exile","","","","","","","","0","223","",""
"993","Colorless","","Polukranos Reborn","","","","","","","","0","223","",""
"994","Colorless","","Y'shtola Rhul","","","","","","","","0","223","",""
"995","Colorless","","Kuroki, Thief of Talents","","","","","","","","0","223","",""
"996","Colorless","","Inquisitor Greyfax","","","","","","","","0","222","",""
"997","Colorless","","Lara Croft, Tomb Raider","","","","","","","","0","222","",""
"998","Colorless","","Berta, Wise Extrapolator","","","","","","","","0","222","",""
"999","Colorless","","Gallia of the Endless Dance","","","","","","","","0","221","",""
"1000","Colorless","","Shanid, Sleepers' Scourge","","","","","","","","0","221","",""
"1001","Colorless","","Monk Gyatso","","","","","","","","0","221","",""
"1002","Colorless","","Damia, Sage of Stone","","","","","","","","0","220","",""
"1003","Colorless","","Grismold, the Dreadsower","","","","","","","","0","220","",""
"1004","Colorless","","Aegar, the Freezing Flame","","","","","","","","0","220","",""
"1005","Colorless","","Endrek Sahr, Master Breeder","","","","","","","","0","219","",""
"1006","Colorless","","Lurrus of the Dream-Den","","","","","","","","0","219","",""
"1007","Colorless","","Ragavan, Nimble Pilferer","","","","","","","","0","219","",""
"1008","Colorless","","Tekuthal, Inquiry Dominus","","","","","","","","0","219","",""
"1009","Colorless","","Galadriel, Elven-Queen","","","","","","","","0","219","",""
"1010","Colorless","","April O'Neil, Live on the Scene // Leonardo, the Balance","","","","","","","","0","219","",""
"1011","Colorless","","Ezuri, Renegade Leader","","","","","","","","0","218","",""
"1012","Colorless","","Wort, Boggart Auntie","","","","","","","","0","217","",""
"1013","Colorless","","Balmor, Battlemage Captain","","","","","","","","0","217","",""
"1014","Colorless","","Kolodin, Triumph Caster","","","","","","","","0","217","",""
"1015","Colorless","","The Swarmlord","","","","","","","","0","215","",""
"1016","Colorless","","Minwu, White Mage","","","","","","","","0","215","",""
"1017","Colorless","","Zabaz, the Glimmerwasp","","","","","","","","0","214","",""
"1018","Colorless","","Lavinia, Azorius Renegade","","","","","","","","0","212","",""
"1019","Colorless","","Svella, Ice Shaper","","","","","","","","0","212","",""
"1020","Colorless","","Oswald Fiddlebender","","","","","","","","0","211","",""
"1021","Colorless","","Bright-Palm, Soul Awakener","","","","","","","","0","211","",""
"1022","Colorless","","Wildsear, Scouring Maw","","","","","","","","0","211","",""
"1023","Colorless","","Mica, Reader of Ruins","","","","","","","","0","211","",""
"1024","Colorless","","Reyhan, Last of the Abzan // Yoshimaru, Ever Faithful","","","","","","","","0","210","",""
"1025","Colorless","","Abigale, Poet Laureate","","","","","","","","0","210","",""
"1026","Colorless","","Gisela, Blade of Goldnight","","","","","","","","0","209","",""
"1027","Colorless","","Kethis, the Hidden Hand","","","","","","","","0","209","",""
"1028","Colorless","","Thromok the Insatiable","","","","","","","","0","208","",""
"1029","Colorless","","Traxos, Scourge of Kroog","","","","","","","","0","208","",""
"1030","Colorless","","The Balrog, Durin's Bane","","","","","","","","0","208","",""
"1031","Colorless","","Koma, World-Eater","","","","","","","","0","208","",""
"1032","Colorless","","Avatar Roku, Firebender","","","","","","","","0","208","",""
"1033","Colorless","","Niv-Mizzet, Supreme","","","","","","","","0","206","",""
"1034","Colorless","","Beluna Grandsquall","","","","","","","","0","206","",""
"1035","Colorless","","Elenda, Saint of Dusk","","","","","","","","0","206","",""
"1036","Colorless","","Storm, Windrider","","","","","","","","0","206","",""
"1037","Colorless","","Shang-Chi, Master of Kung Fu","","","","","","","","0","206","",""
"1038","Colorless","","Obyra, Dreaming Duelist","","","","","","","","0","205","",""
"1039","Colorless","","Edric, Spymaster of Trest","","","","","","","","0","204","",""
"1040","Colorless","","Thalisse, Reverent Medium","","","","","","","","0","204","",""
"1041","Colorless","","Nalia de'Arnise","","","","","","","","0","204","",""
"1042","Colorless","","Amarant Coral","","","","","","","","0","204","",""
"1043","Colorless","","Kroxa, Titan of Death's Hunger","","","","","","","","0","203","",""
"1044","Colorless","","Lotho, Corrupt Shirriff","","","","","","","","0","203","",""
"1045","Colorless","","God-Eternal Oketra","","","","","","","","0","202","",""
"1046","Colorless","","The Pride of Hull Clade","","","","","","","","0","202","",""
"1047","Colorless","","Mr. Orfeo, the Boulder","","","","","","","","0","201","",""
"1048","Colorless","","Tor Wauki the Younger","","","","","","","","0","201","",""
"1049","Colorless","","Xolatoyac, the Smiling Flood","","","","","","","","0","201","",""
"1050","Colorless","","Ultron the Annihilator","","","","","","","","0","201","",""
"1051","Colorless","","Valko Indorian","","","","","","","","0","201","",""
"1052","Colorless","","Thraximundar","","","","","","","","0","200","",""
"1053","Colorless","","Alibou, Ancient Witness","","","","","","","","0","200","",""
"1054","Colorless","","Titania, Nature's Force","","","","","","","","0","200","",""
"1055","Colorless","","Leori, Sparktouched Hunter","","","","","","","","0","200","",""
"1056","Colorless","","Wyleth, Soul of Steel","","","","","","","","0","199","",""
"1057","Colorless","","Jyoti, Moag Ancient","","","","","","","","0","199","",""
"1058","Colorless","","Radha, Heir to Keld","","","","","","","","0","198","",""
"1059","Colorless","","Unesh, Criosphinx Sovereign","","","","","","","","0","198","",""
"1060","Colorless","","Bifur, Melodic Rider","","","","","","","","0","198","",""
"1061","Colorless","","Tadeas, Juniper Ascendant","","","","","","","","0","197","",""
"1062","Colorless","","Vannifar, Evolved Enigma","","","","","","","","0","196","",""
"1063","Colorless","","Three Dog, Galaxy News DJ","","","","","","","","0","196","",""
"1064","Colorless","","Memnarch","","","","","","","","0","195","",""
"1065","Colorless","","Wort, the Raidmother","","","","","","","","0","195","",""
"1066","Colorless","","Yisan, the Wanderer Bard","","","","","","","","0","194","",""
"1067","Colorless","","Grothama, All-Devouring","","","","","","","","0","193","",""
"1068","Colorless","","Neyith of the Dire Hunt","","","","","","","","0","193","",""
"1069","Colorless","","The Rani","","","","","","","","0","193","",""
"1070","Colorless","","Kirri, Talented Sprout","","","","","","","","0","193","",""
"1071","Colorless","","Zo-Zu the Punisher","","","","","","","","0","192","",""
"1072","Colorless","","Greymond, Avacyn's Stalwart","","","","","","","","0","192","",""
"1073","Colorless","","Syrix, Carrier of the Flame","","","","","","","","0","192","",""
"1074","Colorless","","Eladamri, Korvecdal","","","","","","","","0","192","",""
"1075","Colorless","","Freyalise, Llanowar's Fury","","","","","","","","0","190","",""
"1076","Colorless","","Saheeli, the Gifted","","","","","","","","0","190","",""
"1077","Colorless","","Sivitri, Dragon Master","","","","","","","","0","190","",""
"1078","Colorless","","Winter Soldier, Icy Assassin","","","","","","","","0","190","",""
"1079","Colorless","","Selenia, the Cursed Heart","","","","","","","","0","190","",""
"1080","Colorless","","Greensleeves, Maro-Sorcerer","","","","","","","","0","189","",""
"1081","Colorless","","Rograkh, Son of Rohgahh // Yoshimaru, Ever Faithful","","","","","","","","0","188","",""
"1082","Colorless","","Queen Kayla bin-Kroog","","","","","","","","0","188","",""
"1083","Colorless","","Alandra, Sky Dreamer","","","","","","","","0","188","",""
"1084","Colorless","","Spider-Man 2099","","","","","","","","0","188","",""
"1085","Colorless","","Heartless Hidetsugu","","","","","","","","0","187","",""
"1086","Colorless","","Samut, Voice of Dissent","","","","","","","","0","187","",""
"1087","Colorless","","Mairsil, the Pretender","","","","","","","","0","187","",""
"1088","Colorless","","Francisco, Fowl Marauder // Malcolm, Keen-Eyed Navigator","","","","","","","","0","187","",""
"1089","Colorless","","Raiyuu, Storm's Edge","","","","","","","","0","187","",""
"1090","Colorless","","Toluz, Clever Conductor","","","","","","","","0","187","",""
"1091","Colorless","","Samut, Hazoret's Champion","","","","","","","","0","187","",""
"1092","Colorless","","Chainer, Dementia Master","","","","","","","","0","186","",""
"1093","Colorless","","Ayli, Eternal Pilgrim","","","","","","","","0","186","",""
"1094","Colorless","","Glissa Sunslayer","","","","","","","","0","186","",""
"1095","Colorless","","Melek, Reforged Researcher","","","","","","","","0","186","",""
"1096","Colorless","","Gor Muldrak, Amphinologist","","","","","","","","0","185","",""
"1097","Colorless","","Liberator, Urza's Battlethopter","","","","","","","","0","185","",""
"1098","Colorless","","Hermes, Overseer of Elpis","","","","","","","","0","185","",""
"1099","Colorless","","Worzel, the Protector","","","","","","","","0","185","",""
"1100","Colorless","","Tana, the Bloodsower // Tymna the Weaver","","","","","","","","0","184","",""
"1101","Colorless","","Etali, Primal Storm","","","","","","","","0","184","",""
"1102","Colorless","","Yorion, Sky Nomad","","","","","","","","0","184","",""
"1103","Colorless","","Vohar, Vodalian Desecrator","","","","","","","","0","184","",""
"1104","Colorless","","Toshiro Umezawa","","","","","","","","0","183","",""
"1105","Colorless","","Kangee, Sky Warden","","","","","","","","0","183","",""
"1106","Colorless","","Ganax, Astral Hunter // Feywild Visitor","","","","","","","","0","183","",""
"1107","Colorless","","Phlage, Titan of Fire's Fury","","","","","","","","0","183","",""
"1108","Colorless","","Ratonhnhaké꞉ton","","","","","","","","0","183","",""
"1109","Colorless","","Feldon of the Third Path","","","","","","","","0","182","",""
"1110","Colorless","","Athreos, Shroud-Veiled","","","","","","","","0","182","",""
"1111","Colorless","","Tazri, Beacon of Unity","","","","","","","","0","182","",""
"1112","Colorless","","Trazyn the Infinite","","","","","","","","0","182","",""
"1113","Colorless","","Ellie and Alan, Paleontologists","","","","","","","","0","182","",""
"1114","Colorless","","Sygg, Wanderwine Wisdom","","","","","","","","0","182","",""
"1115","Colorless","","Felisa, Fang of Silverquill","","","","","","","","0","181","",""
"1116","Colorless","","Kosei, Penitent Warlord","","","","","","","","0","181","",""
"1117","Colorless","","Mondrak, Glory Dominus","","","","","","","","0","181","",""
"1118","Colorless","","Tazri, Stalwart Survivor","","","","","","","","0","181","",""
"1119","Colorless","","Loki, God of Lies","","","","","","","","0","181","",""
"1120","Colorless","","Valduk, Keeper of the Flame","","","","","","","","0","180","",""
"1121","Colorless","","MacCready, Lamplight Mayor","","","","","","","","0","180","",""
"1122","Colorless","","Sigurd, Jarl of Ravensthorpe","","","","","","","","0","180","",""
"1123","Colorless","","Hawkeye, Young Avenger","","","","","","","","0","180","",""
"1124","Colorless","","Shigeki, Jukai Visionary","","","","","","","","0","179","",""
"1125","Colorless","","Sakashima of a Thousand Faces // Vial Smasher the Fierce","","","","","","","","0","178","",""
"1126","Colorless","","Uro, Titan of Nature's Wrath","","","","","","","","0","178","",""
"1127","Colorless","","Sethron, Hurloon General","","","","","","","","0","178","",""
"1128","Colorless","","Shanna, Purifying Blade","","","","","","","","0","178","",""
"1129","Colorless","","Thrun, Breaker of Silence","","","","","","","","0","178","",""
"1130","Colorless","","Momo, Friendly Flier","","","","","","","","0","178","",""
"1131","Colorless","","Kraven the Hunter","","","","","","","","0","178","",""
"1132","Colorless","","Sedris, the Traitor King","","","","","","","","0","177","",""
"1133","Colorless","","Rashmi, Eternities Crafter","","","","","","","","0","177","",""
"1134","Colorless","","Tetsuko Umezawa, Fugitive","","","","","","","","0","177","",""
"1135","Colorless","","Gretchen Titchwillow","","","","","","","","0","177","",""
"1136","Colorless","","Baeloth Barrityl, Entertainer // Raised by Giants","","","","","","","","0","177","",""
"1137","Colorless","","Calamity, Galloping Inferno","","","","","","","","0","177","",""
"1138","Colorless","","Kambal, Consul of Allocation","","","","","","","","0","176","",""
"1139","Colorless","","Mirri, Weatherlight Duelist","","","","","","","","0","176","",""
"1140","Colorless","","Emiel the Blessed","","","","","","","","0","176","",""
"1141","Colorless","","Hofri Ghostforge","","","","","","","","0","176","",""
"1142","Colorless","","Xanathar, Guild Kingpin","","","","","","","","0","176","",""
"1143","Colorless","","Themberchaud","","","","","","","","0","176","",""
"1144","Colorless","","Setzer, Wandering Gambler","","","","","","","","0","176","",""
"1145","Colorless","","Lluwen, Imperfect Naturalist","","","","","","","","0","176","",""
"1146","Colorless","","Ishai, Ojutai Dragonspeaker // Reyhan, Last of the Abzan","","","","","","","","0","175","",""
"1147","Colorless","","Shadowheart, Dark Justiciar // Master Chef","","","","","","","","0","175","",""
"1148","Colorless","","Missy","","","","","","","","0","175","",""
"1149","Colorless","","Basim Ibn Ishaq","","","","","","","","0","175","",""
"1150","Colorless","","Charix, the Raging Isle","","","","","","","","0","174","",""
"1151","Colorless","","Wyll, Blade of Frontiers // Sword Coast Sailor","","","","","","","","0","174","",""
"1152","Colorless","","Soundwave, Sonic Spy","","","","","","","","0","174","",""
"1153","Colorless","","Agent Frank Horrigan","","","","","","","","0","174","",""
"1154","Colorless","","Sanar, Unfinished Genius","","","","","","","","0","174","",""
"1155","Colorless","","Sliver Queen","","","","","","","","0","173","",""
"1156","Colorless","","Karazikar, the Eye Tyrant","","","","","","","","0","173","",""
"1157","Colorless","","Lagrella, the Magpie","","","","","","","","0","173","",""
"1158","Colorless","","Runadi, Behemoth Caller","","","","","","","","0","173","",""
"1159","Colorless","","Ghalta and Mavren","","","","","","","","0","173","",""
"1160","Colorless","","Pearl-Ear, Imperial Advisor","","","","","","","","0","173","",""
"1161","Colorless","","Black Cat, Cunning Thief","","","","","","","","0","173","",""
"1162","Colorless","","Sash and Waistcoat, Unmen","","","","","","","","0","173","",""
"1163","Colorless","","Shadowfax, Lord of Horses","","","","","","","","0","172","",""
"1164","Colorless","","Killian, Ink Duelist","","","","","","","","0","171","",""
"1165","Colorless","","Cecily, Haunted Mage // Othelm, Sigardian Outcast","","","","","","","","0","171","",""
"1166","Colorless","","Neerdiv, Devious Diver","","","","","","","","0","171","",""
"1167","Colorless","","Neriv, Crackling Vanguard","","","","","","","","0","171","",""
"1168","Colorless","","The Thing","","","","","","","","0","171","",""
"1169","Colorless","","Klothys, God of Destiny","","","","","","","","0","169","",""
"1170","Colorless","","Gorion, Wise Mentor","","","","","","","","0","169","",""
"1171","Colorless","","Kellan, the Fae-Blooded","","","","","","","","0","169","",""
"1172","Colorless","","Red Death, Shipwrecker","","","","","","","","0","169","",""
"1173","Colorless","","Sigarda, Host of Herons","","","","","","","","0","168","",""
"1174","Colorless","","Stangg, Echo Warrior","","","","","","","","0","168","",""
"1175","Colorless","","Abby, Merciless Soldier // Ellie, Vengeful Hunter","","","","","","","","0","168","",""
"1176","Colorless","","Zuko, Firebending Master","","","","","","","","0","168","",""
"1177","Colorless","","Nico Minoru, Runaway","","","","","","","","0","168","",""
"1178","Colorless","","Bruna, the Fading Light","","","","","","","","0","167","",""
"1179","Colorless","","Abomination of Llanowar","","","","","","","","0","167","",""
"1180","Colorless","","Lae'zel, Vlaakith's Champion // Master Chef","","","","","","","","0","167","",""
"1181","Colorless","","Tegwyll, Duke of Splendor","","","","","","","","0","167","",""
"1182","Colorless","","Vraska, the Silencer","","","","","","","","0","167","",""
"1183","Colorless","","Nissa, Worldsoul Speaker","","","","","","","","0","167","",""
"1184","Colorless","","Lyra, Archangel of Dawn","","","","","","","","0","167","",""
"1185","Colorless","","Prime Speaker Vannifar","","","","","","","","0","166","",""
"1186","Colorless","","Vorinclex","","","","","","","","0","166","",""
"1187","Colorless","","Gylwain, Casting Director","","","","","","","","0","166","",""
"1188","Colorless","","Kaust, Eyes of the Glade","","","","","","","","0","166","",""
"1189","Colorless","","Iron Spider, Stark Upgrade","","","","","","","","0","166","",""
"1190","Colorless","","Ruhan of the Fomori","","","","","","","","0","165","",""
"1191","Colorless","","The Goose Mother","","","","","","","","0","165","",""
"1192","Colorless","","Absolute Virtue","","","","","","","","0","165","",""
"1193","Colorless","","Memnarch, the Warden","","","","","","","","0","165","",""
"1194","Colorless","","Mikaeus, the Unhallowed","","","","","","","","0","164","",""
"1195","Colorless","","Soul of Windgrace","","","","","","","","0","164","",""
"1196","Colorless","","Khârn the Betrayer","","","","","","","","0","164","",""
"1197","Colorless","","Aatchik, Emerald Radian","","","","","","","","0","164","",""
"1198","Colorless","","Phylath, World Sculptor","","","","","","","","0","163","",""
"1199","Colorless","","Horde of Notions","","","","","","","","0","162","",""
"1200","Colorless","","Arjun, the Shifting Flame","","","","","","","","0","162","",""
"1201","Colorless","","Kotori, Pilot Prodigy","","","","","","","","0","162","",""
"1201","Colorless","","Kodama of the West Tree","","","","","","","","0","162","",""
"1203","Colorless","","Bess, Soul Nourisher","","","","","","","","0","162","",""
"1204","Colorless","","Jolrael, Voice of Zhalfir","","","","","","","","0","162","",""
"1205","Colorless","","Fumulus, the Infestation","","","","","","","","0","161","",""
"1206","Colorless","","Nevinyrral, Urborg Tyrant","","","","","","","","0","160","",""
"1207","Colorless","","General Marhault Elsdragon","","","","","","","","0","160","",""
"1208","Colorless","","Shao Jun","","","","","","","","0","160","",""
"1209","Colorless","","Longshot, Rebel Bowman","","","","","","","","0","160","",""
"1210","Colorless","","Zeriam, Golden Wind","","","","","","","","0","159","",""
"1211","Colorless","","Elrond, Master of Healing","","","","","","","","0","159","",""
"1212","Colorless","","General Kreat, the Boltbringer","","","","","","","","0","159","",""
"1213","Colorless","","Astonishing Spider-Man","","","","","","","","0","159","",""
"1214","Colorless","","Surrak Dragonclaw","","","","","","","","0","158","",""
"1215","Colorless","","Lyra Dawnbringer","","","","","","","","0","158","",""
"1216","Colorless","","Etrata, the Silencer","","","","","","","","0","158","",""
"1217","Colorless","","The Thirteenth Doctor // Yasmin Khan","","","","","","","","0","158","",""
"1218","Colorless","","Aclazotz, Deepest Betrayal","","","","","","","","0","158","",""
"1219","Colorless","","Fblthp, Lost on the Range","","","","","","","","0","158","",""
"1220","Colorless","","Massacre Girl","","","","","","","","0","157","",""
"1221","Colorless","","Jenny Flint // Madame Vastra","","","","","","","","0","157","",""
"1222","Colorless","","Tataru Taru","","","","","","","","0","157","",""
"1223","Colorless","","Edgar, Moonlit Sovereign","","","","","","","","0","157","",""
"1224","Colorless","","Ashling the Pilgrim","","","","","","","","0","156","",""
"1225","Colorless","","Kyodai, Soul of Kamigawa","","","","","","","","0","156","",""
"1226","Colorless","","Gandalf the Grey","","","","","","","","0","156","",""
"1227","Colorless","","Inniaz, the Gale Force","","","","","","","","0","155","",""
"1228","Colorless","","Urza, Prince of Kroog","","","","","","","","0","155","",""
"1228","Colorless","","Tocasia, Dig Site Mentor","","","","","","","","0","155","",""
"1230","Colorless","","Nissa, Resurgent Animist","","","","","","","","0","155","",""
"1231","Colorless","","Shay Cormac","","","","","","","","0","155","",""
"1232","Colorless","","Eruth, Tormented Prophet","","","","","","","","0","154","",""
"1233","Colorless","","Karlach, Fury of Avernus // Raised by Giants","","","","","","","","0","154","",""
"1234","Colorless","","Garna, Bloodfist of Keld","","","","","","","","0","154","",""
"1235","Colorless","","Trostani, Three Whispers","","","","","","","","0","154","",""
"1236","Colorless","","Wan Shi Tong, Librarian","","","","","","","","0","154","",""
"1237","Colorless","","Fin Fang Foom","","","","","","","","0","154","",""
"1238","Colorless","","Laelia, the Blade Reforged","","","","","","","","0","153","",""
"1239","Colorless","","Verrak, Warped Sengir","","","","","","","","0","153","",""
"1240","Colorless","","Arbaaz Mir","","","","","","","","0","153","",""
"1241","Colorless","","Aang and Katara","","","","","","","","0","153","",""
"1242","Colorless","","Maralen of the Mornsong","","","","","","","","0","152","",""
"1243","Colorless","","Tevesh Szat, Doom of Fools // Thrasios, Triton Hero","","","","","","","","0","152","",""
"1244","Colorless","","Sephara, Sky's Blade","","","","","","","","0","152","",""
"1245","Colorless","","Brokkos, Apex of Forever","","","","","","","","0","152","",""
"1246","Colorless","","Mazzy, Truesword Paladin","","","","","","","","0","152","",""
"1247","Colorless","","Mortarion, Daemon Primarch","","","","","","","","0","152","",""
"1248","Colorless","","Venat, Heart of Hydaelyn","","","","","","","","0","152","",""
"1249","Colorless","","Hit-Monkey","","","","","","","","0","152","",""
"1250","Colorless","","Kiora of Salt and Sand","","","","","","","","0","152","",""
"1251","Colorless","","Rune-Tail, Kitsune Ascendant","","","","","","","","0","151","",""
"1252","Colorless","","Malcolm, Keen-Eyed Navigator // Tymna the Weaver","","","","","","","","0","151","",""
"1252","Colorless","","Akiri, Line-Slinger // Thrasios, Triton Hero","","","","","","","","0","151","",""
"1254","Colorless","","Bane, Lord of Darkness","","","","","","","","0","151","",""
"1255","Colorless","","Victor, Valgavoth's Seneschal","","","","","","","","0","151","",""
"1256","Colorless","","Donatello, the Brains // Leonardo, the Balance","","","","","","","","0","151","",""
"1257","Colorless","","Dakkon Blackblade","","","","","","","","0","150","",""
"1258","Colorless","","Arcanis the Omnipotent","","","","","","","","0","150","",""
"1259","Colorless","","Sygg, River Cutthroat","","","","","","","","0","150","",""
"1260","Colorless","","Jadzi, Oracle of Arcavios","","","","","","","","0","150","",""
"1261","Colorless","","Ramses, Assassin Lord","","","","","","","","0","150","",""
"1262","Colorless","","The Second Doctor // Vislor Turlough","","","","","","","","0","150","",""
"1263","Colorless","","Preston Garvey, Minuteman","","","","","","","","0","150","",""
"1264","Colorless","","Mimeoplasm, Revered One","","","","","","","","0","150","",""
"1265","Colorless","","Vanille, Cheerful l'Cie","","","","","","","","0","150","",""
"1266","Colorless","","Fandaniel, Telophoroi Ascian","","","","","","","","0","150","",""
"1267","Colorless","","Glava, Five-Advents Mage","","","","","","","","0","150","",""
"1268","Colorless","","Piru, the Volatile","","","","","","","","0","149","",""
"1269","Colorless","","Commissar Severina Raine","","","","","","","","0","149","",""
"1270","Colorless","","Saheeli, the Sun's Brilliance","","","","","","","","0","149","",""
"1271","Colorless","","Aang, Swift Savior","","","","","","","","0","149","",""
"1272","Colorless","","Varragoth, Bloodsky Sire","","","","","","","","0","148","",""
"1273","Colorless","","Acererak the Archlich","","","","","","","","0","148","",""
"1274","Colorless","","Rith, Liberated Primeval","","","","","","","","0","148","",""
"1275","Colorless","","Isu the Abominable","","","","","","","","0","148","",""
"1276","Colorless","","Neyali, Suns' Vanguard","","","","","","","","0","148","",""
"1277","Colorless","","Aveline de Grandpré","","","","","","","","0","148","",""
"1278","Colorless","","Wraith, Vicious Vigilante","","","","","","","","0","148","",""
"1279","Colorless","","Ms. Marvel, Kamala Khan","","","","","","","","0","148","",""
"1280","Colorless","","Elesh Norn, Grand Cenobite","","","","","","","","0","147","",""
"1281","Colorless","","Hansk, Slayer Zealot","","","","","","","","0","147","",""
"1282","Colorless","","Omarthis, Ghostfire Initiate","","","","","","","","0","147","",""
"1283","Colorless","","Narset, Jeskai Waymaster","","","","","","","","0","147","",""
"1284","Colorless","","Zell Dincht","","","","","","","","0","147","",""
"1285","Colorless","","Atogatog","","","","","","","","0","146","",""
"1286","Colorless","","Varolz, the Scar-Striped","","","","","","","","0","146","",""
"1287","Colorless","","Shattergang Brothers","","","","","","","","0","146","",""
"1288","Colorless","","Taborax, Hope's Demise","","","","","","","","0","146","",""
"1289","Colorless","","Keleth, Sunmane Familiar // Yoshimaru, Ever Faithful","","","","","","","","0","146","",""
"1290","Colorless","","Skrelv, Defector Mite","","","","","","","","0","146","",""
"1291","Colorless","","Rydia, Summoner of Mist","","","","","","","","0","146","",""
"1292","Colorless","","Erebos, God of the Dead","","","","","","","","0","145","",""
"1293","Colorless","","Jin-Gitaxias, Progress Tyrant","","","","","","","","0","145","",""
"1294","Colorless","","Tresserhorn's Lord, Returned","","","","","","","","0","145","",""
"1295","Colorless","","Fangorn, Tree Shepherd","","","","","","","","0","144","",""
"1296","Colorless","","Director Nick Fury","","","","","","","","0","144","",""
"1297","Colorless","","Chromium, the Mutable","","","","","","","","0","143","",""
"1298","Colorless","","Kitt Kanto, Mayhem Diva","","","","","","","","0","143","",""
"1299","Colorless","","Saint Traft and Rem Karolus","","","","","","","","0","143","",""
"1300","Colorless","","Brigone, Soldier of Meletis","","","","","","","","0","143","",""
"1301","Colorless","","Vincent, Vengeful Atoner","","","","","","","","0","143","",""
"1302","Colorless","","Bast, Panther Goddess","","","","","","","","0","143","",""
"1303","Colorless","","Grandmother Goby","","","","","","","","0","143","",""
"1304","Colorless","","Amareth, the Lustrous","","","","","","","","0","142","",""
"1305","Colorless","","Wulfgar of Icewind Dale","","","","","","","","0","142","",""
"1306","Colorless","","The Archimandrite","","","","","","","","0","142","",""
"1307","Colorless","","Geralf, the Fleshwright","","","","","","","","0","142","",""
"1307","Colorless","","Satoru, the Infiltrator","","","","","","","","0","142","",""
"1309","Colorless","","Titanbones, Towering Heart","","","","","","","","0","142","",""
"1310","Colorless","","Slogurk, the Overslime","","","","","","","","0","141","",""
"1311","Colorless","","Mahadi, Emporium Master","","","","","","","","0","141","",""
"1312","Colorless","","Ohabi Caleria","","","","","","","","0","141","",""
"1313","Colorless","","Gollum, Obsessed Stalker","","","","","","","","0","141","",""
"1314","Colorless","","The Walls of Ba Sing Se","","","","","","","","0","141","",""
"1315","Colorless","","Krang, Utrom Warlord","","","","","","","","0","141","",""
"1316","Colorless","","Sek'Kuar, Deathkeeper","","","","","","","","0","140","",""
"1317","Colorless","","Rograkh, Son of Rohgahh // Tevesh Szat, Doom of Fools","","","","","","","","0","140","",""
"1318","Colorless","","Celestine, the Living Saint","","","","","","","","0","140","",""
"1319","Colorless","","Godo, Bandit Warlord","","","","","","","","0","139","",""
"1320","Colorless","","Sram, Senior Edificer","","","","","","","","0","139","",""
"1321","Colorless","","Willowdusk, Essence Seer","","","","","","","","0","139","",""
"1322","Colorless","","Leinore, Autumn Sovereign","","","","","","","","0","139","",""
"1323","Colorless","","Erinis, Gloom Stalker // Street Urchin","","","","","","","","0","139","",""
"1324","Colorless","","Kroxa and Kunoros","","","","","","","","0","139","",""
"1325","Colorless","","Zoyowa Lava-Tongue","","","","","","","","0","139","",""
"1326","Colorless","","The Kingpin of Crime","","","","","","","","0","139","",""
"1327","Colorless","","Mole Man, Moloid Master","","","","","","","","0","139","",""
"1328","Colorless","","Sahir, Visitor in Darkness","","","","","","","","0","139","",""
"1329","Colorless","","Yeva, Nature's Herald","","","","","","","","0","138","",""
"1330","Colorless","","Daxos the Returned","","","","","","","","0","138","",""
"1331","Colorless","","Firja, Judge of Valor","","","","","","","","0","138","",""
"1332","Colorless","","Cadric, Soul Kindler","","","","","","","","0","138","",""
"1333","Colorless","","Serah Farron","","","","","","","","0","138","",""
"1334","Colorless","","Mabel, Valley Hero","","","","","","","","0","138","",""
"1335","Colorless","","Angus Mackenzie","","","","","","","","0","137","",""
"1336","Colorless","","Kemba, Kha Regent","","","","","","","","0","137","",""
"1337","Colorless","","Torens, Fist of the Angels","","","","","","","","0","137","",""
"1338","Colorless","","Zellix, Sanity Flayer // Haunted One","","","","","","","","0","137","",""
"1339","Colorless","","Belisarius Cawl","","","","","","","","0","137","",""
"1340","Colorless","","Akul the Unrepentant","","","","","","","","0","137","",""
"1341","Colorless","","Stiltzkin, Moogle Merchant","","","","","","","","0","137","",""
"1342","Colorless","","Sarkhan, Dragon Ascendant","","","","","","","","0","137","",""
"1343","Colorless","","Venom, Deadly Devourer","","","","","","","","0","137","",""
"1344","Colorless","","Cid, Timeless Artificer","","","","","","","","0","137","",""
"1345","Colorless","","Wilson, Refined Grizzly // Noble Heritage","","","","","","","","0","136","",""
"1346","Colorless","","Auntie Blyte, Bad Influence","","","","","","","","0","136","",""
"1347","Colorless","","Katilda and Lier","","","","","","","","0","136","",""
"1347","Colorless","","Borborygmos and Fblthp","","","","","","","","0","136","",""
"1349","Colorless","","Sarkhan, Soul Aflame","","","","","","","","0","136","",""
"1350","Colorless","","Ojer Kaslem, Deepest Growth","","","","","","","","0","136","",""
"1351","Colorless","","Momir Vig, Simic Visionary","","","","","","","","0","135","",""
"1352","Colorless","","Lo and Li, Royal Advisors","","","","","","","","0","135","",""
"1353","Colorless","","Madame Null, Power Broker","","","","","","","","0","135","",""
"1354","Colorless","","Venser, Fervent Forger","","","","","","","","0","135","",""
"1355","Colorless","","Patron of the Moon","","","","","","","","0","134","",""
"1356","Colorless","","Ob Nixilis, the Fallen","","","","","","","","0","134","",""
"1357","Colorless","","Shalai, Voice of Plenty","","","","","","","","0","134","",""
"1358","Colorless","","Starscream, Power Hungry","","","","","","","","0","134","",""
"1359","Colorless","","Istvan, Butcher of Eln","","","","","","","","0","134","",""
"1360","Colorless","","Ultra Magnus, Tactician","","","","","","","","0","133","",""
"1361","Colorless","","Ashad, the Lone Cyberman","","","","","","","","0","133","",""
"1362","Colorless","","Ulamog, the Defiler","","","","","","","","0","133","",""
"1363","Colorless","","Zahur, Glory's Past","","","","","","","","0","133","",""
"1363","Colorless","","Redshift, Rocketeer Chief","","","","","","","","0","133","",""
"1365","Colorless","","Ureni, the Song Unending","","","","","","","","0","133","",""
"1366","Colorless","","Katara, Water Tribe's Hope","","","","","","","","0","133","",""
"1367","Colorless","","Obosh, the Preypiercer","","","","","","","","0","132","",""
"1368","Colorless","","The Cyber-Controller","","","","","","","","0","132","",""
"1368","Colorless","","The Valeyard","","","","","","","","0","132","",""
"1370","Colorless","","Locke, Treasure Hunter","","","","","","","","0","132","",""
"1371","Colorless","","Monica Rambeau","","","","","","","","0","132","",""
"1372","Colorless","","Anje, Maid of Dishonor","","","","","","","","0","131","",""
"1373","Colorless","","Bhaal, Lord of Murder","","","","","","","","0","131","",""
"1374","Colorless","","Haliya, Guided by Light","","","","","","","","0","131","",""
"1375","Colorless","","Tariel, Reckoner of Souls","","","","","","","","0","130","",""
"1376","Colorless","","The Regalia","","","","","","","","0","130","",""
"1377","Colorless","","Iron Man, Master of Machines","","","","","","","","0","130","",""
"1378","Colorless","","The Scorpion God","","","","","","","","0","129","",""
"1379","Colorless","","Edgar, Charmed Groom","","","","","","","","0","129","",""
"1380","Colorless","","Genku, Future Shaper","","","","","","","","0","129","",""
"1381","Colorless","","Rograkh, Son of Rohgahh // Tymna the Weaver","","","","","","","","0","128","",""
"1382","Colorless","","Titania, Voice of Gaea","","","","","","","","0","128","",""
"1383","Colorless","","Sliver Gravemother","","","","","","","","0","128","",""
"1384","Colorless","","Huatli, Poet of Unity","","","","","","","","0","128","",""
"1385","Colorless","","Thor Odinson","","","","","","","","0","128","",""
"1386","Colorless","","Ironheart, Clever Champion","","","","","","","","0","128","",""
"1387","Colorless","","Toski, Bearer of Secrets","","","","","","","","0","127","",""
"1388","Colorless","","Zurgo and Ojutai","","","","","","","","0","127","",""
"1389","Colorless","","Aragorn and Arwen, Wed","","","","","","","","0","127","",""
"1390","Colorless","","Lulu, Stern Guardian","","","","","","","","0","127","",""
"1391","Colorless","","Mm'menon, Uthros Exile","","","","","","","","0","127","",""
"1392","Colorless","","Sauron, Dino Devotee","","","","","","","","0","127","",""
"1393","Colorless","","Chira, All In","","","","","","","","0","127","",""
"1394","Colorless","","Queen Allenal of Ruadach","","","","","","","","0","126","",""
"1395","Colorless","","Teshar, Ancestor's Apostle","","","","","","","","0","125","",""
"1396","Colorless","","Kaza, Roil Chaser","","","","","","","","0","125","",""
"1397","Colorless","","Nashi, Searcher in the Dark","","","","","","","","0","125","",""
"1398","Colorless","","Superior Spider-Man","","","","","","","","0","125","",""
"1399","Colorless","","Jalira, Master Polymorphist","","","","","","","","0","124","",""
"1400","Colorless","","Dragonlord Ojutai","","","","","","","","0","124","",""
"1401","Colorless","","Krenko, Tin Street Kingpin","","","","","","","","0","124","",""
"1402","Colorless","","Thassa, Deep-Dwelling","","","","","","","","0","124","",""
"1403","Colorless","","Elmar, Ulvenwald Informant // Wernog, Rider's Chaplain","","","","","","","","0","124","",""
"1404","Colorless","","Bladewing, Deathless Tyrant","","","","","","","","0","124","",""
"1405","Colorless","","Venser, Corpse Puppet","","","","","","","","0","124","",""
"1406","Colorless","","Eight-and-a-Half-Tails","","","","","","","","0","123","",""
"1407","Colorless","","O-Kagachi, Vengeful Kami","","","","","","","","0","123","",""
"1408","Colorless","","Ria Ivor, Bane of Bladehold","","","","","","","","0","123","",""
"1409","Colorless","","Alistair, the Brigadier","","","","","","","","0","123","",""
"1410","Colorless","","Appa, Steadfast Guardian","","","","","","","","0","123","",""
"1411","Colorless","","Bruse Tarl, Boorish Herder // Ikra Shidiqi, the Usurper","","","","","","","","0","122","",""
"1412","Colorless","","Bohn, Beguiling Balladeer","","","","","","","","0","122","",""
"1413","Colorless","","Syr Ginger, the Meal Ender","","","","","","","","0","122","",""
"1414","Colorless","","Loki, Lord of Misrule","","","","","","","","0","122","",""
"1415","Colorless","","Depala, Pilot Exemplar","","","","","","","","0","121","",""
"1416","Colorless","","Hallar, the Firefletcher","","","","","","","","0","121","",""
"1417","Colorless","","Ratchet, Field Medic","","","","","","","","0","121","",""
"1418","Colorless","","Sheoldred","","","","","","","","0","121","",""
"1419","Colorless","","The Fourteenth Doctor // Clara Oswald","","","","","","","","0","121","",""
"1420","Colorless","","Ghalta, Stampede Tyrant","","","","","","","","0","121","",""
"1421","Colorless","","Kediss, Emberclaw Familiar // Yoshimaru, Ever Faithful","","","","","","","","0","120","",""
"1422","Colorless","","Ezuri, Stalker of Spheres","","","","","","","","0","120","",""
"1423","Colorless","","Urianger Augurelt","","","","","","","","0","120","",""
"1424","Colorless","","Donatello, the Brains // Michelangelo, the Heart","","","","","","","","0","120","",""
"1425","Colorless","","Perrie, the Pulverizer","","","","","","","","0","119","",""
"1426","Colorless","","Ayara, Widow of the Realm","","","","","","","","0","119","",""
"1427","Colorless","","Tomik, Wielder of Law","","","","","","","","0","119","",""
"1428","Colorless","","Taigam, Master Opportunist","","","","","","","","0","119","",""
"1429","Colorless","","Matoya, Archon Elder","","","","","","","","0","119","",""
"1430","Colorless","","Oona, Queen of the Fae","","","","","","","","0","118","",""
"1431","Colorless","","Yasova Dragonclaw","","","","","","","","0","118","",""
"1432","Colorless","","Jaxis, the Troublemaker","","","","","","","","0","118","",""
"1433","Colorless","","Drana and Linvala","","","","","","","","0","118","",""
"1433","Colorless","","Inga and Esika","","","","","","","","0","118","",""
"1435","Colorless","","Rex, Cyber-Hound","","","","","","","","0","118","",""
"1436","Colorless","","Eivor, Wolf-Kissed","","","","","","","","0","118","",""
"1437","Colorless","","Thorin, Mountain-king","","","","","","","","0","118","",""
"1438","Colorless","","Scientist Supreme of A.I.M.","","","","","","","","0","118","",""
"1439","Colorless","","Jegantha, the Wellspring","","","","","","","","0","117","",""
"1440","Colorless","","Gisa, Glorious Resurrector","","","","","","","","0","117","",""
"1441","Colorless","","Greta, Sweettooth Scourge","","","","","","","","0","117","",""
"1442","Colorless","","The Tenth Doctor // Susan Foreman","","","","","","","","0","117","",""
"1443","Colorless","","Doctor Octopus, Master Planner","","","","","","","","0","117","",""
"1444","Colorless","","Hulk, Gamma Goliath","","","","","","","","0","117","",""
"1445","Colorless","","Krav, the Unredeemed // Regna, the Redeemer","","","","","","","","0","116","",""
"1446","Colorless","","Akiri, Fearless Voyager","","","","","","","","0","116","",""
"1447","Colorless","","Nymris, Oona's Trickster","","","","","","","","0","116","",""
"1448","Colorless","","Kaima, the Fractured Calm","","","","","","","","0","116","",""
"1449","Colorless","","Rosheen, Roaring Prophet","","","","","","","","0","116","",""
"1450","Colorless","","Far Fortune, End Boss","","","","","","","","0","116","",""
"1451","Colorless","","Sensational Spider-Man","","","","","","","","0","116","",""
"1452","Colorless","","Jackal, Genius Geneticist","","","","","","","","0","116","",""
"1453","Colorless","","Don & Leo, Problem Solvers","","","","","","","","0","116","",""
"1454","Colorless","","Numot, the Devastator","","","","","","","","0","115","",""
"1455","Colorless","","Mina and Denn, Wildborn","","","","","","","","0","115","",""
"1456","Colorless","","Vadrok, Apex of Thunder","","","","","","","","0","115","",""
"1457","Colorless","","Kodama of the East Tree // Toggo, Goblin Weaponsmith","","","","","","","","0","115","",""
"1458","Colorless","","Szarekh, the Silent King","","","","","","","","0","115","",""
"1459","Colorless","","Orthion, Hero of Lavabrink","","","","","","","","0","115","",""
"1460","Colorless","","Havi, the All-Father","","","","","","","","0","115","",""
"1461","Colorless","","Beza, the Bounding Spring","","","","","","","","0","115","",""
"1462","Colorless","","Ant-Man, Elusive Avenger","","","","","","","","0","115","",""
"1463","Colorless","","Miss Highwater","","","","","","","","0","115","",""
"1464","Colorless","","Kaervek the Merciless","","","","","","","","0","114","",""
"1465","Colorless","","Gandalf, Westward Voyager","","","","","","","","0","114","",""
"1466","Colorless","","Madame Hydra","","","","","","","","0","114","",""
"1467","Colorless","","Lazav, the Multifarious","","","","","","","","0","113","",""
"1468","Colorless","","Samut, Vizier of Naktamun","","","","","","","","0","113","",""
"1469","Colorless","","The Chief Warg","","","","","","","","0","113","",""
"1470","Colorless","","Reyhan, Last of the Abzan // Rograkh, Son of Rohgahh","","","","","","","","0","112","",""
"1471","Colorless","","Atemsis, All-Seeing","","","","","","","","0","112","",""
"1472","Colorless","","Purphoros, Bronze-Blooded","","","","","","","","0","112","",""
"1473","Colorless","","Valki, God of Lies","","","","","","","","0","112","",""
"1474","Colorless","","Zaffai, Thunder Conductor","","","","","","","","0","112","",""
"1475","Colorless","","Svyelun of Sea and Sky","","","","","","","","0","112","",""
"1476","Colorless","","Tawnos, Solemn Survivor","","","","","","","","0","112","",""
"1477","Colorless","","The Sixth Doctor // Romana II","","","","","","","","0","112","",""
"1478","Colorless","","Malcolm, Alluring Scoundrel","","","","","","","","0","112","",""
"1479","Colorless","","Zodiark, Umbral God","","","","","","","","0","112","",""
"1480","Colorless","","Balthor the Defiled","","","","","","","","0","111","",""
"1481","Colorless","","Kokusho, the Evening Star","","","","","","","","0","111","",""
"1482","Colorless","","Akiri, Line-Slinger // Silas Renn, Seeker Adept","","","","","","","","0","111","",""
"1483","Colorless","","Duke Ulder Ravengard","","","","","","","","0","111","",""
"1484","Colorless","","Inquisitor Eisenhorn","","","","","","","","0","111","",""
"1485","Colorless","","Giott, King of the Dwarves","","","","","","","","0","111","",""
"1486","Colorless","","Sifa Grent","","","","","","","","0","111","",""
"1487","Colorless","","Ertai, the Corrupted","","","","","","","","0","110","",""
"1488","Colorless","","Niv-Mizzet, the Firemind","","","","","","","","0","110","",""
"1489","Colorless","","Nath of the Gilt-Leaf","","","","","","","","0","110","",""
"1490","Colorless","","Archangel Avacyn","","","","","","","","0","110","",""
"1491","Colorless","","Malcolm, Keen-Eyed Navigator // Tana, the Bloodsower","","","","","","","","0","110","",""
"1492","Colorless","","Wasitora, Nekoru Queen","","","","","","","","0","110","",""
"1493","Colorless","","The Reality Chip","","","","","","","","0","110","",""
"1494","Colorless","","The Speed Demon","","","","","","","","0","110","",""
"1495","Colorless","","Arnyn, Deathbloom Botanist","","","","","","","","0","110","",""
"1496","Colorless","","Sheoldred, Whispering One","","","","","","","","0","109","",""
"1497","Colorless","","Snapdax, Apex of the Hunt","","","","","","","","0","109","",""
"1498","Colorless","","Drivnod, Carnage Dominus","","","","","","","","0","109","",""
"1499","Colorless","","Witch-king of Angmar","","","","","","","","0","109","",""
"1500","Colorless","","Magda, the Hoardmaster","","","","","","","","0","109","",""
"1501","Colorless","","Byrke, Long Ear of the Law","","","","","","","","0","109","",""
"1502","Colorless","","Reki, the History of Kamigawa","","","","","","","","0","108","",""
"1503","Colorless","","Isperia, Supreme Judge","","","","","","","","0","108","",""
"1504","Colorless","","Nikara, Lair Scavenger // Yannik, Scavenging Sentinel","","","","","","","","0","108","",""
"1505","Colorless","","Dynaheir, Invoker Adept","","","","","","","","0","108","",""
"1506","Colorless","","Hurska Sweet-Tooth","","","","","","","","0","108","",""
"1507","Colorless","","Kefka, Dancing Mad","","","","","","","","0","108","",""
"1508","Colorless","","Yue, the Moon Spirit","","","","","","","","0","108","",""
"1509","Colorless","","Sun Quan, Lord of Wu","","","","","","","","0","107","",""
"1510","Colorless","","Cecily, Haunted Mage // Elmar, Ulvenwald Informant","","","","","","","","0","107","",""
"1511","Colorless","","Rigo, Streetwise Mentor","","","","","","","","0","107","",""
"1512","Colorless","","Cleopatra, Exiled Pharaoh","","","","","","","","0","107","",""
"1513","Colorless","","Human Torch","","","","","","","","0","107","",""
"1514","Colorless","","Vorinclex, Voice of Hunger","","","","","","","","0","106","",""
"1515","Colorless","","Chevill, Bane of Monsters","","","","","","","","0","106","",""
"1516","Colorless","","Rodolf Duskbringer","","","","","","","","0","106","",""
"1517","Colorless","","Glissa, Herald of Predation","","","","","","","","0","106","",""
"1518","Colorless","","Arwen, Weaver of Hope","","","","","","","","0","106","",""
"1519","Colorless","","Kassandra, Eagle Bearer","","","","","","","","0","106","",""
"1520","Colorless","","Caradora, Heart of Alacria","","","","","","","","0","106","",""
"1521","Colorless","","Sin, Unending Cataclysm","","","","","","","","0","106","",""
"1522","Colorless","","Seizan, Perverter of Truth","","","","","","","","0","105","",""
"1523","Colorless","","Kodama of the East Tree // Sakashima of a Thousand Faces","","","","","","","","0","105","",""
"1524","Colorless","","Drizzt Do'Urden","","","","","","","","0","105","",""
"1525","Colorless","","Urabrask, Heretic Praetor","","","","","","","","0","105","",""
"1526","Colorless","","Rohgahh, Kher Keep Overlord","","","","","","","","0","105","",""
"1527","Colorless","","Cromat","","","","","","","","0","104","",""
"1528","Colorless","","Melek, Izzet Paragon","","","","","","","","0","104","",""
"1529","Colorless","","Naban, Dean of Iteration","","","","","","","","0","104","",""
"1530","Colorless","","Rakdos, the Showstopper","","","","","","","","0","104","",""
"1531","Colorless","","Greven, Predator Captain","","","","","","","","0","104","",""
"1532","Colorless","","Alpharael, Stonechosen","","","","","","","","0","104","",""
"1533","Colorless","","Silk, Web Weaver","","","","","","","","0","104","",""
"1534","Colorless","","Donatello, Mutant Mechanic","","","","","","","","0","104","",""
"1535","Colorless","","Bilbo, Luckwearer","","","","","","","","0","104","",""
"1536","Colorless","","Dalakos, Crafter of Wonders","","","","","","","","0","103","",""
"1537","Colorless","","Narfi, Betrayer King","","","","","","","","0","103","",""
"1538","Colorless","","Radagast the Brown","","","","","","","","0","103","",""
"1538","Colorless","","Gríma, Saruman's Footman","","","","","","","","0","103","",""
"1540","Colorless","","Ojer Pakpatiq, Deepest Epoch","","","","","","","","0","103","",""
"1541","Colorless","","Doc Aurlock, Grizzled Genius","","","","","","","","0","103","",""
"1542","Colorless","","Mu Yanling, Wind Rider","","","","","","","","0","103","",""
"1543","Colorless","","Leonardo, the Balance","","","","","","","","0","103","",""
"1544","Colorless","","Azula, Cunning Usurper","","","","","","","","0","103","",""
"1545","Colorless","","Kang Prime","","","","","","","","0","103","",""
"1546","Colorless","","Red Hulk","","","","","","","","0","103","",""
"1547","Colorless","","Songbird, Sonic Screamer","","","","","","","","0","103","",""
"1548","Colorless","","Tolabow, Loch Rascal","","","","","","","","0","103","",""
"1548","Colorless","","Gollum, Riddle Master","","","","","","","","0","103","",""
"1550","Colorless","","Judith, the Scourge Diva","","","","","","","","0","102","",""
"1551","Colorless","","Inferno of the Star Mounts","","","","","","","","0","102","",""
"1552","Colorless","","Exdeath, Void Warlock","","","","","","","","0","102","",""
"1553","Colorless","","Suki, Kyoshi Warrior","","","","","","","","0","102","",""
"1554","Colorless","","Avatar Kyoshi, Earthbender","","","","","","","","0","102","",""
"1555","Colorless","","Experiment Kraj","","","","","","","","0","101","",""
"1556","Colorless","","Parnesse, the Subtle Brush","","","","","","","","0","101","",""
"1557","Colorless","","Tawnos, the Toymaker","","","","","","","","0","101","",""
"1558","Colorless","","Totentanz, Swarm Piper","","","","","","","","0","101","",""
"1559","Colorless","","Estinien Varlineau","","","","","","","","0","101","",""
"1560","Colorless","","Pizza Face, Gastromancer","","","","","","","","0","101","",""
"1561","Colorless","","Speedball, New Warrior","","","","","","","","0","101","",""
"1562","Colorless","","Sasaya, Orochi Ascendant","","","","","","","","0","100","",""
"1563","Colorless","","Ellie, Vengeful Hunter // Joel, Resolute Survivor","","","","","","","","0","100","",""
"1564","Colorless","","The Weaver King","","","","","","","","0","100","",""
"1565","Colorless","","Rith, the Awakener","","","","","","","","0","99","",""
"1566","Colorless","","Grumgully, the Generous","","","","","","","","0","99","",""
"1567","Colorless","","Eligeth, Crossroads Augur // Siani, Eye of the Storm","","","","","","","","0","99","",""
"1568","Colorless","","Cait, Cage Brawler","","","","","","","","0","99","",""
"1569","Colorless","","Breeches, the Blastmaker","","","","","","","","0","99","",""
"1570","Colorless","","The Swarmweaver","","","","","","","","0","99","",""
"1571","Colorless","","Korlash, Heir to Blackblade","","","","","","","","0","98","",""
"1572","Colorless","","Yasharn, Implacable Earth","","","","","","","","0","98","",""
"1573","Colorless","","Lier, Disciple of the Drowned","","","","","","","","0","98","",""
"1574","Colorless","","Wilson, Refined Grizzly // Raised by Giants","","","","","","","","0","98","",""
"1574","Colorless","","Karlach, Fury of Avernus // Hardy Outlander","","","","","","","","0","98","",""
"1576","Colorless","","Faramir, Prince of Ithilien","","","","","","","","0","98","",""
"1576","Colorless","","Bill the Pony","","","","","","","","0","98","",""
"1578","Colorless","","Gahiji, Honored One","","","","","","","","0","97","",""
"1579","Colorless","","Teferi, Temporal Archmage","","","","","","","","0","97","",""
"1580","Colorless","","Eloise, Nephalia Sleuth","","","","","","","","0","97","",""
"1581","Colorless","","Old Rutstein","","","","","","","","0","97","",""
"1582","Colorless","","Tatyova, Steward of Tides","","","","","","","","0","97","",""
"1583","Colorless","","Ojer Taq, Deepest Foundation","","","","","","","","0","97","",""
"1584","Colorless","","Pia Nalaar, Chief Mechanic","","","","","","","","0","97","",""
"1585","Colorless","","Bob, Reluctant HYDRA Agent","","","","","","","","0","97","",""
"1586","Colorless","","Seton, Krosan Protector","","","","","","","","0","96","",""
"1587","Colorless","","Rhoda, Geist Avenger // Timin, Youthful Geist","","","","","","","","0","96","",""
"1588","Colorless","","Nashi, Moon's Legacy","","","","","","","","0","96","",""
"1589","Colorless","","Rakdos, Patron of Chaos","","","","","","","","0","96","",""
"1590","Colorless","","Eivor, Battle-Ready","","","","","","","","0","96","",""
"1591","Colorless","","Kimahri, Valiant Guardian","","","","","","","","0","96","",""
"1592","Colorless","","Balin, Loremaster","","","","","","","","0","96","",""
"1593","Colorless","","Vorel of the Hull Clade","","","","","","","","0","95","",""
"1594","Colorless","","Kydele, Chosen of Kruphix // Vial Smasher the Fierce","","","","","","","","0","95","",""
"1595","Colorless","","Yahenni, Undying Partisan","","","","","","","","0","95","",""
"1596","Colorless","","Ilharg, the Raze-Boar","","","","","","","","0","95","",""
"1597","Colorless","","Jacob Hauken, Inspector","","","","","","","","0","94","",""
"1598","Colorless","","Aisha of Sparks and Smoke","","","","","","","","0","94","",""
"1599","Colorless","","Karlach, Fury of Avernus // Flaming Fist","","","","","","","","0","94","",""
"1599","Colorless","","Gut, True Soul Zealot // Inspiring Leader","","","","","","","","0","94","",""
"1601","Colorless","","Yes Man, Personal Securitron","","","","","","","","0","94","",""
"1602","Colorless","","Shang-Chi and the Ten Rings","","","","","","","","0","94","",""
"1603","Colorless","","Great Goblin, Foul-Hearted","","","","","","","","0","94","",""
"1603","Colorless","","Bolg, Erebor's Reckoning","","","","","","","","0","94","",""
"1605","Colorless","","Taigam, Ojutai Master","","","","","","","","0","93","",""
"1606","Colorless","","Vilis, Broker of Blood","","","","","","","","0","93","",""
"1607","Colorless","","Yorvo, Lord of Garenbrig","","","","","","","","0","93","",""
"1608","Colorless","","Jirina Kudro","","","","","","","","0","93","",""
"1609","Colorless","","Hargilde, Kindly Runechanter // Wernog, Rider's Chaplain","","","","","","","","0","93","",""
"1610","Colorless","","Vrestin, Menoptra Leader","","","","","","","","0","93","",""
"1611","Colorless","","Kaervek, the Punisher","","","","","","","","0","93","",""
"1612","Colorless","","Hugs, Grisly Guardian","","","","","","","","0","93","",""
"1613","Colorless","","Gilanra, Caller of Wirewood // Kodama of the East Tree","","","","","","","","0","92","",""
"1614","Colorless","","Hidetsugu, Devouring Chaos","","","","","","","","0","92","",""
"1615","Colorless","","Phabine, Boss's Confidant","","","","","","","","0","92","",""
"1616","Colorless","","Lazav, Wearer of Faces","","","","","","","","0","92","",""
"1617","Colorless","","Bugenhagen, Wise Elder","","","","","","","","0","92","",""
"1618","Colorless","","Mikey & Leo, Chaos & Order","","","","","","","","0","92","",""
"1619","Colorless","","Gaddock Teeg","","","","","","","","0","91","",""
"1620","Colorless","","Mirko Vosk, Mind Drinker","","","","","","","","0","91","",""
"1621","Colorless","","Atris, Oracle of Half-Truths","","","","","","","","0","91","",""
"1622","Colorless","","Moritte of the Frost","","","","","","","","0","91","",""
"1623","Colorless","","Florian, Voldaren Scion","","","","","","","","0","91","",""
"1624","Colorless","","Flamewar, Brash Veteran","","","","","","","","0","91","",""
"1625","Colorless","","Honest Rutstein","","","","","","","","0","91","",""
"1626","Colorless","","SP//dr, Piloted by Peni","","","","","","","","0","91","",""
"1627","Colorless","","J. Jonah Jameson","","","","","","","","0","91","",""
"1628","Colorless","","The Vision","","","","","","","","0","91","",""
"1629","Colorless","","King Macar, the Gold-Cursed","","","","","","","","0","90","",""
"1630","Colorless","","Birgi, God of Storytelling","","","","","","","","0","90","",""
"1631","Colorless","","Gut, True Soul Zealot // Agent of the Iron Throne","","","","","","","","0","90","",""
"1632","Colorless","","Lagomos, Hand of Hatred","","","","","","","","0","90","",""
"1633","Colorless","","Kylox, Visionary Inventor","","","","","","","","0","90","",""
"1634","Colorless","","Kain, Traitorous Dragoon","","","","","","","","0","90","",""
"1635","Colorless","","Gideon the Oathless","","","","","","","","0","90","",""
"1636","Colorless","","Karn, Silver Golem","","","","","","","","0","89","",""
"1637","Colorless","","RMS Titanic","","","","","","","","0","89","",""
"1638","Colorless","","Cass, Hand of Vengeance","","","","","","","","0","89","",""
"1639","Colorless","","Wylie Duke, Atiin Hero","","","","","","","","0","89","",""
"1640","Colorless","","Zimone, All-Questioning","","","","","","","","0","89","",""
"1641","Colorless","","Lucky the Pizza Dog","","","","","","","","0","89","",""
"1642","Colorless","","Rubinia Soulsinger","","","","","","","","0","88","",""
"1643","Colorless","","Braids, Cabal Minion","","","","","","","","0","88","",""
"1644","Colorless","","Olivia, Mobilized for War","","","","","","","","0","88","",""
"1645","Colorless","","Ishai, Ojutai Dragonspeaker // Jeska, Thrice Reborn","","","","","","","","0","88","",""
"1646","Colorless","","Khorvath Brightflame // Sylvia Brightspear","","","","","","","","0","88","",""
"1647","Colorless","","Rankle, Master of Pranks","","","","","","","","0","88","",""
"1648","Colorless","","Mari, the Killing Quill","","","","","","","","0","88","",""
"1649","Colorless","","Lazav, Familiar Stranger","","","","","","","","0","88","",""
"1650","Colorless","","Silver Surfer, Galactus's Herald","","","","","","","","0","88","",""
"1651","Colorless","","Kytheon, Hero of Akros","","","","","","","","0","87","",""
"1652","Colorless","","Dargo, the Shipwrecker // Reyhan, Last of the Abzan","","","","","","","","0","87","",""
"1653","Colorless","","Koll, the Forgemaster","","","","","","","","0","87","",""
"1654","Colorless","","Velomachus Lorehold","","","","","","","","0","87","",""
"1655","Colorless","","Shadowheart, Dark Justiciar // Haunted One","","","","","","","","0","87","",""
"1655","Colorless","","Abdel Adrian, Gorion's Ward // Far Traveler","","","","","","","","0","87","",""
"1657","Colorless","","Dee Kay, Finder of the Lost","","","","","","","","0","87","",""
"1658","Colorless","","Omega, Heartless Evolution","","","","","","","","0","87","",""
"1659","Colorless","","Namor, Atlantean King","","","","","","","","0","87","",""
"1660","Colorless","","Thada Adel, Acquisitor","","","","","","","","0","86","",""
"1661","Colorless","","Nezahal, Primal Tide","","","","","","","","0","86","",""
"1662","Colorless","","Donal, Herald of Wings","","","","","","","","0","86","",""
"1663","Colorless","","Safana, Calimport Cutthroat // Dungeon Delver","","","","","","","","0","86","",""
"1664","Colorless","","Mishra, Tamer of Mak Fawa","","","","","","","","0","86","",""
"1665","Colorless","","Lluwen, Exchange Student","","","","","","","","0","86","",""
"1666","Colorless","","Balefang the Unslayable","","","","","","","","0","86","",""
"1667","Colorless","","Jhoira, Weatherlight Corsair","","","","","","","","0","86","",""
"1668","Colorless","","Karrthus, Tyrant of Jund","","","","","","","","0","85","",""
"1669","Colorless","","Geist of Saint Traft","","","","","","","","0","85","",""
"1670","Colorless","","Teysa, Envoy of Ghosts","","","","","","","","0","85","",""
"1671","Colorless","","Pharika, God of Affliction","","","","","","","","0","85","",""
"1672","Colorless","","Anafenza, the Foremost","","","","","","","","0","85","",""
"1673","Colorless","","Noyan Dar, Roil Shaper","","","","","","","","0","85","",""
"1674","Colorless","","Ikra Shidiqi, the Usurper // Tymna the Weaver","","","","","","","","0","85","",""
"1674","Colorless","","Esior, Wardwing Familiar // Ishai, Ojutai Dragonspeaker","","","","","","","","0","85","",""
"1676","Colorless","","Tolsimir, Friend to Wolves","","","","","","","","0","85","",""
"1677","Colorless","","Mangara, the Diplomat","","","","","","","","0","85","",""
"1678","Colorless","","Casal, Lurkwood Pathfinder","","","","","","","","0","85","",""
"1679","Colorless","","Apothecary White","","","","","","","","0","85","",""
"1680","Colorless","","Marvin, Murderous Mimic","","","","","","","","0","85","",""
"1681","Colorless","","The Seriema","","","","","","","","0","85","",""
"1682","Colorless","","Ghalta the Unstoppable","","","","","","","","0","85","",""
"1683","Colorless","","Prime Speaker Zegana","","","","","","","","0","84","",""
"1684","Colorless","","Rebbec, Architect of Ascension // Silas Renn, Seeker Adept","","","","","","","","0","84","",""
"1685","Colorless","","Hama Pashar, Ruin Seeker","","","","","","","","0","84","",""
"1686","Colorless","","Bebop, Skull & Crossbones // Rocksteady, Mutant Marauder","","","","","","","","0","84","",""
"1687","Colorless","","Gyrus, Waker of Corpses","","","","","","","","0","83","",""
"1688","Colorless","","The Ever-Changing 'Dane","","","","","","","","0","83","",""
"1689","Colorless","","Quintorius, Loremaster","","","","","","","","0","83","",""
"1690","Colorless","","Excava, the Risen Past","","","","","","","","0","83","",""
"1691","Colorless","","Ob Nixilis, the Ascended","","","","","","","","0","83","",""
"1692","Colorless","","Plargg and Nassari","","","","","","","","0","82","",""
"1693","Colorless","","The Fourth Doctor // Sarah Jane Smith","","","","","","","","0","82","",""
"1694","Colorless","","Torgal, A Fine Hound","","","","","","","","0","82","",""
"1695","Colorless","","Koh, the Face Stealer","","","","","","","","0","82","",""
"1696","Colorless","","Tam, Mindful First-Year","","","","","","","","0","82","",""
"1697","Colorless","","Nicol Bolas","","","","","","","","0","81","",""
"1698","Colorless","","Zirilan of the Claw","","","","","","","","0","81","",""
"1699","Colorless","","Blind Seer","","","","","","","","0","81","",""
"1700","Colorless","","Odric, Master Tactician","","","","","","","","0","81","",""
"1701","Colorless","","Emrakul, the Promised End","","","","","","","","0","81","",""
"1702","Colorless","","Grand Warlord Radha","","","","","","","","0","81","",""
"1703","Colorless","","Cecily, Haunted Mage // Wernog, Rider's Chaplain","","","","","","","","0","81","",""
"1704","Colorless","","Malcator, Purity Overseer","","","","","","","","0","81","",""
"1704","Colorless","","Kethek, Crucible Goliath","","","","","","","","0","81","",""
"1706","Colorless","","The Fifth Doctor // Susan Foreman","","","","","","","","0","81","",""
"1706","Colorless","","The War Doctor // Clara Oswald","","","","","","","","0","81","",""
"1708","Colorless","","Papalymo Totolymo","","","","","","","","0","81","",""
"1709","Colorless","","Sliver Legion","","","","","","","","0","80","",""
"1710","Colorless","","Toralf, God of Fury","","","","","","","","0","80","",""
"1711","Colorless","","Kalain, Reclusive Painter","","","","","","","","0","80","",""
"1712","Colorless","","Durnan of the Yawning Portal // Passionate Archaeologist","","","","","","","","0","80","",""
"1713","Colorless","","Astor, Bearer of Blades","","","","","","","","0","80","",""
"1713","Colorless","","The Raven Man","","","","","","","","0","80","",""
"1715","Colorless","","Agrus Kos, Eternal Soldier","","","","","","","","0","80","",""
"1716","Colorless","","Abuelo, Ancestral Echo","","","","","","","","0","80","",""
"1717","Colorless","","Piper Wright, Publick Reporter","","","","","","","","0","80","",""
"1718","Colorless","","Mary Read and Anne Bonny","","","","","","","","0","80","",""
"1719","Colorless","","Emrakul, the Exigent Doom","","","","","","","","0","80","",""
"1720","Colorless","","Selenia, Dark Angel","","","","","","","","0","79","",""
"1721","Colorless","","Gisela, the Broken Blade","","","","","","","","0","79","",""
"1722","Colorless","","Rhonas the Indomitable","","","","","","","","0","79","",""
"1723","Colorless","","Jerren, Corrupted Bishop","","","","","","","","0","79","",""
"1724","Colorless","","Kura, the Boundless Sky","","","","","","","","0","79","",""
"1725","Colorless","","Nemata, Primeval Warden","","","","","","","","0","79","",""
"1726","Colorless","","Henry Wu, InGen Geneticist","","","","","","","","0","79","",""
"1727","Colorless","","Symbiote Spider-Man","","","","","","","","0","79","",""
"1728","Colorless","","Aang, Airbending Master","","","","","","","","0","79","",""
"1729","Colorless","","Questing Beast","","","","","","","","0","78","",""
"1730","Colorless","","Grazilaxx, Illithid Scholar","","","","","","","","0","78","",""
"1731","Colorless","","Wilson, Refined Grizzly // Flaming Fist","","","","","","","","0","78","",""
"1732","Colorless","","Sauron, the Necromancer","","","","","","","","0","78","",""
"1733","Colorless","","Korvold, Gleeful Glutton","","","","","","","","0","78","",""
"1734","Colorless","","The Tenth Doctor // Clara Oswald","","","","","","","","0","78","",""
"1735","Colorless","","Mai and Zuko","","","","","","","","0","78","",""
"1736","Colorless","","Edgar, Ancient Bloodlord","","","","","","","","0","78","",""
"1737","Colorless","","Intet, the Dreamer","","","","","","","","0","77","",""
"1738","Colorless","","Obzedat, Ghost Council","","","","","","","","0","77","",""
"1739","Colorless","","Keranos, God of Storms","","","","","","","","0","77","",""
"1740","Colorless","","Djeru and Hazoret","","","","","","","","0","77","",""
"1741","Colorless","","Faramir, Steward of Gondor","","","","","","","","0","77","",""
"1742","Colorless","","Vito, Fanatic of Aclazotz","","","","","","","","0","77","",""
"1743","Colorless","","Craig Boone, Novac Guard","","","","","","","","0","77","",""
"1744","Colorless","","Rip, Spawn Hunter","","","","","","","","0","77","",""
"1745","Colorless","","Kirol, Attentive First-Year","","","","","","","","0","77","",""
"1746","Colorless","","Impossible Man","","","","","","","","0","77","",""
"1747","Colorless","","Amzu, Swarm's Hunger","","","","","","","","0","76","",""
"1747","Colorless","","Lonis, Genetics Expert","","","","","","","","0","76","",""
"1749","Colorless","","Ozox, the Clattering King","","","","","","","","0","76","",""
"1750","Colorless","","Scarlet Spider, Ben Reilly","","","","","","","","0","76","",""
"1751","Colorless","","Grakk the Pacifist","","","","","","","","0","76","",""
"1751","Colorless","","Thomil, the Destroyer","","","","","","","","0","76","",""
"1753","Colorless","","Yuriko, Blade of the Mighty","","","","","","","","0","76","",""
"1754","Colorless","","Lin Sivvi, Defiant Hero","","","","","","","","0","75","",""
"1755","Colorless","","Kazuul, Tyrant of the Cliffs","","","","","","","","0","75","",""
"1756","Colorless","","Jin-Gitaxias, Core Augur","","","","","","","","0","75","",""
"1757","Colorless","","Krark, the Thumbless // Thrasios, Triton Hero","","","","","","","","0","75","",""
"1758","Colorless","","Vega, the Watcher","","","","","","","","0","75","",""
"1759","Colorless","","Lucius the Eternal","","","","","","","","0","75","",""
"1760","Colorless","","Farid, Enterprising Salvager","","","","","","","","0","75","",""
"1761","Colorless","","Ivora, Insatiable Heir","","","","","","","","0","75","",""
"1762","Colorless","","Rikala, Homarid King","","","","","","","","0","75","",""
"1763","Colorless","","Soraya the Falconer","","","","","","","","0","74","",""
"1764","Colorless","","Rayami, First of the Fallen","","","","","","","","0","74","",""
"1765","Colorless","","Umori, the Collector","","","","","","","","0","74","",""
"1766","Colorless","","Storvald, Frost Giant Jarl","","","","","","","","0","74","",""
"1767","Colorless","","The Peregrine Dynamo","","","","","","","","0","74","",""
"1768","Colorless","","The Odd Acorn Gang","","","","","","","","0","74","",""
"1769","Colorless","","Gladiolus Amicitia","","","","","","","","0","74","",""
"1770","Colorless","","Ultimecia, Time Sorceress","","","","","","","","0","74","",""
"1771","Colorless","","Tui and La, Moon and Ocean","","","","","","","","0","74","",""
"1772","Colorless","","Wolverine, Fierce Fighter","","","","","","","","0","74","",""
"1773","Colorless","","Black Widow, Agile Avenger","","","","","","","","0","74","",""
"1774","Colorless","","Power Pack","","","","","","","","0","74","",""
"1775","Colorless","","Chief Magistrate of Mercadia","","","","","","","","0","74","",""
"1775","Colorless","","Meatsqueak, Hoard Lord","","","","","","","","0","74","",""
"1777","Colorless","","Lord of Tresserhorn","","","","","","","","0","73","",""
"1778","Colorless","","Rowan Kenrith // Will Kenrith","","","","","","","","0","73","",""
"1779","Colorless","","Daxos, Blessed by the Sun","","","","","","","","0","73","",""
"1780","Colorless","","Othelm, Sigardian Outcast // Wernog, Rider's Chaplain","","","","","","","","0","73","",""
"1780","Colorless","","Sophina, Spearsage Deserter // Wernog, Rider's Chaplain","","","","","","","","0","73","",""
"1782","Colorless","","Immard, the Stormcleaver","","","","","","","","0","73","",""
"1783","Colorless","","Jaheira, Friend of the Forest // Clan Crafter","","","","","","","","0","73","",""
"1783","Colorless","","Karlach, Fury of Avernus // Sword Coast Sailor","","","","","","","","0","73","",""
"1785","Colorless","","Carnage, Crimson Chaos","","","","","","","","0","73","",""
"1786","Colorless","","Mikey & Don, Party Planners","","","","","","","","0","73","",""
"1787","Colorless","","Crosis, the Purger","","","","","","","","0","72","",""
"1788","Colorless","","Teneb, the Harvester","","","","","","","","0","72","",""
"1789","Colorless","","Ikra Shidiqi, the Usurper // Ishai, Ojutai Dragonspeaker","","","","","","","","0","72","",""
"1790","Colorless","","Kaalia, Zenith Seeker","","","","","","","","0","72","",""
"1791","Colorless","","Plargg, Dean of Chaos","","","","","","","","0","72","",""
"1792","Colorless","","Raff, Weatherlight Stalwart","","","","","","","","0","72","",""
"1793","Colorless","","Captain Rex Nebula","","","","","","","","0","72","",""
"1794","Colorless","","Shagrat, Loot Bearer","","","","","","","","0","72","",""
"1795","Colorless","","Hei Bai, Spirit of Balance","","","","","","","","0","72","",""
"1796","Colorless","","Nivea, Beloved Battlemage","","","","","","","","0","72","",""
"1797","Colorless","","Ruric Thar, Biomagus","","","","","","","","0","72","",""
"1798","Colorless","","Mishra, Artificer Prodigy","","","","","","","","0","71","",""
"1799","Colorless","","Ob Nixilis, Unshackled","","","","","","","","0","71","",""
"1800","Colorless","","Nahiri, the Lithomancer","","","","","","","","0","71","",""
"1801","Colorless","","Drana, Liberator of Malakir","","","","","","","","0","71","",""
"1802","Colorless","","Gonti, Lord of Luxury","","","","","","","","0","71","",""
"1803","Colorless","","Mowu, Loyal Companion","","","","","","","","0","71","",""
"1804","Colorless","","Kels, Fight Fixer","","","","","","","","0","71","",""
"1805","Colorless","","Renari, Merchant of Marvels // Acolyte of Bahamut","","","","","","","","0","71","",""
"1805","Colorless","","Rilsa Rael, Kingpin","","","","","","","","0","71","",""
"1807","Colorless","","The Twelfth Doctor // Susan Foreman","","","","","","","","0","71","",""
"1808","Colorless","","Witch-king, Sky Scourge","","","","","","","","0","71","",""
"1809","Colorless","","Shantotto, Tactician Magician","","","","","","","","0","71","",""
"1810","Colorless","","The Neutrinos","","","","","","","","0","71","",""
"1811","Colorless","","Absorbing Man","","","","","","","","0","71","",""
"1812","Colorless","","Ulamog, the Ceaseless Hunger","","","","","","","","0","70","",""
"1813","Colorless","","Ravos, Soultender // Tana, the Bloodsower","","","","","","","","0","70","",""
"1813","Colorless","","Akiri, Line-Slinger // Ardenn, Intrepid Archaeologist","","","","","","","","0","70","",""
"1813","Colorless","","Kydele, Chosen of Kruphix // Tymna the Weaver","","","","","","","","0","70","",""
"1816","Colorless","","Radha, Heart of Keld","","","","","","","","0","70","",""
"1817","Colorless","","Cosima, God of the Voyage","","","","","","","","0","70","",""
"1818","Colorless","","Volo, Itinerant Scholar // Master Chef","","","","","","","","0","70","",""
"1819","Colorless","","Slobad, Iron Goblin","","","","","","","","0","70","",""
"1819","Colorless","","Unctus, Grand Metatect","","","","","","","","0","70","",""
"1821","Colorless","","Captain Storm, Cosmium Raider","","","","","","","","0","70","",""
"1822","Colorless","","Feather, Radiant Arbiter","","","","","","","","0","70","",""
"1823","Colorless","","Vaan, Street Thief","","","","","","","","0","70","",""
"1824","Colorless","","Davvol, Evincar of Rath","","","","","","","","0","70","",""
"1825","Colorless","","Hokori, Dust Drinker","","","","","","","","0","69","",""
"1826","Colorless","","Nin, the Pain Artist","","","","","","","","0","69","",""
"1827","Colorless","","Ishai, Ojutai Dragonspeaker // Vial Smasher the Fierce","","","","","","","","0","69","",""
"1828","Colorless","","Verazol, the Split Current","","","","","","","","0","69","",""
"1829","Colorless","","Sakashima of a Thousand Faces // Yoshimaru, Ever Faithful","","","","","","","","0","69","",""
"1829","Colorless","","Dargo, the Shipwrecker // Malcolm, Keen-Eyed Navigator","","","","","","","","0","69","",""
"1831","Colorless","","Anrakyr the Traveller","","","","","","","","0","69","",""
"1832","Colorless","","Drafna, Founder of Lat-Nam","","","","","","","","0","69","",""
"1833","Colorless","","Jor Kadeen, First Goldwarden","","","","","","","","0","69","",""
"1834","Colorless","","Nicanzil, Current Conductor","","","","","","","","0","69","",""
"1835","Colorless","","Rose, Cutthroat Raider","","","","","","","","0","69","",""
"1836","Colorless","","Iron Man, Bleeding Edge","","","","","","","","0","69","",""
"1837","Colorless","","Elrond, Moon-Reader","","","","","","","","0","69","",""
"1838","Colorless","","Dromar, the Banisher","","","","","","","","0","68","",""
"1839","Colorless","","Kodama of the East Tree // Tymna the Weaver","","","","","","","","0","68","",""
"1840","Colorless","","Siona, Captain of the Pyleas","","","","","","","","0","68","",""
"1841","Colorless","","Farideh, Devil's Chosen","","","","","","","","0","68","",""
"1842","Colorless","","Rem Karolus, Stalwart Slayer","","","","","","","","0","68","",""
"1843","Colorless","","Deathleaper, Terror Weapon","","","","","","","","0","68","",""
"1844","Colorless","","Harbin, Vanguard Aviator","","","","","","","","0","68","",""
"1845","Colorless","","Inti, Seneschal of the Sun","","","","","","","","0","68","",""
"1846","Colorless","","Michelangelo, the Heart // Raphael, the Muscle","","","","","","","","0","68","",""
"1847","Colorless","","Zaffai and the Tempests","","","","","","","","0","68","",""
"1848","Colorless","","Loki, God of Mischief","","","","","","","","0","68","",""
"1849","Colorless","","The Vision and Scarlet Witch","","","","","","","","0","68","",""
"1850","Colorless","","Absorbing Man and Titania","","","","","","","","0","68","",""
"1851","Colorless","","Koth of the Homestead","","","","","","","","0","68","",""
"1852","Colorless","","Traxos, Academy Guardian","","","","","","","","0","68","",""
"1853","Colorless","","Patron of the Orochi","","","","","","","","0","67","",""
"1854","Colorless","","Thelon of Havenwood","","","","","","","","0","67","",""
"1855","Colorless","","Shu Yun, the Silent Tempest","","","","","","","","0","67","",""
"1856","Colorless","","Kraum, Ludevic's Opus // Vial Smasher the Fierce","","","","","","","","0","67","",""
"1856","Colorless","","Thrasios, Triton Hero // Toggo, Goblin Weaponsmith","","","","","","","","0","67","",""
"1856","Colorless","","Ikra Shidiqi, the Usurper // Prava of the Steel Legion","","","","","","","","0","67","",""
"1859","Colorless","","Gwenna, Eyes of Gaea","","","","","","","","0","67","",""
"1860","Colorless","","Sharae of Numbing Depths","","","","","","","","0","67","",""
"1861","Colorless","","The Third Doctor // Sarah Jane Smith","","","","","","","","0","67","",""
"1862","Colorless","","Moon Girl and Devil Dinosaur","","","","","","","","0","67","",""
"1863","Colorless","","Bard the Bowman","","","","","","","","0","67","",""
"1864","Colorless","","Multani, Maro-Sorcerer","","","","","","","","0","66","",""
"1865","Colorless","","Jenara, Asura of War","","","","","","","","0","66","",""
"1866","Colorless","","Vela the Night-Clad","","","","","","","","0","66","",""
"1867","Colorless","","Grenzo, Havoc Raiser","","","","","","","","0","66","",""
"1868","Colorless","","Varchild, Betrayer of Kjeldor","","","","","","","","0","66","",""
"1869","Colorless","","Moraug, Fury of Akoum","","","","","","","","0","66","",""
"1870","Colorless","","Colfenor, the Last Yew","","","","","","","","0","66","",""
"1871","Colorless","","Maja, Bretagard Protector","","","","","","","","0","66","",""
"1872","Colorless","","Mauhúr, Uruk-hai Captain","","","","","","","","0","66","",""
"1872","Colorless","","Arwen, Mortal Queen","","","","","","","","0","66","",""
"1874","Colorless","","The Ninth Doctor // Clara Oswald","","","","","","","","0","66","",""
"1875","Colorless","","Kotis, Sibsig Champion","","","","","","","","0","66","",""
"1876","Colorless","","Shredder, Shadow Master","","","","","","","","0","66","",""
"1877","Colorless","","Ishkanah, Grafwidow","","","","","","","","0","65","",""
"1878","Colorless","","Bruse Tarl, Boorish Herder // Thrasios, Triton Hero","","","","","","","","0","65","",""
"1878","Colorless","","Ravos, Soultender // Tymna the Weaver","","","","","","","","0","65","",""
"1880","Colorless","","Shadowheart, Dark Justiciar // Acolyte of Bahamut","","","","","","","","0","65","",""
"1881","Colorless","","Neyam Shai Murad","","","","","","","","0","65","",""
"1882","Colorless","","Urza, Powerstone Prodigy","","","","","","","","0","65","",""
"1883","Colorless","","The Second Doctor // Leela, Sevateem Warrior","","","","","","","","0","65","",""
"1884","Colorless","","The Meep","","","","","","","","0","65","",""
"1885","Colorless","","Moira Brown, Guide Author","","","","","","","","0","65","",""
"1886","Colorless","","Miriam, Herd Whisperer","","","","","","","","0","65","",""
"1887","Colorless","","Matoc, Lavamancer","","","","","","","","0","65","",""
"1888","Colorless","","Isperia the Inscrutable","","","","","","","","0","64","",""
"1889","Colorless","","Ib Halfheart, Goblin Tactician","","","","","","","","0","64","",""
"1890","Colorless","","Nissa, Vastwood Seer","","","","","","","","0","64","",""
"1891","Colorless","","Ardenn, Intrepid Archaeologist // Tana, the Bloodsower","","","","","","","","0","64","",""
"1891","Colorless","","Jeska, Thrice Reborn // Tymna the Weaver","","","","","","","","0","64","",""
"1893","Colorless","","Adeliz, the Cinder Wind","","","","","","","","0","64","",""
"1893","Colorless","","Raff Capashen, Ship's Mage","","","","","","","","0","64","",""
"1895","Colorless","","Kestia, the Cultivator","","","","","","","","0","64","",""
"1896","Colorless","","Syr Elenora, the Discerning","","","","","","","","0","64","",""
"1897","Colorless","","Elmar, Ulvenwald Informant // Hargilde, Kindly Runechanter","","","","","","","","0","64","",""
"1898","Colorless","","Junji, the Midnight Sky","","","","","","","","0","64","",""
"1899","Colorless","","Erinis, Gloom Stalker // Scion of Halaster","","","","","","","","0","64","",""
"1899","Colorless","","Ganax, Astral Hunter // Haunted One","","","","","","","","0","64","",""
"1901","Colorless","","The Twelfth Doctor // Clara Oswald","","","","","","","","0","64","",""
"1902","Colorless","","The Indomitable","","","","","","","","0","64","",""
"1903","Colorless","","Kellan, Inquisitive Prodigy","","","","","","","","0","64","",""
"1904","Colorless","","Gran-Gran","","","","","","","","0","64","",""
"1905","Colorless","","Hanna, Ship's Navigator","","","","","","","","0","63","",""
"1905","Colorless","","Empress Galina","","","","","","","","0","63","",""
"1907","Colorless","","Kalemne, Disciple of Iroas","","","","","","","","0","63","",""
"1908","Colorless","","Sakashima of a Thousand Faces // Tymna the Weaver","","","","","","","","0","63","",""
"1908","Colorless","","Halana, Kessig Ranger // Tymna the Weaver","","","","","","","","0","63","",""
"1910","Colorless","","Sevinne, the Chronoclasm","","","","","","","","0","63","",""
"1911","Colorless","","Jeska, Thrice Reborn // Yoshimaru, Ever Faithful","","","","","","","","0","63","",""
"1911","Colorless","","Hans Eriksson","","","","","","","","0","63","",""
"1913","Colorless","","Shadowheart, Dark Justiciar // Cloakwood Hermit","","","","","","","","0","63","",""
"1913","Colorless","","Commander Liara Portyr","","","","","","","","0","63","",""
"1913","Colorless","","Thrakkus the Butcher","","","","","","","","0","63","",""
"1916","Colorless","","Goldbug, Humanity's Ally","","","","","","","","0","63","",""
"1917","Colorless","","Troyan, Gutsy Explorer","","","","","","","","0","63","",""
"1918","Colorless","","The Master, Formed Anew","","","","","","","","0","63","",""
"1919","Colorless","","Ertha Jo, Frontier Mentor","","","","","","","","0","63","",""
"1920","Colorless","","Norin, Swift Survivalist","","","","","","","","0","63","",""
"1921","Colorless","","Hildibrand Manderville","","","","","","","","0","63","",""
"1922","Colorless","","Gogo, Mysterious Mime","","","","","","","","0","63","",""
"1923","Colorless","","Tam, Observant Sequencer","","","","","","","","0","63","",""
"1924","Colorless","","M.O.D.O.K.","","","","","","","","0","63","",""
"1925","Colorless","","Wolverine, Claws Out","","","","","","","","0","63","",""
"1926","Colorless","","Kiki-Jiki, Mirror Breaker","","","","","","","","0","62","",""
"1927","Colorless","","Saffi Eriksdotter","","","","","","","","0","62","",""
"1928","Colorless","","Kozilek, Butcher of Truth","","","","","","","","0","62","",""
"1929","Colorless","","Aurelia, Exemplar of Justice","","","","","","","","0","62","",""
"1930","Colorless","","Nihiloor","","","","","","","","0","62","",""
"1931","Colorless","","Stenn, Paranoid Partisan","","","","","","","","0","62","",""
"1932","Colorless","","The Sixth Doctor // Peri Brown","","","","","","","","0","62","",""
"1933","Colorless","","Jill, Shiva's Dominant","","","","","","","","0","62","",""
"1934","Colorless","","Shadow, Mysterious Assassin","","","","","","","","0","62","",""
"1935","Colorless","","Professor Hojo","","","","","","","","0","62","",""
"1936","Colorless","","Ultimate Green Goblin","","","","","","","","0","62","",""
"1937","Colorless","","Rasputin Dreamweaver","","","","","","","","0","61","",""
"1938","Colorless","","Seshiro the Anointed","","","","","","","","0","61","",""
"1939","Colorless","","Sygg, River Guide","","","","","","","","0","61","",""
"1940","Colorless","","Thassa, God of the Sea","","","","","","","","0","61","",""
"1941","Colorless","","Kalitas, Traitor of Ghet","","","","","","","","0","61","",""
"1942","Colorless","","Tahngarth, First Mate","","","","","","","","0","61","",""
"1943","Colorless","","Dargo, the Shipwrecker // Jeska, Thrice Reborn","","","","","","","","0","61","",""
"1944","Colorless","","Arvinox, the Mind Flail","","","","","","","","0","61","",""
"1945","Colorless","","Baeloth Barrityl, Entertainer // Clan Crafter","","","","","","","","0","61","",""
"1946","Colorless","","Gimli, Mournful Avenger","","","","","","","","0","61","",""
"1946","Colorless","","The Gaffer","","","","","","","","0","61","",""
"1948","Colorless","","Annie Flash, the Veteran","","","","","","","","0","61","",""
"1949","Colorless","","Qala, Ajani's Pridemate","","","","","","","","0","61","",""
"1950","Colorless","","Tidus, Blitzball Star","","","","","","","","0","61","",""
"1951","Colorless","","Ulasht, the Hate Seed","","","","","","","","0","60","",""
"1952","Colorless","","Rosheen Meanderer","","","","","","","","0","60","",""
"1953","Colorless","","Heliod, God of the Sun","","","","","","","","0","60","",""
"1954","Colorless","","Krark, the Thumbless // Vial Smasher the Fierce","","","","","","","","0","60","",""
"1955","Colorless","","Izoni, Thousand-Eyed","","","","","","","","0","60","",""
"1956","Colorless","","Minsc, Beloved Ranger","","","","","","","","0","60","",""
"1957","Colorless","","Geralf, Visionary Stitcher","","","","","","","","0","60","",""
"1958","Colorless","","Kagha, Shadow Archdruid","","","","","","","","0","60","",""
"1958","Colorless","","Gut, True Soul Zealot // Haunted One","","","","","","","","0","60","",""
"1960","Colorless","","Torsten, Founder of Benalia","","","","","","","","0","60","",""
"1961","Colorless","","Alquist Proft, Master Sleuth","","","","","","","","0","60","",""
"1962","Colorless","","Daretti, Rocketeer Engineer","","","","","","","","0","60","",""
"1963","Colorless","","Garland, Knight of Cornelia","","","","","","","","0","60","",""
"1964","Colorless","","Quina, Qu Gourmet","","","","","","","","0","60","",""
"1965","Colorless","","Bosh, Iron Golem","","","","","","","","0","59","",""
"1966","Colorless","","Iname, Death Aspect","","","","","","","","0","59","",""
"1967","Colorless","","Circu, Dimir Lobotomist","","","","","","","","0","59","",""
"1968","Colorless","","Gilanra, Caller of Wirewood // Vial Smasher the Fierce","","","","","","","","0","59","",""
"1969","Colorless","","Neheb, the Worthy","","","","","","","","0","59","",""
"1970","Colorless","","Varis, Silverymoon Ranger","","","","","","","","0","59","",""
"1971","Colorless","","Burakos, Party Leader // Sword Coast Sailor","","","","","","","","0","59","",""
"1972","Colorless","","Rosnakht, Heir of Rohgahh","","","","","","","","0","59","",""
"1973","Colorless","","Toby, Beastie Befriender","","","","","","","","0","59","",""
"1974","Colorless","","Tromell, Seymour's Butler","","","","","","","","0","59","",""
"1975","Colorless","","Diamond Weapon","","","","","","","","0","59","",""
"1976","Colorless","","Abby, Merciless Soldier // Joel, Resolute Survivor","","","","","","","","0","59","",""
"1977","Colorless","","Iroh, Dragon of the West","","","","","","","","0","59","",""
"1978","Colorless","","Falcon and Redwing","","","","","","","","0","59","",""
"1979","Colorless","","Vraska, the Cutting Glare","","","","","","","","0","59","",""
"1980","Colorless","","Eladamri, Lord of Leaves","","","","","","","","0","58","",""
"1981","Colorless","","Krark, the Thumbless // Silas Renn, Seeker Adept","","","","","","","","0","58","",""
"1982","Colorless","","General Kudro of Drannith","","","","","","","","0","58","",""
"1983","Colorless","","Zopandrel, Hunger Dominus","","","","","","","","0","58","",""
"1983","Colorless","","Migloz, Maze Crusher","","","","","","","","0","58","",""
"1985","Colorless","","Mathise, Surge Channeler","","","","","","","","0","58","",""
"1986","Colorless","","Baral and Kari Zev","","","","","","","","0","58","",""
"1987","Colorless","","Tyvar, the Pummeler","","","","","","","","0","58","",""
"1988","Colorless","","Mai, Scornful Striker","","","","","","","","0","58","",""
"1989","Colorless","","Combustion Man","","","","","","","","0","58","",""
"1990","Colorless","","Krang & Shredder","","","","","","","","0","58","",""
"1991","Colorless","","Urabrask the Hidden","","","","","","","","0","57","",""
"1992","Colorless","","Francisco, Fowl Marauder // Thrasios, Triton Hero","","","","","","","","0","57","",""
"1993","Colorless","","Squee, the Immortal","","","","","","","","0","57","",""
"1993","Colorless","","Evra, Halcyon Witness","","","","","","","","0","57","",""
"1995","Colorless","","Tanazir Quandrix","","","","","","","","0","57","",""
"1996","Colorless","","Ganax, Astral Hunter // Agent of the Iron Throne","","","","","","","","0","57","",""
"1997","Colorless","","Bilbo, Retired Burglar","","","","","","","","0","57","",""
"1998","Colorless","","Strong, the Brutish Thespian","","","","","","","","0","57","",""
"1999","Colorless","","Black Widow, Double Agent","","","","","","","","0","57","",""
"2000","Colorless","","Malfegor","","","","","","","","0","56","",""
"2001","Colorless","","Muzzio, Visionary Architect","","","","","","","","0","56","",""
"2002","Colorless","","Nylea, Keen-Eyed","","","","","","","","0","56","",""
"2003","Colorless","","Enkira, Hostile Scavenger","","","","","","","","0","56","",""
"2004","Colorless","","Anara, Wolvid Familiar // Yoshimaru, Ever Faithful","","","","","","","","0","56","",""
"2004","Colorless","","Ardenn, Intrepid Archaeologist // Kediss, Emberclaw Familiar","","","","","","","","0","56","",""
"2006","Colorless","","Jadar, Ghoulcaller of Nephalia","","","","","","","","0","56","",""
"2007","Colorless","","Cecily, Haunted Mage","","","","","","","","0","56","",""
"2008","Colorless","","Denry Klin, Editor in Chief","","","","","","","","0","56","",""
"2009","Colorless","","Jaheira, Friend of the Forest // Inspiring Leader","","","","","","","","0","56","",""
"2009","Colorless","","Oji, the Exquisite Blade","","","","","","","","0","56","",""
"2011","Colorless","","Kozilek, the Broken Reality","","","","","","","","0","56","",""
"2012","Colorless","","Firion, Wild Rose Warrior","","","","","","","","0","56","",""
"2013","Colorless","","Long Feng, Grand Secretariat","","","","","","","","0","56","",""
"2014","Colorless","","Trystan, Callous Cultivator","","","","","","","","0","56","",""
"2014","Colorless","","Sanar, Innovative First-Year","","","","","","","","0","56","",""
"2016","Colorless","","Dr. Beverly Crusher","","","","","","","","0","56","",""
"2017","Colorless","","Thalia, Guardian of Thraben","","","","","","","","0","55","",""
"2018","Colorless","","Ikra Shidiqi, the Usurper // Sidar Kondo of Jamuraa","","","","","","","","0","55","",""
"2019","Colorless","","Kediss, Emberclaw Familiar // Rograkh, Son of Rohgahh","","","","","","","","0","55","",""
"2020","Colorless","","Izoni, Center of the Web","","","","","","","","0","55","",""
"2021","Colorless","","Shaun, Father of Synths","","","","","","","","0","55","",""
"2022","Colorless","","Selvala, Eager Trailblazer","","","","","","","","0","55","",""
"2023","Colorless","","Krile Baldesion","","","","","","","","0","55","",""
"2024","Colorless","","Freya Crescent","","","","","","","","0","55","",""
"2025","Colorless","","Skeleton Ship","","","","","","","","0","54","",""
"2026","Colorless","","Sakashima the Impostor","","","","","","","","0","54","",""
"2027","Colorless","","Wrexial, the Risen Deep","","","","","","","","0","54","",""
"2028","Colorless","","Grunn, the Lonely King","","","","","","","","0","54","",""
"2029","Colorless","","Fblthp, the Lost","","","","","","","","0","54","",""
"2030","Colorless","","Vikya, Scorching Stalwart","","","","","","","","0","54","",""
"2030","Colorless","","Kairi, the Swirling Sky","","","","","","","","0","54","",""
"2032","Colorless","","Wilson, Refined Grizzly // Cultist of the Absolute","","","","","","","","0","54","",""
"2032","Colorless","","Ganax, Astral Hunter // Dragon Cultist","","","","","","","","0","54","",""
"2034","Colorless","","The Thirteenth Doctor // Ryan Sinclair","","","","","","","","0","54","",""
"2034","Colorless","","Cult of Skaro","","","","","","","","0","54","",""
"2036","Colorless","","Ezrim, Agency Chief","","","","","","","","0","54","",""
"2037","Colorless","","Winter, Cursed Rider","","","","","","","","0","54","",""
"2038","Colorless","","Rikku, Resourceful Guardian","","","","","","","","0","54","",""
"2038","Colorless","","Barret, Avalanche Leader","","","","","","","","0","54","",""
"2040","Colorless","","Prowler, Clawed Thief","","","","","","","","0","54","",""
"2041","Colorless","","Okoye, Mighty and Adored","","","","","","","","0","54","",""
"2042","Colorless","","Karn, Argent Defender","","","","","","","","0","54","",""
"2043","Colorless","","Sol'kanar the Swamp King","","","","","","","","0","53","",""
"2044","Colorless","","Lovisa Coldeyes","","","","","","","","0","53","",""
"2045","Colorless","","Sidar Kondo of Jamuraa // Tymna the Weaver","","","","","","","","0","53","",""
"2046","Colorless","","Krydle of Baldur's Gate","","","","","","","","0","53","",""
"2047","Colorless","","Sigarda, Champion of Light","","","","","","","","0","53","",""
"2048","Colorless","","Jedit Ojanen, Mercenary","","","","","","","","0","53","",""
"2049","Colorless","","Illuminor Szeras","","","","","","","","0","53","",""
"2050","Colorless","","Danitha, New Benalia's Light","","","","","","","","0","53","",""
"2051","Colorless","","Kellogg, Dangerous Mind","","","","","","","","0","53","",""
"2052","Colorless","","Ezio, Blade of Vengeance","","","","","","","","0","53","",""
"2053","Colorless","","Krang, Master Mind","","","","","","","","0","53","",""
"2054","Colorless","","Michiko Konda, Truth Seeker","","","","","","","","0","52","",""
"2055","Colorless","","Gwafa Hazid, Profiteer","","","","","","","","0","52","",""
"2056","Colorless","","Ishai, Ojutai Dragonspeaker // Kediss, Emberclaw Familiar","","","","","","","","0","52","",""
"2057","Colorless","","Linden, the Steadfast Queen","","","","","","","","0","52","",""
"2058","Colorless","","Cecily, Haunted Mage // Sophina, Spearsage Deserter","","","","","","","","0","52","",""
"2059","Colorless","","Surrak and Goreclaw","","","","","","","","0","52","",""
"2060","Colorless","","The Eleventh Doctor // Amy Pond","","","","","","","","0","52","",""
"2061","Colorless","","Bruse Tarl, Roving Rancher","","","","","","","","0","52","",""
"2062","Colorless","","The Blue Spirit","","","","","","","","0","52","",""
"2063","Colorless","","Shuri, Wakandan Inventor","","","","","","","","0","52","",""
"2064","Colorless","","Hazezon Tamar","","","","","","","","0","51","",""
"2065","Colorless","","Kaseto, Orochi Archmage","","","","","","","","0","51","",""
"2066","Colorless","","Ludevic, Necro-Alchemist // Vial Smasher the Fierce","","","","","","","","0","51","",""
"2066","Colorless","","Armix, Filigree Thrasher // Silas Renn, Seeker Adept","","","","","","","","0","51","",""
"2068","Colorless","","Reyav, Master Smith","","","","","","","","0","51","",""
"2069","Colorless","","Nadaar, Selfless Paladin","","","","","","","","0","51","",""
"2070","Colorless","","Evie Frye // Jacob Frye","","","","","","","","0","51","",""
"2071","Colorless","","Bebop & Rocksteady","","","","","","","","0","51","",""
"2072","Colorless","","Donatello, Gadget Master","","","","","","","","0","51","",""
"2073","Colorless","","Ob Nixilis of the Black Oath","","","","","","","","0","50","",""
"2074","Colorless","","Jori En, Ruin Diver","","","","","","","","0","50","",""
"2075","Colorless","","Ravos, Soultender // Thrasios, Triton Hero","","","","","","","","0","50","",""
"2076","Colorless","","Esika's Chariot","","","","","","","","0","50","",""
"2077","Colorless","","Mila, Crafty Companion","","","","","","","","0","50","",""
"2078","Colorless","","Blaster, Combat DJ","","","","","","","","0","50","",""
"2079","Colorless","","Radagast, Wizard of Wilds","","","","","","","","0","50","",""
"2079","Colorless","","Arwen Undómiel","","","","","","","","0","50","",""
"2081","Colorless","","Krenko, Baron of Tin Street","","","","","","","","0","50","",""
"2082","Colorless","","Lavinia, Foil to Conspiracy","","","","","","","","0","50","",""
"2083","Colorless","","Gau, Feral Youth","","","","","","","","0","50","",""
"2084","Colorless","","Sandman, Shifting Scoundrel","","","","","","","","0","50","",""
"2085","Colorless","","The Destined Black Mage","","","","","","","","0","50","",""
"2086","Colorless","","Kang, Temporal Tyrant","","","","","","","","0","50","",""
"2087","Colorless","","Kaho, Minamo Historian","","","","","","","","0","49","",""
"2088","Colorless","","Dromoka, the Eternal","","","","","","","","0","49","",""
"2089","Colorless","","Rienne, Angel of Rebirth","","","","","","","","0","49","",""
"2090","Colorless","","Eutropia the Twice-Favored","","","","","","","","0","49","",""
"2090","Colorless","","Renata, Called to the Hunt","","","","","","","","0","49","",""
"2092","Colorless","","Ganax, Astral Hunter // Guild Artisan","","","","","","","","0","49","",""
"2092","Colorless","","Jaheira, Friend of the Forest // Street Urchin","","","","","","","","0","49","",""
"2092","Colorless","","Volo, Itinerant Scholar // Folk Hero","","","","","","","","0","49","",""
"2095","Colorless","","King Darien XLVIII","","","","","","","","0","49","",""
"2095","Colorless","","Emperor Mihail II","","","","","","","","0","49","",""
"2097","Colorless","","Nogi, Draco-Zealot","","","","","","","","0","49","",""
"2098","Colorless","","Rashel, Fist of Torm","","","","","","","","0","49","",""
"2099","Colorless","","Volrath the Fallen","","","","","","","","0","48","",""
"2100","Colorless","","Drana, Kalastria Bloodchief","","","","","","","","0","48","",""
"2101","Colorless","","Krark, the Thumbless // Tymna the Weaver","","","","","","","","0","48","",""
"2102","Colorless","","Zagras, Thief of Heartbeats","","","","","","","","0","48","",""
"2103","Colorless","","Ardenn, Intrepid Archaeologist // Esior, Wardwing Familiar","","","","","","","","0","48","",""
"2103","Colorless","","Falthis, Shadowcat Familiar // Yoshimaru, Ever Faithful","","","","","","","","0","48","",""
"2103","Colorless","","Akroma, Vision of Ixidor // Rograkh, Son of Rohgahh","","","","","","","","0","48","",""
"2106","Colorless","","Zimone, Quandrix Prodigy","","","","","","","","0","48","",""
"2107","Colorless","","Ayesha Tanaka, Armorer","","","","","","","","0","48","",""
"2108","Colorless","","Kitsa, Otterball Elite","","","","","","","","0","48","",""
"2109","Colorless","","Sidisi, Regent of the Mire","","","","","","","","0","48","",""
"2110","Colorless","","Tersa Lightshatter","","","","","","","","0","48","",""
"2111","Colorless","","Spider-Man, Peter Parker","","","","","","","","0","48","",""
"2112","Colorless","","The Dawning Archaic","","","","","","","","0","48","",""
"2113","Colorless","","Seven of Nine","","","","","","","","0","48","",""
"2114","Colorless","","Kamahl, Fist of Krosa","","","","","","","","0","47","",""
"2115","Colorless","","Fumiko the Lowblood","","","","","","","","0","47","",""
"2116","Colorless","","Teferi, Mage of Zhalfir","","","","","","","","0","47","",""
"2117","Colorless","","Mikaeus, the Lunarch","","","","","","","","0","47","",""
"2118","Colorless","","Callaphe, Beloved of the Sea","","","","","","","","0","47","",""
"2119","Colorless","","Drana, the Last Bloodchief","","","","","","","","0","47","",""
"2120","Colorless","","Sivriss, Nightmare Speaker // Cloakwood Hermit","","","","","","","","0","47","",""
"2121","Colorless","","The Lady of Otaria","","","","","","","","0","47","",""
"2122","Colorless","","Sauron, the Lidless Eye","","","","","","","","0","47","",""
"2122","Colorless","","Prince Imrahil the Fair","","","","","","","","0","47","",""
"2124","Colorless","","Red Ghost, Intangible Genius","","","","","","","","0","47","",""
"2125","Colorless","","Xira Arien","","","","","","","","0","46","",""
"2126","Colorless","","Daxos of Meletis","","","","","","","","0","46","",""
"2127","Colorless","","Tishana, Voice of Thunder","","","","","","","","0","46","",""
"2128","Colorless","","Multani, Yavimaya's Avatar","","","","","","","","0","46","",""
"2129","Colorless","","Neheb, Dreadhorde Champion","","","","","","","","0","46","",""
"2130","Colorless","","Gregor, Shrewd Magistrate","","","","","","","","0","46","",""
"2131","Colorless","","Jeska, Thrice Reborn // Tevesh Szat, Doom of Fools","","","","","","","","0","46","",""
"2131","Colorless","","Ich-Tekik, Salvage Splicer // Toggo, Goblin Weaponsmith","","","","","","","","0","46","",""
"2131","Colorless","","Zara, Renegade Recruiter","","","","","","","","0","46","",""
"2134","Colorless","","Blex, Vexing Pest","","","","","","","","0","46","",""
"2134","Colorless","","Mavinda, Students' Advocate","","","","","","","","0","46","",""
"2136","Colorless","","Saryth, the Viper's Fang","","","","","","","","0","46","",""
"2137","Colorless","","Ertai Resurrected","","","","","","","","0","46","",""
"2138","Colorless","","Bill Ferny, Bree Swindler","","","","","","","","0","46","",""
"2138","Colorless","","Goldberry, River-Daughter","","","","","","","","0","46","",""
"2138","Colorless","","Farmer Cotton","","","","","","","","0","46","",""
"2141","Colorless","","Haytham Kenway","","","","","","","","0","46","",""
"2142","Colorless","","Tokka & Rahzar, Terrible Twos","","","","","","","","0","46","",""
"2143","Colorless","","Krang, the All-Powerful","","","","","","","","0","46","",""
"2144","Colorless","","Doctor Strange, Surgeon","","","","","","","","0","46","",""
"2145","Colorless","","Bard, Heir of Girion","","","","","","","","0","46","",""
"2146","Colorless","","Massacre Girl, Most Wanted","","","","","","","","0","46","",""
"2147","Colorless","","Márton Stromgald","","","","","","","","0","45","",""
"2148","Colorless","","Ludevic, Necro-Alchemist // Tymna the Weaver","","","","","","","","0","45","",""
"2149","Colorless","","Gorm the Great // Virtus the Veiled","","","","","","","","0","45","",""
"2150","Colorless","","Tivash, Gloom Summoner","","","","","","","","0","45","",""
"2150","Colorless","","Valentin, Dean of the Vein","","","","","","","","0","45","",""
"2152","Colorless","","Lord Skitter, Sewer King","","","","","","","","0","45","",""
"2153","Colorless","","The Fourteenth Doctor // Rose Noble","","","","","","","","0","45","",""
"2154","Colorless","","Fire Lord Ozai","","","","","","","","0","45","",""
"2155","Colorless","","Page, Loose Leaf","","","","","","","","0","45","",""
"2156","Colorless","","Professor Hulk","","","","","","","","0","45","",""
"2157","Colorless","","Asmira, Holy Avenger","","","","","","","","0","44","",""
"2158","Colorless","","Keiga, the Tide Star","","","","","","","","0","44","",""
"2159","Colorless","","Brimaz, King of Oreskos","","","","","","","","0","44","",""
"2160","Colorless","","Silumgar, the Drifting Death","","","","","","","","0","44","",""
"2161","Colorless","","Dragonlord Dromoka","","","","","","","","0","44","",""
"2162","Colorless","","Ishai, Ojutai Dragonspeaker // Kraum, Ludevic's Opus","","","","","","","","0","44","",""
"2162","Colorless","","Kodama of the East Tree // Thrasios, Triton Hero","","","","","","","","0","44","",""
"2164","Colorless","","Kwende, Pride of Femeref","","","","","","","","0","44","",""
"2164","Colorless","","Danitha Capashen, Paragon","","","","","","","","0","44","",""
"2166","Colorless","","God-Eternal Kefnet","","","","","","","","0","44","",""
"2167","Colorless","","Kamber, the Plunderer // Laurine, the Diversion","","","","","","","","0","44","",""
"2168","Colorless","","Lozhan, Dragons' Legacy","","","","","","","","0","44","",""
"2168","Colorless","","Wilson, Refined Grizzly // Agent of the Shadow Thieves","","","","","","","","0","44","",""
"2170","Colorless","","Rasputin, the Oneiromancer","","","","","","","","0","44","",""
"2171","Colorless","","Uglúk of the White Hand","","","","","","","","0","44","",""
"2172","Colorless","","The Beast, Deathless Prince","","","","","","","","0","44","",""
"2173","Colorless","","The Last Ride","","","","","","","","0","44","",""
"2174","Colorless","","Bolg of the North","","","","","","","","0","44","",""
"2175","Colorless","","Dargo, the Shipwrecker // Thrasios, Triton Hero","","","","","","","","0","43","",""
"2176","Colorless","","Arasta of the Endless Web","","","","","","","","0","43","",""
"2177","Colorless","","Thrasta, Tempest's Roar","","","","","","","","0","43","",""
"2178","Colorless","","Bjorna, Nightfall Alchemist // Elmar, Ulvenwald Informant","","","","","","","","0","43","",""
"2179","Colorless","","Korlessa, Scale Singer","","","","","","","","0","43","",""
"2179","Colorless","","Burakos, Party Leader // Haunted One","","","","","","","","0","43","",""
"2181","Colorless","","Uurg, Spawn of Turg","","","","","","","","0","43","",""
"2182","Colorless","","The Wandering Rescuer","","","","","","","","0","43","",""
"2183","Colorless","","Kianne, Corrupted Memory","","","","","","","","0","43","",""
"2184","Colorless","","Haliya, Ascendant Cadet","","","","","","","","0","43","",""
"2185","Colorless","","Ellie, Brick Master // Ellie, Vengeful Hunter","","","","","","","","0","43","",""
"2186","Colorless","","Mutagen Man, Living Ooze","","","","","","","","0","43","",""
"2187","Colorless","","Dyfed, the Guiding Hand","","","","","","","","0","43","",""
"2188","Colorless","","Winter, Team Player","","","","","","","","0","43","",""
"2189","Colorless","","Mageta the Lion","","","","","","","","0","42","",""
"2190","Colorless","","Celestial Kirin","","","","","","","","0","42","",""
"2191","Colorless","","Tajic, Blade of the Legion","","","","","","","","0","42","",""
"2192","Colorless","","Anax and Cymede","","","","","","","","0","42","",""
"2193","Colorless","","Sidisi, Undead Vizier","","","","","","","","0","42","",""
"2194","Colorless","","Ardenn, Intrepid Archaeologist // Kraum, Ludevic's Opus","","","","","","","","0","42","",""
"2195","Colorless","","Subira, Tulzidi Caravanner","","","","","","","","0","42","",""
"2196","Colorless","","Alrund, God of the Cosmos","","","","","","","","0","42","",""
"2197","Colorless","","Tourach, Dread Cantor","","","","","","","","0","42","",""
"2198","Colorless","","Baldin, Century Herdmaster","","","","","","","","0","42","",""
"2199","Colorless","","Halsin, Emerald Archdruid // Inspiring Leader","","","","","","","","0","42","",""
"2200","Colorless","","Gollum, Scheming Guide","","","","","","","","0","42","",""
"2201","Colorless","","The Prydwen, Steel Flagship","","","","","","","","0","42","",""
"2201","Colorless","","Sierra, Nuka's Biggest Fan","","","","","","","","0","42","",""
"2203","Colorless","","Judge Magister Gabranth","","","","","","","","0","42","",""
"2204","Colorless","","Raph & Leo, Sibling Rivals","","","","","","","","0","42","",""
"2205","Colorless","","Lady Loki, Agent of Chaos","","","","","","","","0","42","",""
"2206","Colorless","","Takeno, Samurai General","","","","","","","","0","41","",""
"2206","Colorless","","Masako the Humorless","","","","","","","","0","41","",""
"2208","Colorless","","Chisei, Heart of Oceans","","","","","","","","0","41","",""
"2209","Colorless","","Oviya Pashiri, Sage Lifecrafter","","","","","","","","0","41","",""
"2210","Colorless","","Sidar Kondo of Jamuraa // Vial Smasher the Fierce","","","","","","","","0","41","",""
"2211","Colorless","","Aryel, Knight of Windgrace","","","","","","","","0","41","",""
"2212","Colorless","","Gerrard, Weatherlight Hero","","","","","","","","0","41","",""
"2213","Colorless","","Ghost of Ramirez DePietro // Tormod, the Desecrator","","","","","","","","0","41","",""
"2213","Colorless","","Jeska, Thrice Reborn // Rograkh, Son of Rohgahh","","","","","","","","0","41","",""
"2215","Colorless","","Ao, the Dawn Sky","","","","","","","","0","41","",""
"2216","Colorless","","Théoden, King of Rohan","","","","","","","","0","41","",""
"2217","Colorless","","The War Doctor // Susan Foreman","","","","","","","","0","41","",""
"2218","Colorless","","Colonel Autumn","","","","","","","","0","41","",""
"2219","Colorless","","Spider-Punk","","","","","","","","0","41","",""
"2220","Colorless","","Venser, Visionary Traveler","","","","","","","","0","41","",""
"2221","Colorless","","Jaya Ballard, Task Mage","","","","","","","","0","40","",""
"2222","Colorless","","Esior, Wardwing Familiar // Tymna the Weaver","","","","","","","","0","40","",""
"2222","Colorless","","Ravos, Soultender // Tormod, the Desecrator","","","","","","","","0","40","",""
"2224","Colorless","","Temmet, Vizier of Naktamun","","","","","","","","0","40","",""
"2225","Colorless","","Akim, the Soaring Wind","","","","","","","","0","40","",""
"2226","Colorless","","Gnostro, Voice of the Crags","","","","","","","","0","40","",""
"2227","Colorless","","Risona, Asari Commander","","","","","","","","0","40","",""
"2228","Colorless","","Zellix, Sanity Flayer // Scion of Halaster","","","","","","","","0","40","",""
"2228","Colorless","","Jaheira, Friend of the Forest // Agent of the Iron Throne","","","","","","","","0","40","",""
"2230","Colorless","","The Red Terror","","","","","","","","0","40","",""
"2231","Colorless","","Elrond of the White Council","","","","","","","","0","40","",""
"2232","Colorless","","Kellan, Daring Traveler","","","","","","","","0","40","",""
"2233","Colorless","","Shaun & Rebecca, Agents","","","","","","","","0","40","",""
"2234","Colorless","","Azula, Ruthless Firebender","","","","","","","","0","40","",""
"2235","Colorless","","Don & Raph, Hard Science","","","","","","","","0","40","",""
"2236","Colorless","","Iron Man, Tony Stark","","","","","","","","0","40","",""
"2237","Colorless","","Living Laser","","","","","","","","0","40","",""
"2238","Colorless","","Fblthp, Knows the Way","","","","","","","","0","40","",""
"2238","Colorless","","Kiora of Fire and Ashes","","","","","","","","0","40","",""
"2240","Colorless","","Rescue Girl, First Responder","","","","","","","","0","40","",""
"2241","Colorless","","Treva, the Renewer","","","","","","","","0","39","",""
"2242","Colorless","","Isamaru, Hound of Konda","","","","","","","","0","39","",""
"2243","Colorless","","Lyzolda, the Blood Witch","","","","","","","","0","39","",""
"2244","Colorless","","Zetalpa, Primal Dawn","","","","","","","","0","39","",""
"2245","Colorless","","Syr Carah, the Bold","","","","","","","","0","39","",""
"2246","Colorless","","Haktos the Unscarred","","","","","","","","0","39","",""
"2247","Colorless","","Dargo, the Shipwrecker // Tevesh Szat, Doom of Fools","","","","","","","","0","39","",""
"2247","Colorless","","Keleth, Sunmane Familiar // Rograkh, Son of Rohgahh","","","","","","","","0","39","",""
"2249","Colorless","","Nils, Discipline Enforcer","","","","","","","","0","39","",""
"2250","Colorless","","The Tarrasque","","","","","","","","0","39","",""
"2251","Colorless","","Odric, Blood-Cursed","","","","","","","","0","39","",""
"2252","Colorless","","Burakos, Party Leader // Guild Artisan","","","","","","","","0","39","",""
"2252","Colorless","","Volo, Itinerant Scholar // Haunted One","","","","","","","","0","39","",""
"2254","Colorless","","The Second Doctor","","","","","","","","0","39","",""
"2255","Colorless","","Kiora, the Rising Tide","","","","","","","","0","39","",""
"2256","Colorless","","Adelbert Steiner","","","","","","","","0","39","",""
"2257","Colorless","","Black Widow, Super Spy","","","","","","","","0","39","",""
"2257","Colorless","","Immortus, Master of Eternity","","","","","","","","0","39","",""
"2259","Colorless","","Kangee, Aerie Keeper","","","","","","","","0","38","",""
"2260","Colorless","","Adamaro, First to Desire","","","","","","","","0","38","",""
"2260","Colorless","","Sekki, Seasons' Guide","","","","","","","","0","38","",""
"2262","Colorless","","Lavinia of the Tenth","","","","","","","","0","38","",""
"2263","Colorless","","Ravos, Soultender // Sakashima of a Thousand Faces","","","","","","","","0","38","",""
"2263","Colorless","","Dargo, the Shipwrecker // Silas Renn, Seeker Adept","","","","","","","","0","38","",""
"2265","Colorless","","Djeru, With Eyes Open","","","","","","","","0","38","",""
"2266","Colorless","","Satsuki, the Living Lore","","","","","","","","0","38","",""
"2267","Colorless","","Karlach, Fury of Avernus // Cultist of the Absolute","","","","","","","","0","38","",""
"2268","Colorless","","Rona, Sheoldred's Faithful","","","","","","","","0","38","",""
"2268","Colorless","","Golden Argosy","","","","","","","","0","38","",""
"2270","Colorless","","Tesak, Judith's Hellhound","","","","","","","","0","38","",""
"2271","Colorless","","Legate Lanius, Caesar's Ace","","","","","","","","0","38","",""
"2272","Colorless","","Sabin, Master Monk","","","","","","","","0","38","",""
"2273","Colorless","","Aunt May","","","","","","","","0","38","",""
"2274","Colorless","","Slash, Reptile Rampager","","","","","","","","0","38","",""
"2274","Colorless","","Kitsune, Dragon's Daughter","","","","","","","","0","38","",""
"2276","Colorless","","Arni, Humble Scribe","","","","","","","","0","38","",""
"2277","Colorless","","Barktooth Warbeard","","","","","","","","0","37","",""
"2278","Colorless","","Nylea, God of the Hunt","","","","","","","","0","37","",""
"2279","Colorless","","Reyhan, Last of the Abzan // Slurrk, All-Ingesting","","","","","","","","0","37","",""
"2280","Colorless","","Gale, Waterdeep Prodigy // Passionate Archaeologist","","","","","","","","0","37","",""
"2280","Colorless","","Rasaad yn Bashir // Dungeon Delver","","","","","","","","0","37","",""
"2282","Colorless","","Weatherlight Compleated","","","","","","","","0","37","",""
"2282","Colorless","","Tori D'Avenant, Fury Rider","","","","","","","","0","37","",""
"2284","Colorless","","Ambassador Blorpityblorpboop","","","","","","","","0","37","",""
"2285","Colorless","","Moira and Teshar","","","","","","","","0","37","",""
"2286","Colorless","","Gandalf, Friend of the Shire","","","","","","","","0","37","",""
"2287","Colorless","","Jackdaw","","","","","","","","0","37","",""
"2288","Colorless","","Xande, Dark Mage","","","","","","","","0","37","",""
"2289","Colorless","","Nita, Forum Conciliator","","","","","","","","0","37","",""
"2290","Colorless","","Boss Uramon, Shadow's Reach","","","","","","","","0","37","",""
"2291","Colorless","","Jiang Yanggu, Never Alone","","","","","","","","0","37","",""
"2292","Colorless","","Exava, Rakdos Blood Witch","","","","","","","","0","36","",""
"2293","Colorless","","Tymaret, the Murder King","","","","","","","","0","36","",""
"2294","Colorless","","Bruse Tarl, Boorish Herder // Kamahl, Heart of Krosa","","","","","","","","0","36","",""
"2294","Colorless","","Vial Smasher the Fierce // Yoshimaru, Ever Faithful","","","","","","","","0","36","",""
"2294","Colorless","","Ishai, Ojutai Dragonspeaker // Kodama of the East Tree","","","","","","","","0","36","",""
"2294","Colorless","","Kodama of the East Tree // Vial Smasher the Fierce","","","","","","","","0","36","",""
"2298","Colorless","","Drakuseth, Maw of Flames","","","","","","","","0","36","",""
"2299","Colorless","","Kogla, the Titan Ape","","","","","","","","0","36","",""
"2300","Colorless","","Krark, the Thumbless // Rograkh, Son of Rohgahh","","","","","","","","0","36","",""
"2301","Colorless","","Losheel, Clockwork Scholar","","","","","","","","0","36","",""
"2302","Colorless","","Catti-brie of Mithral Hall","","","","","","","","0","36","",""
"2303","Colorless","","Timothar, Baron of Bats","","","","","","","","0","36","",""
"2304","Colorless","","Shadowheart, Dark Justiciar // Noble Heritage","","","","","","","","0","36","",""
"2305","Colorless","","The Space Family Goblinson","","","","","","","","0","36","",""
"2306","Colorless","","Éomer, King of Rohan","","","","","","","","0","36","",""
"2307","Colorless","","The Second Doctor // Clara Oswald","","","","","","","","0","36","",""
"2308","Colorless","","Vial Smasher, Gleeful Grenadier","","","","","","","","0","36","",""
"2308","Colorless","","Malcolm, the Eyes","","","","","","","","0","36","",""
"2310","Colorless","","Bilbo, Fellow Conspirator","","","","","","","","0","36","",""
"2311","Colorless","","The Sackville-Bagginses","","","","","","","","0","36","",""
"2312","Colorless","","Patron of the Kitsune","","","","","","","","0","35","",""
"2313","Colorless","","Stonebrow, Krosan Hero","","","","","","","","0","35","",""
"2314","Colorless","","Roalesk, Apex Hybrid","","","","","","","","0","35","",""
"2315","Colorless","","Pashalik Mons","","","","","","","","0","35","",""
"2316","Colorless","","Lutri, the Spellchaser","","","","","","","","0","35","",""
"2317","Colorless","","Rulik Mons, Warren Chief","","","","","","","","0","35","",""
"2318","Colorless","","Danny Pink","","","","","","","","0","35","",""
"2319","Colorless","","Raul, Trouble Shooter","","","","","","","","0","35","",""
"2320","Colorless","","Green Goblin, Nemesis","","","","","","","","0","35","",""
"2321","Colorless","","Hama, the Bloodbender","","","","","","","","0","35","",""
"2322","Colorless","","The Unagi of Kyoshi Island","","","","","","","","0","35","",""
"2323","Colorless","","H.E.R.B.I.E., Lovable Robot","","","","","","","","0","35","",""
"2324","Colorless","","Marwyn, the Preserver","","","","","","","","0","35","",""
"2325","Colorless","","Kydele, Chosen of Kruphix // Thrasios, Triton Hero","","","","","","","","0","34","",""
"2325","Colorless","","Tana, the Bloodsower // Tevesh Szat, Doom of Fools","","","","","","","","0","34","",""
"2327","Colorless","","The Haunt of Hightower","","","","","","","","0","34","",""
"2328","Colorless","","Erebos, Bleak-Hearted","","","","","","","","0","34","",""
"2328","Colorless","","Thryx, the Sudden Storm","","","","","","","","0","34","",""
"2330","Colorless","","Ormos, Archive Keeper","","","","","","","","0","34","",""
"2331","Colorless","","Kodama of the East Tree // Yoshimaru, Ever Faithful","","","","","","","","0","34","",""
"2332","Colorless","","Old Gnawbone","","","","","","","","0","34","",""
"2333","Colorless","","Ganax, Astral Hunter // Far Traveler","","","","","","","","0","34","",""
"2334","Colorless","","Rankle and Torbran","","","","","","","","0","34","",""
"2335","Colorless","","The Twelfth Doctor // Vislor Turlough","","","","","","","","0","34","",""
"2335","Colorless","","The War Doctor // Ryan Sinclair","","","","","","","","0","34","",""
"2335","Colorless","","The Face of Boe","","","","","","","","0","34","",""
"2338","Colorless","","Rinoa Heartilly","","","","","","","","0","34","",""
"2339","Colorless","","Cait Sith, Fortune Teller","","","","","","","","0","34","",""
"2340","Colorless","","Seifer Almasy","","","","","","","","0","34","",""
"2341","Colorless","","Zhao, the Moon Slayer","","","","","","","","0","34","",""
"2342","Colorless","","Mondo Gecko","","","","","","","","0","34","",""
"2343","Colorless","","Karai, Future of the Foot","","","","","","","","0","34","",""
"2344","Colorless","","Gustha Ebbasdotter","","","","","","","","0","34","",""
"2345","Colorless","","Ixidor, Reality Sculptor","","","","","","","","0","33","",""
"2346","Colorless","","Akroma, Angel of Fury","","","","","","","","0","33","",""
"2347","Colorless","","Thrun, the Last Troll","","","","","","","","0","33","",""
"2348","Colorless","","Vish Kal, Blood Arbiter","","","","","","","","0","33","",""
"2349","Colorless","","Triad of Fates","","","","","","","","0","33","",""
"2350","Colorless","","Ikra Shidiqi, the Usurper // Sakashima of a Thousand Faces","","","","","","","","0","33","",""
"2350","Colorless","","Bruse Tarl, Boorish Herder // Tymna the Weaver","","","","","","","","0","33","",""
"2352","Colorless","","Hazoret the Fervent","","","","","","","","0","33","",""
"2353","Colorless","","Nazahn, Revered Bladesmith","","","","","","","","0","33","",""
"2354","Colorless","","Whisper, Blood Liturgist","","","","","","","","0","33","",""
"2355","Colorless","","Jolrael, Mwonvuli Recluse","","","","","","","","0","33","",""
"2356","Colorless","","Grakmaw, Skyclave Ravager","","","","","","","","0","33","",""
"2357","Colorless","","Francisco, Fowl Marauder // Rograkh, Son of Rohgahh","","","","","","","","0","33","",""
"2358","Colorless","","Gorex, the Tombshell","","","","","","","","0","33","",""
"2359","Colorless","","Katilda, Dawnhart Martyr","","","","","","","","0","33","",""
"2360","Colorless","","Vhal, Candlekeep Researcher // Raised by Giants","","","","","","","","0","33","",""
"2360","Colorless","","Wilson, Refined Grizzly // Tavern Brawler","","","","","","","","0","33","",""
"2360","Colorless","","Livaan, Cultist of Tiamat // Sword Coast Sailor","","","","","","","","0","33","",""
"2363","Colorless","","Aragorn, Company Leader","","","","","","","","0","33","",""
"2363","Colorless","","Erestor of the Council","","","","","","","","0","33","",""
"2365","Colorless","","Neva, Stalked by Nightmares","","","","","","","","0","33","",""
"2366","Colorless","","Rusko, Clockmaker","","","","","","","","0","33","",""
"2367","Colorless","","Hraesvelgr of the First Brood","","","","","","","","0","33","",""
"2368","Colorless","","Green Goblin, Revenant","","","","","","","","0","33","",""
"2369","Colorless","","Chong and Lily, Nomads","","","","","","","","0","33","",""
"2370","Colorless","","Maximus, Knight Apparent","","","","","","","","0","33","",""
"2371","Colorless","","Leonardo, Cutting Edge","","","","","","","","0","33","",""
"2372","Colorless","","Genghis Frog","","","","","","","","0","33","",""
"2373","Colorless","","Shuri, the Black Panther","","","","","","","","0","33","",""
"2374","Colorless","","Wiccan, Rising Magician","","","","","","","","0","33","",""
"2375","Colorless","","Dragon's Smile","","","","","","","","0","33","",""
"2376","Colorless","","Bladewing the Risen","","","","","","","","0","32","",""
"2377","Colorless","","Kira, Great Glass-Spinner","","","","","","","","0","32","",""
"2378","Colorless","","Sapling of Colfenor","","","","","","","","0","32","",""
"2379","Colorless","","Geth, Lord of the Vault","","","","","","","","0","32","",""
"2380","Colorless","","Anafenza, Kin-Tree Spirit","","","","","","","","0","32","",""
"2381","Colorless","","Sidar Kondo of Jamuraa // Silas Renn, Seeker Adept","","","","","","","","0","32","",""
"2381","Colorless","","Kydele, Chosen of Kruphix // Tevesh Szat, Doom of Fools","","","","","","","","0","32","",""
"2381","Colorless","","Eligeth, Crossroads Augur // Kydele, Chosen of Kruphix","","","","","","","","0","32","",""
"2384","Colorless","","Shanna, Sisay's Legacy","","","","","","","","0","32","",""
"2385","Colorless","","Sakashima of a Thousand Faces // Tormod, the Desecrator","","","","","","","","0","32","",""
"2386","Colorless","","Henrika Domnathi","","","","","","","","0","32","",""
"2387","Colorless","","Katsumasa, the Animator","","","","","","","","0","32","",""
"2388","Colorless","","Zellix, Sanity Flayer // Agent of the Iron Throne","","","","","","","","0","32","",""
"2389","Colorless","","The Dalek Emperor","","","","","","","","0","32","",""
"2390","Colorless","","Silver Surfer, Cosmic Voyager","","","","","","","","0","32","",""
"2391","Colorless","","Thor, Guardian of Midgard","","","","","","","","0","32","",""
"2392","Colorless","","Flitwing, Lyev Detective","","","","","","","","0","32","",""
"2393","Colorless","","Loot, the Nexus","","","","","","","","0","32","",""
"2394","Colorless","","Vaevictis Asmadi","","","","","","","","0","31","",""
"2395","Colorless","","Ben-Ben, Akki Hermit","","","","","","","","0","31","",""
"2395","Colorless","","Sachi, Daughter of Seshiro","","","","","","","","0","31","",""
"2395","Colorless","","Brothers Yamazaki","","","","","","","","0","31","",""
"2398","Colorless","","Dralnu, Lich Lord","","","","","","","","0","31","",""
"2399","Colorless","","Kurkesh, Onakke Ancient","","","","","","","","0","31","",""
"2400","Colorless","","Kydele, Chosen of Kruphix // Ravos, Soultender","","","","","","","","0","31","",""
"2400","Colorless","","Ishai, Ojutai Dragonspeaker // Tana, the Bloodsower","","","","","","","","0","31","",""
"2400","Colorless","","Ludevic, Necro-Alchemist // Sidar Kondo of Jamuraa","","","","","","","","0","31","",""
"2400","Colorless","","Kodama of the East Tree // Kraum, Ludevic's Opus","","","","","","","","0","31","",""
"2400","Colorless","","Sidar Kondo of Jamuraa // Tana, the Bloodsower","","","","","","","","0","31","",""
"2400","Colorless","","Kraum, Ludevic's Opus // Tormod, the Desecrator","","","","","","","","0","31","",""
"2406","Colorless","","Rishkar, Peema Renegade","","","","","","","","0","31","",""
"2407","Colorless","","Azor, the Lawbringer","","","","","","","","0","31","",""
"2408","Colorless","","Keskit, the Flesh Sculptor // Toggo, Goblin Weaponsmith","","","","","","","","0","31","",""
"2408","Colorless","","Alena, Kessig Trapper // Halana, Kessig Ranger","","","","","","","","0","31","",""
"2410","Colorless","","Quintorius, Field Historian","","","","","","","","0","31","",""
"2411","Colorless","","Targ Nar, Demon-Fang Gnoll","","","","","","","","0","31","",""
"2412","Colorless","","Lae'zel, Vlaakith's Champion // Noble Heritage","","","","","","","","0","31","",""
"2412","Colorless","","Abdel Adrian, Gorion's Ward // Street Urchin","","","","","","","","0","31","",""
"2412","Colorless","","Abdel Adrian, Gorion's Ward // Agent of the Iron Throne","","","","","","","","0","31","",""
"2412","Colorless","","Karlach, Fury of Avernus // Guild Artisan","","","","","","","","0","31","",""
"2416","Colorless","","Peregrin Took","","","","","","","","0","31","",""
"2417","Colorless","","Emrakul, the World Anew","","","","","","","","0","31","",""
"2418","Colorless","","Raubahn, Bull of Ala Mhigo","","","","","","","","0","31","",""
"2419","Colorless","","Michelangelo, Weirdness to 11","","","","","","","","0","31","",""
"2420","Colorless","","Misty Knight, Hero for Hire","","","","","","","","0","31","",""
"2421","Colorless","","Kíli the Resourceful","","","","","","","","0","31","",""
"2422","Colorless","","Chromium","","","","","","","","0","30","",""
"2423","Colorless","","Jolrael, Empress of Beasts","","","","","","","","0","30","",""
"2424","Colorless","","Padeem, Consul of Innovation","","","","","","","","0","30","",""
"2425","Colorless","","Kamahl, Heart of Krosa // Tymna the Weaver","","","","","","","","0","30","",""
"2425","Colorless","","Bruse Tarl, Boorish Herder // Reyhan, Last of the Abzan","","","","","","","","0","30","",""
"2425","Colorless","","Silas Renn, Seeker Adept // Yoshimaru, Ever Faithful","","","","","","","","0","30","",""
"2428","Colorless","","Torgaar, Famine Incarnate","","","","","","","","0","30","",""
"2429","Colorless","","Kaheera, the Orphanguard","","","","","","","","0","30","",""
"2430","Colorless","","Asmodeus the Archfiend","","","","","","","","0","30","",""
"2431","Colorless","","Goro-Goro, Disciple of Ryusei","","","","","","","","0","30","",""
"2432","Colorless","","Karlach, Fury of Avernus // Veteran Soldier","","","","","","","","0","30","",""
"2432","Colorless","","Wilson, Refined Grizzly // Folk Hero","","","","","","","","0","30","",""
"2432","Colorless","","Shadowheart, Dark Justiciar // Agent of the Iron Throne","","","","","","","","0","30","",""
"2432","Colorless","","Karlach, Fury of Avernus // Feywild Visitor","","","","","","","","0","30","",""
"2436","Colorless","","Evin, Waterdeep Opportunist","","","","","","","","0","30","",""
"2437","Colorless","","Gimli of the Glittering Caves","","","","","","","","0","30","",""
"2437","Colorless","","Frodo Baggins","","","","","","","","0","30","",""
"2439","Colorless","","The Fourteenth Doctor // K-9, Mark I","","","","","","","","0","30","",""
"2440","Colorless","","Akawalli, the Seething Tower","","","","","","","","0","30","",""
"2441","Colorless","","Baron Bertram Graywater","","","","","","","","0","30","",""
"2442","Colorless","","Hazoret, Godseeker","","","","","","","","0","30","",""
"2443","Colorless","","Seifer, Balamb Rival","","","","","","","","0","30","",""
"2444","Colorless","","Zuko, Conflicted","","","","","","","","0","30","",""
"2445","Colorless","","M'Baku, Jabari Chieftain","","","","","","","","0","30","",""
"2446","Colorless","","Sisters of Stone Death","","","","","","","","0","29","",""
"2447","Colorless","","Ardenn, Intrepid Archaeologist // Silas Renn, Seeker Adept","","","","","","","","0","29","",""
"2448","Colorless","","Kefnet the Mindful","","","","","","","","0","29","",""
"2449","Colorless","","Vona, Butcher of Magan","","","","","","","","0","29","",""
"2450","Colorless","","Shabraz, the Skyshark","","","","","","","","0","29","",""
"2451","Colorless","","Falthis, Shadowcat Familiar // Jeska, Thrice Reborn","","","","","","","","0","29","",""
"2451","Colorless","","Ardenn, Intrepid Archaeologist // Toggo, Goblin Weaponsmith","","","","","","","","0","29","",""
"2451","Colorless","","Esior, Wardwing Familiar // Yoshimaru, Ever Faithful","","","","","","","","0","29","",""
"2454","Colorless","","Karlach, Fury of Avernus // Agent of the Shadow Thieves","","","","","","","","0","29","",""
"2455","Colorless","","Maeve, Insidious Singer","","","","","","","","0","29","",""
"2456","Colorless","","Kemba, Kha Enduring","","","","","","","","0","29","",""
"2457","Colorless","","Rassilon, the War President","","","","","","","","0","29","",""
"2457","Colorless","","The War Doctor // K-9, Mark I","","","","","","","","0","29","",""
"2459","Colorless","","Wakka, Devoted Guardian","","","","","","","","0","29","",""
"2460","Colorless","","Edgar, Master Machinist","","","","","","","","0","29","",""
"2460","Colorless","","Auron, Venerated Guardian","","","","","","","","0","29","",""
"2462","Colorless","","Spider-Ham, Peter Porker","","","","","","","","0","29","",""
"2463","Colorless","","The Mechanist, Aerial Artisan","","","","","","","","0","29","",""
"2464","Colorless","","The Boulder, Ready to Rumble","","","","","","","","0","29","",""
"2465","Colorless","","Lockjaw, Slobbering Teleporter","","","","","","","","0","29","",""
"2466","Colorless","","Gwendlyn Di Corci","","","","","","","","0","28","",""
"2467","Colorless","","Rayne, Academy Chancellor","","","","","","","","0","28","",""
"2468","Colorless","","Medomai the Ageless","","","","","","","","0","28","",""
"2469","Colorless","","Tromokratis","","","","","","","","0","28","",""
"2470","Colorless","","Kolaghan, the Storm's Fury","","","","","","","","0","28","",""
"2471","Colorless","","Ardenn, Intrepid Archaeologist // Vial Smasher the Fierce","","","","","","","","0","28","",""
"2471","Colorless","","Reyhan, Last of the Abzan // Tymna the Weaver","","","","","","","","0","28","",""
"2473","Colorless","","Niambi, Esteemed Speaker","","","","","","","","0","28","",""
"2474","Colorless","","Malcolm, Keen-Eyed Navigator // Sakashima of a Thousand Faces","","","","","","","","0","28","",""
"2475","Colorless","","Bjorna, Nightfall Alchemist // Othelm, Sigardian Outcast","","","","","","","","0","28","",""
"2476","Colorless","","Yoshimaru, Ever Faithful","","","","","","","","0","28","",""
"2477","Colorless","","Sarevok, Deathbringer // Raised by Giants","","","","","","","","0","28","",""
"2478","Colorless","","Baird, Argivian Recruiter","","","","","","","","0","28","",""
"2479","Colorless","","Loran of the Third Path","","","","","","","","0","28","",""
"2480","Colorless","","Butch DeLoria, Tunnel Snake","","","","","","","","0","28","",""
"2481","Colorless","","The Warring Triad","","","","","","","","0","28","",""
"2482","Colorless","","Araña, Heart of the Spider","","","","","","","","0","28","",""
"2483","Colorless","","Sokka, Swordmaster","","","","","","","","0","28","",""
"2484","Colorless","","Storm, Queen of Wakanda","","","","","","","","0","28","",""
"2485","Colorless","","The Fantasticar","","","","","","","","0","28","",""
"2486","Colorless","","Captain Kathryn Janeway","","","","","","","","0","28","",""
"2487","Colorless","","Fíli and Kíli, Joyous","","","","","","","","0","28","",""
"2488","Colorless","","Nebuchadnezzar","","","","","","","","0","27","",""
"2489","Colorless","","Maraxus of Keld","","","","","","","","0","27","",""
"2490","Colorless","","Darigaaz, the Igniter","","","","","","","","0","27","",""
"2491","Colorless","","Tibor and Lumia","","","","","","","","0","27","",""
"2492","Colorless","","Adriana, Captain of the Guard","","","","","","","","0","27","",""
"2493","Colorless","","Kraum, Ludevic's Opus // Ravos, Soultender","","","","","","","","0","27","",""
"2493","Colorless","","Ishai, Ojutai Dragonspeaker // Thrasios, Triton Hero","","","","","","","","0","27","",""
"2493","Colorless","","Ishai, Ojutai Dragonspeaker // Tevesh Szat, Doom of Fools","","","","","","","","0","27","",""
"2496","Colorless","","Taigam, Sidisi's Hand","","","","","","","","0","27","",""
"2497","Colorless","","Naru Meha, Master Wizard","","","","","","","","0","27","",""
"2498","Colorless","","Ich-Tekik, Salvage Splicer // Rebbec, Architect of Ascension","","","","","","","","0","27","",""
"2498","Colorless","","Brinelin, the Moon Kraken // Gilanra, Caller of Wirewood","","","","","","","","0","27","",""
"2500","Colorless","","Halvar, God of Battle","","","","","","","","0","27","",""
"2501","Colorless","","Bennie Bracks, Zoologist","","","","","","","","0","27","",""
"2502","Colorless","","Vhal, Candlekeep Researcher // Passionate Archaeologist","","","","","","","","0","27","",""
"2502","Colorless","","Ganax, Astral Hunter","","","","","","","","0","27","",""
"2504","Colorless","","Gwaihir the Windlord","","","","","","","","0","27","",""
"2504","Colorless","","Merry, Esquire of Rohan","","","","","","","","0","27","",""
"2506","Colorless","","The Second Doctor // Donna Noble","","","","","","","","0","27","",""
"2506","Colorless","","Kate Stewart","","","","","","","","0","27","",""
"2508","Colorless","","Curie, Emergent Intelligence","","","","","","","","0","27","",""
"2508","Colorless","","Lily Bowen, Raging Grandma","","","","","","","","0","27","",""
"2510","Colorless","","Jolene, Plundering Pugilist","","","","","","","","0","27","",""
"2511","Colorless","","The Falcon, Airship Restored","","","","","","","","0","27","",""
"2512","Colorless","","Captain Kirk, Boldly Going","","","","","","","","0","27","",""
"2513","Colorless","","Mabel, Bitter Recluse","","","","","","","","0","27","",""
"2514","Colorless","","Hakim, Loreweaver","","","","","","","","0","26","",""
"2515","Colorless","","Ink-Eyes, Servant of Oni","","","","","","","","0","26","",""
"2516","Colorless","","Iname as One","","","","","","","","0","26","",""
"2517","Colorless","","Anowon, the Ruin Sage","","","","","","","","0","26","",""
"2518","Colorless","","Basandra, Battle Seraph","","","","","","","","0","26","",""
"2519","Colorless","","Akroma, Vision of Ixidor // Ikra Shidiqi, the Usurper","","","","","","","","0","26","",""
"2519","Colorless","","Reyhan, Last of the Abzan // Tana, the Bloodsower","","","","","","","","0","26","",""
"2519","Colorless","","Jeska, Thrice Reborn // Thrasios, Triton Hero","","","","","","","","0","26","",""
"2519","Colorless","","Kraum, Ludevic's Opus // Reyhan, Last of the Abzan","","","","","","","","0","26","",""
"2519","Colorless","","Ravos, Soultender // Reyhan, Last of the Abzan","","","","","","","","0","26","",""
"2519","Colorless","","Kraum, Ludevic's Opus // Ludevic, Necro-Alchemist","","","","","","","","0","26","",""
"2525","Colorless","","Anax, Hardened in the Forge","","","","","","","","0","26","",""
"2525","Colorless","","Polukranos, Unchained","","","","","","","","0","26","",""
"2527","Colorless","","Sengir, the Dark Baron // Tevesh Szat, Doom of Fools","","","","","","","","0","26","",""
"2527","Colorless","","Malcolm, Keen-Eyed Navigator // Rograkh, Son of Rohgahh","","","","","","","","0","26","",""
"2529","Colorless","","Volo, Itinerant Scholar // Acolyte of Bahamut","","","","","","","","0","26","",""
"2529","Colorless","","Gale, Waterdeep Prodigy // Master Chef","","","","","","","","0","26","",""
"2531","Colorless","","Ramirez DePietro, Pillager","","","","","","","","0","26","",""
"2532","Colorless","","Old Man Willow","","","","","","","","0","26","",""
"2533","Colorless","","Sally Sparrow","","","","","","","","0","26","",""
"2534","Colorless","","The Belligerent","","","","","","","","0","26","",""
"2535","Colorless","","Emissary Green","","","","","","","","0","26","",""
"2536","Colorless","","Kalakscion, Hunger Tyrant","","","","","","","","0","26","",""
"2537","Colorless","","Syr Vondam, the Lucent","","","","","","","","0","26","",""
"2538","Colorless","","Spider-Man Noir","","","","","","","","0","26","",""
"2539","Colorless","","Ferrafor, Young Yew","","","","","","","","0","26","",""
"2540","Colorless","","Groundchuck & Dirtbag","","","","","","","","0","26","",""
"2541","Colorless","","Iron Man, Armored Avenger","","","","","","","","0","26","",""
"2542","Colorless","","Hulk, Strongest There Is","","","","","","","","0","26","",""
"2543","Colorless","","Medusa, Inhuman Queen","","","","","","","","0","26","",""
"2544","Colorless","","Euru, Acorn Scrounger","","","","","","","","0","26","",""
"2545","Colorless","","Vhati il-Dal","","","","","","","","0","25","",""
"2546","Colorless","","Tomorrow, Azami's Familiar","","","","","","","","0","25","",""
"2547","Colorless","","Vorosh, the Hunter","","","","","","","","0","25","",""
"2548","Colorless","","Kraum, Ludevic's Opus // Tevesh Szat, Doom of Fools","","","","","","","","0","25","",""
"2548","Colorless","","Dargo, the Shipwrecker // Ikra Shidiqi, the Usurper","","","","","","","","0","25","",""
"2550","Colorless","","Josu Vess, Lich Knight","","","","","","","","0","25","",""
"2551","Colorless","","Breeches, Brazen Plunderer // Francisco, Fowl Marauder","","","","","","","","0","25","",""
"2551","Colorless","","Francisco, Fowl Marauder // Kediss, Emberclaw Familiar","","","","","","","","0","25","",""
"2553","Colorless","","Wyll, Blade of Frontiers // Dungeon Delver","","","","","","","","0","25","",""
"2553","Colorless","","Zellix, Sanity Flayer // Inspiring Leader","","","","","","","","0","25","",""
"2555","Colorless","","Imaryll, Elfhame Elite","","","","","","","","0","25","",""
"2556","Colorless","","Sam, Loyal Attendant","","","","","","","","0","25","",""
"2557","Colorless","","The Sixth Doctor // Susan Foreman","","","","","","","","0","25","",""
"2557","Colorless","","Wilfred Mott","","","","","","","","0","25","",""
"2559","Colorless","","Sentinel Sarah Lyons","","","","","","","","0","25","",""
"2560","Colorless","","Kraum, Violent Cacophony","","","","","","","","0","25","",""
"2561","Colorless","","Senu, Keen-Eyed Protector","","","","","","","","0","25","",""
"2562","Colorless","","Cleon, Merry Champion","","","","","","","","0","25","",""
"2562","Colorless","","Psemilla, Meletian Poet","","","","","","","","0","25","",""
"2564","Colorless","","Heidegger, Shinra Executive","","","","","","","","0","25","",""
"2565","Colorless","","Zack Fair","","","","","","","","0","25","",""
"2566","Colorless","","The Spot, Living Portal","","","","","","","","0","25","",""
"2566","Colorless","","Spider-Woman, Stunning Savior","","","","","","","","0","25","",""
"2566","Colorless","","Molten Man, Inferno Incarnate","","","","","","","","0","25","",""
"2569","Colorless","","Sun-Spider, Nimble Webber","","","","","","","","0","25","",""
"2570","Colorless","","Leonardo, Sewer Samurai","","","","","","","","0","25","",""
"2571","Colorless","","Baxter Stockman","","","","","","","","0","25","",""
"2572","Colorless","","Black Panther, Vanguard","","","","","","","","0","25","",""
"2573","Colorless","","Devil Dinosaur","","","","","","","","0","25","",""
"2574","Colorless","","Galactus, Devourer of Worlds","","","","","","","","0","25","",""
"2575","Colorless","","Adun Oakenshield","","","","","","","","0","24","",""
"2576","Colorless","","Diaochan, Artful Beauty","","","","","","","","0","24","",""
"2577","Colorless","","Slobad, Goblin Tinkerer","","","","","","","","0","24","",""
"2578","Colorless","","Homura, Human Ascendant","","","","","","","","0","24","",""
"2579","Colorless","","Jor Kadeen, the Prevailer","","","","","","","","0","24","",""
"2580","Colorless","","Anya, Merciless Angel","","","","","","","","0","24","",""
"2581","Colorless","","Francisco, Fowl Marauder // Ishai, Ojutai Dragonspeaker","","","","","","","","0","24","",""
"2581","Colorless","","Bruse Tarl, Boorish Herder // Ishai, Ojutai Dragonspeaker","","","","","","","","0","24","",""
"2581","Colorless","","Bruse Tarl, Boorish Herder // Malcolm, Keen-Eyed Navigator","","","","","","","","0","24","",""
"2581","Colorless","","Krark, the Thumbless // Kydele, Chosen of Kruphix","","","","","","","","0","24","",""
"2585","Colorless","","Darigaaz Reincarnated","","","","","","","","0","24","",""
"2585","Colorless","","Tiana, Ship's Caretaker","","","","","","","","0","24","",""
"2587","Colorless","","Tajic, Legion's Edge","","","","","","","","0","24","",""
"2588","Colorless","","Kunoros, Hound of Athreos","","","","","","","","0","24","",""
"2589","Colorless","","Rograkh, Son of Rohgahh // Sakashima of a Thousand Faces","","","","","","","","0","24","",""
"2589","Colorless","","Anara, Wolvid Familiar // Falthis, Shadowcat Familiar","","","","","","","","0","24","",""
"2591","Colorless","","Shessra, Death's Whisper","","","","","","","","0","24","",""
"2592","Colorless","","Nashi, Moon Sage's Scion","","","","","","","","0","24","",""
"2593","Colorless","","Najal, the Storm Runner","","","","","","","","0","24","",""
"2594","Colorless","","Legolas, Counter of Kills","","","","","","","","0","24","",""
"2595","Colorless","","Caparocti Sunborn","","","","","","","","0","24","",""
"2596","Colorless","","Ultros, Obnoxious Octopus","","","","","","","","0","24","",""
"2597","Colorless","","Rinoa, Angel Wing","","","","","","","","0","24","",""
"2598","Colorless","","Raphael, Ninja Destroyer","","","","","","","","0","24","",""
"2599","Colorless","","Kirol, History Buff","","","","","","","","0","24","",""
"2600","Colorless","","Bullseye, Death Dealer","","","","","","","","0","24","",""
"2600","Colorless","","Vulture, Feathered Fiend","","","","","","","","0","24","",""
"2602","Colorless","","Valeria Richards, Precocious","","","","","","","","0","24","",""
"2603","Colorless","","Dong Zhou, the Tyrant","","","","","","","","0","23","",""
"2604","Colorless","","Mannichi, the Fevered Dream","","","","","","","","0","23","",""
"2605","Colorless","","Haakon, Stromgald Scourge","","","","","","","","0","23","",""
"2606","Colorless","","Oros, the Avenger","","","","","","","","0","23","",""
"2607","Colorless","","Dwynen, Gilt-Leaf Daen","","","","","","","","0","23","",""
"2608","Colorless","","Reyhan, Last of the Abzan // Sakashima of a Thousand Faces","","","","","","","","0","23","",""
"2608","Colorless","","Jeska, Thrice Reborn // Tana, the Bloodsower","","","","","","","","0","23","",""
"2610","Colorless","","Yargle, Glutton of Urborg","","","","","","","","0","23","",""
"2611","Colorless","","God-Eternal Bontu","","","","","","","","0","23","",""
"2612","Colorless","","Gadwick, the Wizened","","","","","","","","0","23","",""
"2613","Colorless","","Falthis, Shadowcat Familiar // Kediss, Emberclaw Familiar","","","","","","","","0","23","",""
"2614","Colorless","","Rootha, Mercurial Artist","","","","","","","","0","23","",""
"2615","Colorless","","Ludevic, Necrogenius","","","","","","","","0","23","",""
"2616","Colorless","","Lulu, Loyal Hollyphant // Guild Artisan","","","","","","","","0","23","",""
"2616","Colorless","","Baeloth Barrityl, Entertainer // Criminal Past","","","","","","","","0","23","",""
"2616","Colorless","","Shadowheart, Dark Justiciar // Folk Hero","","","","","","","","0","23","",""
"2619","Colorless","","Cyclonus, the Saboteur","","","","","","","","0","23","",""
"2620","Colorless","","Rosie Cotton of South Lane","","","","","","","","0","23","",""
"2621","Colorless","","The Second Doctor // Susan Foreman","","","","","","","","0","23","",""
"2621","Colorless","","The Master, Mesmerist","","","","","","","","0","23","",""
"2623","Colorless","","Surtr, Fiery Jötun","","","","","","","","0","23","",""
"2624","Colorless","","Red XIII, Proud Warrior","","","","","","","","0","23","",""
"2625","Colorless","","Toph, the Blind Bandit","","","","","","","","0","23","",""
"2626","Colorless","","The Destined White Mage","","","","","","","","0","23","",""
"2627","Colorless","","Donatello, the Brains // Raphael, the Muscle","","","","","","","","0","23","",""
"2628","Colorless","","June, Bounty Hunter","","","","","","","","0","23","",""
"2629","Colorless","","Leader, Super-Genius","","","","","","","","0","23","",""
"2630","Colorless","","Yuriko, Hope from the Shadows","","","","","","","","0","23","",""
"2631","Colorless","","Yoshimaru, Beloved Companion","","","","","","","","0","23","",""
"2632","Colorless","","Taniwha","","","","","","","","0","22","",""
"2633","Colorless","","Xiahou Dun, the One-Eyed","","","","","","","","0","22","",""
"2634","Colorless","","Sigarda, Heron's Grace","","","","","","","","0","22","",""
"2635","Colorless","","Akiri, Line-Slinger // Malcolm, Keen-Eyed Navigator","","","","","","","","0","22","",""
"2635","Colorless","","Kodama of the East Tree // Ravos, Soultender","","","","","","","","0","22","",""
"2635","Colorless","","Tymna the Weaver // Vial Smasher the Fierce","","","","","","","","0","22","",""
"2635","Colorless","","Sakashima of a Thousand Faces // Tana, the Bloodsower","","","","","","","","0","22","",""
"2635","Colorless","","Ishai, Ojutai Dragonspeaker // Krark, the Thumbless","","","","","","","","0","22","",""
"2640","Colorless","","Hope of Ghirapur","","","","","","","","0","22","",""
"2641","Colorless","","Bontu the Glorified","","","","","","","","0","22","",""
"2642","Colorless","","Miara, Thorn of the Glade // Nadier, Agent of the Duskenel","","","","","","","","0","22","",""
"2642","Colorless","","Akroma, Vision of Ixidor // Sakashima of a Thousand Faces","","","","","","","","0","22","",""
"2642","Colorless","","Gilanra, Caller of Wirewood // Kamahl, Heart of Krosa","","","","","","","","0","22","",""
"2645","Colorless","","Fain, the Broker","","","","","","","","0","22","",""
"2646","Colorless","","Elmar, Ulvenwald Informant // Sophina, Spearsage Deserter","","","","","","","","0","22","",""
"2647","Colorless","","Norika Yamazaki, the Poet","","","","","","","","0","22","",""
"2647","Colorless","","Atsushi, the Blazing Sky","","","","","","","","0","22","",""
"2649","Colorless","","Karlach, Fury of Avernus // Master Chef","","","","","","","","0","22","",""
"2650","Colorless","","Old One Eye","","","","","","","","0","22","",""
"2650","Colorless","","Vorthos, Steward of Myth","","","","","","","","0","22","",""
"2652","Colorless","","Lita, Mechanical Engineer","","","","","","","","0","22","",""
"2653","Colorless","","Gwaihir, Greatest of the Eagles","","","","","","","","0","22","",""
"2653","Colorless","","Ioreth of the Healing House","","","","","","","","0","22","",""
"2655","Colorless","","The Sixth Doctor // Sarah Jane Smith","","","","","","","","0","22","",""
"2655","Colorless","","The Third Doctor // Dan Lewis","","","","","","","","0","22","",""
"2655","Colorless","","The Sixth Doctor // Clara Oswald","","","","","","","","0","22","",""
"2655","Colorless","","Astrid Peth","","","","","","","","0","22","",""
"2659","Colorless","","Itzquinth, Firstborn of Gishath","","","","","","","","0","22","",""
"2660","Colorless","","Arcade Gannon","","","","","","","","0","22","",""
"2660","Colorless","","Paladin Elizabeth Taggerdy","","","","","","","","0","22","",""
"2662","Colorless","","Taeko, the Patient Avalanche","","","","","","","","0","22","",""
"2663","Colorless","","Kellan, Planar Trailblazer","","","","","","","","0","22","",""
"2664","Colorless","","O'aka, Traveling Merchant","","","","","","","","0","22","",""
"2665","Colorless","","Spider-Man India","","","","","","","","0","22","",""
"2666","Colorless","","Captain America, Super-Soldier","","","","","","","","0","22","",""
"2667","Colorless","","Michelangelo, Improviser","","","","","","","","0","22","",""
"2668","Colorless","","Captain Marvel, Apex Avenger","","","","","","","","0","22","",""
"2668","Colorless","","Ant-Man, Colony Commander","","","","","","","","0","22","",""
"2670","Colorless","","Ka-Zar of the Savage Land","","","","","","","","0","22","",""
"2671","Colorless","","Iron Lad, Young Avenger","","","","","","","","0","22","",""
"2671","Colorless","","Super-Adaptoid","","","","","","","","0","22","",""
"2671","Colorless","","Hawkeye, Avenging Archer","","","","","","","","0","22","",""
"2671","Colorless","","The Thanos-Copter","","","","","","","","0","22","",""
"2675","Colorless","","Black Bolt, Inhuman King","","","","","","","","0","22","",""
"2676","Colorless","","Johan","","","","","","","","0","21","",""
"2677","Colorless","","Llawan, Cephalid Empress","","","","","","","","0","21","",""
"2678","Colorless","","Kataki, War's Wage","","","","","","","","0","21","",""
"2679","Colorless","","Szadek, Lord of Secrets","","","","","","","","0","21","",""
"2680","Colorless","","Ghost Council of Orzhova","","","","","","","","0","21","",""
"2681","Colorless","","Ikra Shidiqi, the Usurper // Kraum, Ludevic's Opus","","","","","","","","0","21","",""
"2681","Colorless","","Tana, the Bloodsower // Yoshimaru, Ever Faithful","","","","","","","","0","21","",""
"2681","Colorless","","Esior, Wardwing Familiar // Vial Smasher the Fierce","","","","","","","","0","21","",""
"2684","Colorless","","Razaketh, the Foulblooded","","","","","","","","0","21","",""
"2685","Colorless","","Keruga, the Macrosage","","","","","","","","0","21","",""
"2686","Colorless","","Nadier, Agent of the Duskenel // Numa, Joraga Chieftain","","","","","","","","0","21","",""
"2686","Colorless","","Eligeth, Crossroads Augur // Esior, Wardwing Familiar","","","","","","","","0","21","",""
"2688","Colorless","","Orcus, Prince of Undeath","","","","","","","","0","21","",""
"2688","Colorless","","Lorcan, Warlock Collector","","","","","","","","0","21","",""
"2688","Colorless","","Ebondeath, Dracolich","","","","","","","","0","21","",""
"2691","Colorless","","Durnan of the Yawning Portal // Sword Coast Sailor","","","","","","","","0","21","",""
"2691","Colorless","","Shadowheart, Dark Justiciar // Inspiring Leader","","","","","","","","0","21","",""
"2693","Colorless","","Vogar, Necropolis Tyrant","","","","","","","","0","21","",""
"2694","Colorless","","Sanwell, Avenger Ace","","","","","","","","0","21","",""
"2695","Colorless","","Denethor, Ruling Steward","","","","","","","","0","21","",""
"2696","Colorless","","The Twelfth Doctor // Romana II","","","","","","","","0","21","",""
"2696","Colorless","","Iraxxa, Empress of Mars","","","","","","","","0","21","",""
"2698","Colorless","","Fortune, Loyal Steed","","","","","","","","0","21","",""
"2699","Colorless","","Adéwalé, Breaker of Chains","","","","","","","","0","21","",""
"2700","Colorless","","Bartz and Boko","","","","","","","","0","21","",""
"2701","Colorless","","Shelinda, Yevon Acolyte","","","","","","","","0","21","",""
"2702","Colorless","","Jecht, Reluctant Guardian","","","","","","","","0","21","",""
"2703","Colorless","","Venom, Eddie Brock","","","","","","","","0","21","",""
"2704","Colorless","","Zuko, Avatar Hunter","","","","","","","","0","21","",""
"2705","Colorless","","Hydro-Man, Fluid Felon","","","","","","","","0","21","",""
"2706","Colorless","","April O'Neil, Human Element","","","","","","","","0","21","",""
"2707","Colorless","","Mona Lisa, Science Geek","","","","","","","","0","21","",""
"2707","Colorless","","Casey Jones, Back Alley Brute","","","","","","","","0","21","",""
"2709","Colorless","","Emil, Vastlands Roamer","","","","","","","","0","21","",""
"2710","Colorless","","Hawkeye, Master Marksman","","","","","","","","0","21","",""
"2711","Colorless","","Spider-Man, New Champion","","","","","","","","0","21","",""
"2712","Colorless","","Danitha, Spear of Agony","","","","","","","","0","21","",""
"2713","Colorless","","Ramses Overdark","","","","","","","","0","20","",""
"2713","Colorless","","Ayesha Tanaka","","","","","","","","0","20","",""
"2715","Colorless","","Lu Xun, Scholar General","","","","","","","","0","20","",""
"2716","Colorless","","Tolsimir Wolfblood","","","","","","","","0","20","",""
"2717","Colorless","","Rakdos the Defiler","","","","","","","","0","20","",""
"2718","Colorless","","Venser, Shaper Savant","","","","","","","","0","20","",""
"2719","Colorless","","Sakashima of a Thousand Faces // Thrasios, Triton Hero","","","","","","","","0","20","",""
"2719","Colorless","","Akiri, Line-Slinger // Reyhan, Last of the Abzan","","","","","","","","0","20","",""
"2719","Colorless","","Akroma, Vision of Ixidor // Tana, the Bloodsower","","","","","","","","0","20","",""
"2719","Colorless","","Alharu, Solemn Ritualist // Reyhan, Last of the Abzan","","","","","","","","0","20","",""
"2723","Colorless","","Armix, Filigree Thrasher // Ich-Tekik, Salvage Splicer","","","","","","","","0","20","",""
"2723","Colorless","","Kodama of the East Tree // Tevesh Szat, Doom of Fools","","","","","","","","0","20","",""
"2723","Colorless","","Dargo, the Shipwrecker // Rograkh, Son of Rohgahh","","","","","","","","0","20","",""
"2723","Colorless","","Francisco, Fowl Marauder // Ghost of Ramirez DePietro","","","","","","","","0","20","",""
"2727","Colorless","","Deekah, Fractal Theorist","","","","","","","","0","20","",""
"2728","Colorless","","Captain Ripley Vance","","","","","","","","0","20","",""
"2729","Colorless","","Errant, Street Artist","","","","","","","","0","20","",""
"2730","Colorless","","Durnan of the Yawning Portal // Agent of the Shadow Thieves","","","","","","","","0","20","",""
"2730","Colorless","","Ganax, Astral Hunter // Candlekeep Sage","","","","","","","","0","20","",""
"2730","Colorless","","Vhal, Candlekeep Researcher // Noble Heritage","","","","","","","","0","20","",""
"2730","Colorless","","Gut, True Soul Zealot // Cloakwood Hermit","","","","","","","","0","20","",""
"2734","Colorless","","Tura Kennerüd, Skyknight","","","","","","","","0","20","",""
"2735","Colorless","","Kinzu of the Bleak Coven","","","","","","","","0","20","",""
"2736","Colorless","","Senator Peacock","","","","","","","","0","20","",""
"2737","Colorless","","Elder Arthur Maxson","","","","","","","","0","20","",""
"2738","Colorless","","Ran and Shaw","","","","","","","","0","20","",""
"2739","Colorless","","Irma, Part-Time Mutant","","","","","","","","0","20","",""
"2740","Colorless","","Doc Samson, Super Psychiatrist","","","","","","","","0","20","",""
"2741","Colorless","","Cloak and Dagger, Entwined","","","","","","","","0","20","",""
"2742","Colorless","","Tetsuko Umezawa, Pursuer","","","","","","","","0","20","",""
"2743","Colorless","","Gallia, the Merrymaker","","","","","","","","0","20","",""
"2744","Colorless","","Marwyn, the Clearcutter","","","","","","","","0","20","",""
"2745","Colorless","","Gabriel Angelfire","","","","","","","","0","19","",""
"2746","Colorless","","Aboshan, Cephalid Emperor","","","","","","","","0","19","",""
"2747","Colorless","","Niv-Mizzet, Dracogenius","","","","","","","","0","19","",""
"2748","Colorless","","Sidar Kondo of Jamuraa // Toggo, Goblin Weaponsmith","","","","","","","","0","19","",""
"2748","Colorless","","Ishai, Ojutai Dragonspeaker // Tymna the Weaver","","","","","","","","0","19","",""
"2748","Colorless","","Ich-Tekik, Salvage Splicer // Silas Renn, Seeker Adept","","","","","","","","0","19","",""
"2748","Colorless","","Ludevic, Necro-Alchemist // Ravos, Soultender","","","","","","","","0","19","",""
"2748","Colorless","","Akiri, Line-Slinger // Armix, Filigree Thrasher","","","","","","","","0","19","",""
"2748","Colorless","","Tymna the Weaver","","","","","","","","0","19","",""
"2748","Colorless","","Kraum, Ludevic's Opus // Yoshimaru, Ever Faithful","","","","","","","","0","19","",""
"2748","Colorless","","Brinelin, the Moon Kraken // Ikra Shidiqi, the Usurper","","","","","","","","0","19","",""
"2748","Colorless","","Falthis, Shadowcat Familiar // Tana, the Bloodsower","","","","","","","","0","19","",""
"2748","Colorless","","Akiri, Line-Slinger // Toggo, Goblin Weaponsmith","","","","","","","","0","19","",""
"2748","Colorless","","Silas Renn, Seeker Adept // Tana, the Bloodsower","","","","","","","","0","19","",""
"2759","Colorless","","Palladia-Mors, the Ruiner","","","","","","","","0","19","",""
"2760","Colorless","","Trostani Discordant","","","","","","","","0","19","",""
"2761","Colorless","","Linvala, Shield of Sea Gate","","","","","","","","0","19","",""
"2762","Colorless","","Miara, Thorn of the Glade // Numa, Joraga Chieftain","","","","","","","","0","19","",""
"2763","Colorless","","Erinis, Gloom Stalker // Guild Artisan","","","","","","","","0","19","",""
"2763","Colorless","","Karlach, Fury of Avernus // Inspiring Leader","","","","","","","","0","19","",""
"2763","Colorless","","Baeloth Barrityl, Entertainer // Cultist of the Absolute","","","","","","","","0","19","",""
"2763","Colorless","","Lulu, Loyal Hollyphant // Candlekeep Sage","","","","","","","","0","19","",""
"2767","Colorless","","Jetfire, Ingenious Scientist","","","","","","","","0","19","",""
"2768","Colorless","","Melira, the Living Cure","","","","","","","","0","19","",""
"2769","Colorless","","Glóin, Dwarf Emissary","","","","","","","","0","19","",""
"2770","Colorless","","The First Doctor // Susan Foreman","","","","","","","","0","19","",""
"2771","Colorless","","Akal Pakal, First Among Equals","","","","","","","","0","19","",""
"2772","Colorless","","Sita Varma, Masked Racer","","","","","","","","0","19","",""
"2773","Colorless","","Maester Seymour","","","","","","","","0","19","",""
"2774","Colorless","","Beatrix, Loyal General","","","","","","","","0","19","",""
"2775","Colorless","","Sazh Katzroy","","","","","","","","0","19","",""
"2776","Colorless","","Sokka, Bold Boomeranger","","","","","","","","0","19","",""
"2777","Colorless","","Leonardo, the Balance // Splinter, the Mentor","","","","","","","","0","19","",""
"2778","Colorless","","Smellerbee, Rebel Fighter","","","","","","","","0","19","",""
"2779","Colorless","","Katara, Seeking Revenge","","","","","","","","0","19","",""
"2780","Colorless","","Shark Shredder, Killer Clone","","","","","","","","0","19","",""
"2781","Colorless","","Invisible Woman, Sue Storm","","","","","","","","0","19","",""
"2782","Colorless","","Reed Richards, Smartest Man","","","","","","","","0","19","",""
"2782","Colorless","","Swordsman, Sharp Scoundrel","","","","","","","","0","19","",""
"2782","Colorless","","Bushmaster, Coiled Henchman","","","","","","","","0","19","",""
"2785","Colorless","","Saheeli, Consul of Oversight","","","","","","","","0","19","",""
"2786","Colorless","","Tomik, Izzet Sparkmage","","","","","","","","0","19","",""
"2787","Colorless","","Ihsan's Shade","","","","","","","","0","18","",""
"2788","Colorless","","Barrin, Master Wizard","","","","","","","","0","18","",""
"2789","Colorless","","Hua Tuo, Honored Physician","","","","","","","","0","18","",""
"2790","Colorless","","Meloku the Clouded Mirror","","","","","","","","0","18","",""
"2790","Colorless","","Dosan the Falling Leaf","","","","","","","","0","18","",""
"2792","Colorless","","Yomiji, Who Bars the Way","","","","","","","","0","18","",""
"2793","Colorless","","Kagemaro, First to Suffer","","","","","","","","0","18","",""
"2794","Colorless","","Mirri the Cursed","","","","","","","","0","18","",""
"2795","Colorless","","Daghatar the Adamant","","","","","","","","0","18","",""
"2796","Colorless","","Dragonlord Silumgar","","","","","","","","0","18","",""
"2797","Colorless","","Sidar Kondo of Jamuraa // Tormod, the Desecrator","","","","","","","","0","18","",""
"2797","Colorless","","Kydele, Chosen of Kruphix // Rograkh, Son of Rohgahh","","","","","","","","0","18","",""
"2797","Colorless","","Akiri, Line-Slinger // Falthis, Shadowcat Familiar","","","","","","","","0","18","",""
"2800","Colorless","","Garna, the Bloodflame","","","","","","","","0","18","",""
"2801","Colorless","","Sakashima of a Thousand Faces","","","","","","","","0","18","",""
"2801","Colorless","","Ardenn, Intrepid Archaeologist // Jeska, Thrice Reborn","","","","","","","","0","18","",""
"2801","Colorless","","Kodama of the East Tree // Livio, Oathsworn Sentinel","","","","","","","","0","18","",""
"2801","Colorless","","Tuya Bearclaw","","","","","","","","0","18","",""
"2801","Colorless","","Dargo, the Shipwrecker // Kodama of the East Tree","","","","","","","","0","18","",""
"2801","Colorless","","Ardenn, Intrepid Archaeologist // Yoshimaru, Ever Faithful","","","","","","","","0","18","",""
"2801","Colorless","","Sakashima of a Thousand Faces // Tevesh Szat, Doom of Fools","","","","","","","","0","18","",""
"2808","Colorless","","Heiko Yamazaki, the General","","","","","","","","0","18","",""
"2809","Colorless","","Karlach, Fury of Avernus // Tavern Brawler","","","","","","","","0","18","",""
"2809","Colorless","","Baeloth Barrityl, Entertainer // Agent of the Shadow Thieves","","","","","","","","0","18","",""
"2809","Colorless","","Sarevok, Deathbringer // Cultist of the Absolute","","","","","","","","0","18","",""
"2809","Colorless","","Lulu, Loyal Hollyphant // Cultist of the Absolute","","","","","","","","0","18","",""
"2809","Colorless","","Gut, True Soul Zealot // Agent of the Shadow Thieves","","","","","","","","0","18","",""
"2814","Colorless","","The Fourteenth Doctor // Susan Foreman","","","","","","","","0","18","",""
"2815","Colorless","","Agrus Kos, Spirit of Justice","","","","","","","","0","18","",""
"2816","Colorless","","Strago and Relm","","","","","","","","0","18","",""
"2817","Colorless","","Ignis Scientia","","","","","","","","0","18","",""
"2818","Colorless","","Rhino, Barreling Brute","","","","","","","","0","18","",""
"2819","Colorless","","Lizard, Connors's Curse","","","","","","","","0","18","",""
"2820","Colorless","","Nev, the Practical Dean","","","","","","","","0","18","",""
"2821","Colorless","","Captain America, Wings of Freedom","","","","","","","","0","18","",""
"2822","Colorless","","Kid Loki","","","","","","","","0","18","",""
"2822","Colorless","","Mister Immortal","","","","","","","","0","18","",""
"2824","Colorless","","Dragon Man, Reformed Robot","","","","","","","","0","18","",""
"2825","Colorless","","Joven and Chandler","","","","","","","","0","18","",""
"2826","Colorless","","Autumn Willow, Harmony","","","","","","","","0","18","",""
"2826","Colorless","","Greensleeves","","","","","","","","0","18","",""
"2828","Colorless","","Traxos, Scourge Eternal","","","","","","","","0","18","",""
"2829","Colorless","","Shizuko, Caller of Autumn","","","","","","","","0","17","",""
"2830","Colorless","","Lim-Dûl the Necromancer","","","","","","","","0","17","",""
"2831","Colorless","","Baru, Fist of Krosa","","","","","","","","0","17","",""
"2832","Colorless","","Stitcher Geralf","","","","","","","","0","17","",""
"2833","Colorless","","Thalia, Heretic Cathar","","","","","","","","0","17","",""
"2834","Colorless","","Bruse Tarl, Boorish Herder // Silas Renn, Seeker Adept","","","","","","","","0","17","",""
"2834","Colorless","","Ich-Tekik, Salvage Splicer // Ishai, Ojutai Dragonspeaker","","","","","","","","0","17","",""
"2834","Colorless","","Ikra Shidiqi, the Usurper // Rograkh, Son of Rohgahh","","","","","","","","0","17","",""
"2834","Colorless","","Bruse Tarl, Boorish Herder // Kodama of the East Tree","","","","","","","","0","17","",""
"2834","Colorless","","Silas Renn, Seeker Adept // Toggo, Goblin Weaponsmith","","","","","","","","0","17","",""
"2834","Colorless","","Keleth, Sunmane Familiar // Reyhan, Last of the Abzan","","","","","","","","0","17","",""
"2834","Colorless","","Jeska, Thrice Reborn // Reyhan, Last of the Abzan","","","","","","","","0","17","",""
"2834","Colorless","","Ikra Shidiqi, the Usurper // Ludevic, Necro-Alchemist","","","","","","","","0","17","",""
"2842","Colorless","","Demonlord Belzenlok","","","","","","","","0","17","",""
"2843","Colorless","","Tawnos, Urza's Apprentice","","","","","","","","0","17","",""
"2844","Colorless","","Ukkima, Stalking Shadow","","","","","","","","0","17","",""
"2845","Colorless","","Akroma, Vision of Ixidor // Kamahl, Heart of Krosa","","","","","","","","0","17","",""
"2845","Colorless","","Jeska, Thrice Reborn // Kediss, Emberclaw Familiar","","","","","","","","0","17","",""
"2847","Colorless","","Uvilda, Dean of Perfection","","","","","","","","0","17","",""
"2848","Colorless","","Dorothea, Vengeful Victim","","","","","","","","0","17","",""
"2849","Colorless","","Rasaad yn Bashir // Sword Coast Sailor","","","","","","","","0","17","",""
"2850","Colorless","","Orca, Siege Demon","","","","","","","","0","17","",""
"2850","Colorless","","Sol'Kanar the Tainted","","","","","","","","0","17","",""
"2850","Colorless","","Aron, Benalia's Ruin","","","","","","","","0","17","",""
"2853","Colorless","","Claire D'Loon, Joy Sculptor","","","","","","","","0","17","",""
"2854","Colorless","","Strax, Sontaran Nurse","","","","","","","","0","17","",""
"2855","Colorless","","Harold and Bob, First Numens","","","","","","","","0","17","",""
"2855","Colorless","","Marcus, Mutant Mayor","","","","","","","","0","17","",""
"2857","Colorless","","Jem Lightfoote, Sky Explorer","","","","","","","","0","17","",""
"2858","Colorless","","Braulios of Pheres Band","","","","","","","","0","17","",""
"2859","Colorless","","Doc Ock, Evil Inventor","","","","","","","","0","17","",""
"2860","Colorless","","Yuffie, Materia Hunter","","","","","","","","0","17","",""
"2861","Colorless","","Ultimecia, Temporal Threat","","","","","","","","0","17","",""
"2862","Colorless","","Mysterio, Master of Illusion","","","","","","","","0","17","",""
"2863","Colorless","","Morlun, Devourer of Spiders","","","","","","","","0","17","",""
"2864","Colorless","","Michelangelo, On the Scene","","","","","","","","0","17","",""
"2865","Colorless","","Ty Lee, Chi Blocker","","","","","","","","0","17","",""
"2866","Colorless","","Professor Zei, Anthropologist","","","","","","","","0","17","",""
"2867","Colorless","","Mister Fantastic, Reed Richards","","","","","","","","0","17","",""
"2868","Colorless","","Black Widow, Deadly Hunter","","","","","","","","0","17","",""
"2869","Colorless","","Jabs, Mistress of Mockery","","","","","","","","0","17","",""
"2870","Colorless","","Danitha, Sword of Hope","","","","","","","","0","17","",""
"2870","Colorless","","Winter, Tormented Loner","","","","","","","","0","17","",""
"2872","Colorless","","Hapatra, the Desert Frost","","","","","","","","0","17","",""
"2873","Colorless","","Tetsuo Umezawa","","","","","","","","0","16","",""
"2873","Colorless","","Jacques le Vert","","","","","","","","0","16","",""
"2873","Colorless","","Ragnar","","","","","","","","0","16","",""
"2876","Colorless","","Starke of Rath","","","","","","","","0","16","",""
"2877","Colorless","","Infernal Kirin","","","","","","","","0","16","",""
"2878","Colorless","","Ulamog, the Infinite Gyre","","","","","","","","0","16","",""
"2879","Colorless","","Melira, Sylvok Outcast","","","","","","","","0","16","",""
"2880","Colorless","","Bruse Tarl, Boorish Herder // Falthis, Shadowcat Familiar","","","","","","","","0","16","",""
"2881","Colorless","","Alirios, Enraptured","","","","","","","","0","16","",""
"2882","Colorless","","Gadrak, the Crown-Scourge","","","","","","","","0","16","",""
"2883","Colorless","","Dargo, the Shipwrecker // Keskit, the Flesh Sculptor","","","","","","","","0","16","",""
"2884","Colorless","","Karlach, Fury of Avernus // Noble Heritage","","","","","","","","0","16","",""
"2884","Colorless","","Jaheira, Friend of the Forest // Guild Artisan","","","","","","","","0","16","",""
"2886","Colorless","","The Mouth of Sauron","","","","","","","","0","16","",""
"2886","Colorless","","Shelob, Dread Weaver","","","","","","","","0","16","",""
"2888","Colorless","","Duggan, Private Detective","","","","","","","","0","16","",""
"2889","Colorless","","Surrak, Elusive Hunter","","","","","","","","0","16","",""
"2890","Colorless","","Rufus Shinra","","","","","","","","0","16","",""
"2891","Colorless","","Lyla, Holographic Assistant","","","","","","","","0","16","",""
"2892","Colorless","","Momo, Playful Pet","","","","","","","","0","16","",""
"2893","Colorless","","Rhys, the Evermore","","","","","","","","0","16","",""
"2894","Colorless","","Savanti Romero, Time's Exile","","","","","","","","0","16","",""
"2895","Colorless","","Rat King, Pale Piper","","","","","","","","0","16","",""
"2896","Colorless","","Captain America, Liberator","","","","","","","","0","16","",""
"2896","Colorless","","Loki Laufeyson","","","","","","","","0","16","",""
"2896","Colorless","","White Widow, Yelena Belova","","","","","","","","0","16","",""
"2899","Colorless","","Stangg","","","","","","","","0","15","",""
"2900","Colorless","","Reveka, Wizard Savant","","","","","","","","0","15","",""
"2901","Colorless","","Jareth, Leonine Titan","","","","","","","","0","15","",""
"2902","Colorless","","Kumano, Master Yamabushi","","","","","","","","0","15","",""
"2903","Colorless","","Sakiko, Mother of Summer","","","","","","","","0","15","",""
"2903","Colorless","","Isao, Enlightened Bushi","","","","","","","","0","15","",""
"2905","Colorless","","Crovax, Ascendant Hero","","","","","","","","0","15","",""
"2906","Colorless","","Vendilion Clique","","","","","","","","0","15","",""
"2907","Colorless","","Dragonlord Atarka","","","","","","","","0","15","",""
"2908","Colorless","","Ulrich of the Krallenhorde","","","","","","","","0","15","",""
"2909","Colorless","","Gilanra, Caller of Wirewood // Kraum, Ludevic's Opus","","","","","","","","0","15","",""
"2909","Colorless","","Kediss, Emberclaw Familiar // Tymna the Weaver","","","","","","","","0","15","",""
"2909","Colorless","","Ludevic, Necro-Alchemist // Tevesh Szat, Doom of Fools","","","","","","","","0","15","",""
"2909","Colorless","","Livio, Oathsworn Sentinel // Thrasios, Triton Hero","","","","","","","","0","15","",""
"2909","Colorless","","Kraum, Ludevic's Opus // Thrasios, Triton Hero","","","","","","","","0","15","",""
"2909","Colorless","","Rograkh, Son of Rohgahh // Sidar Kondo of Jamuraa","","","","","","","","0","15","",""
"2915","Colorless","","Baird, Steward of Argive","","","","","","","","0","15","",""
"2916","Colorless","","Toothy, Imaginary Friend","","","","","","","","0","15","",""
"2917","Colorless","","Aphemia, the Cacophony","","","","","","","","0","15","",""
"2918","Colorless","","Dargo, the Shipwrecker // Toggo, Goblin Weaponsmith","","","","","","","","0","15","",""
"2918","Colorless","","Alena, Kessig Trapper // Kodama of the East Tree","","","","","","","","0","15","",""
"2918","Colorless","","Armix, Filigree Thrasher // Keskit, the Flesh Sculptor","","","","","","","","0","15","",""
"2918","Colorless","","Kamahl, Heart of Krosa // Kodama of the East Tree","","","","","","","","0","15","",""
"2918","Colorless","","Esior, Wardwing Familiar // Sakashima of a Thousand Faces","","","","","","","","0","15","",""
"2918","Colorless","","Rograkh, Son of Rohgahh // Toggo, Goblin Weaponsmith","","","","","","","","0","15","",""
"2918","Colorless","","Sakashima of a Thousand Faces // Toggo, Goblin Weaponsmith","","","","","","","","0","15","",""
"2925","Colorless","","Skanos Dragonheart // Dragon Cultist","","","","","","","","0","15","",""
"2925","Colorless","","Shadowheart, Dark Justiciar // Dragon Cultist","","","","","","","","0","15","",""
"2925","Colorless","","Ganax, Astral Hunter // Folk Hero","","","","","","","","0","15","",""
"2925","Colorless","","Gale, Waterdeep Prodigy // Raised by Giants","","","","","","","","0","15","",""
"2925","Colorless","","Imoen, Mystic Trickster // Far Traveler","","","","","","","","0","15","",""
"2925","Colorless","","Wilson, Refined Grizzly // Sword Coast Sailor","","","","","","","","0","15","",""
"2925","Colorless","","Lae'zel, Vlaakith's Champion // Scion of Halaster","","","","","","","","0","15","",""
"2925","Colorless","","Wyll, Blade of Frontiers // Clan Crafter","","","","","","","","0","15","",""
"2933","Colorless","","Frodo, Determined Hero","","","","","","","","0","15","",""
"2933","Colorless","","Haldir, Lórien Lieutenant","","","","","","","","0","15","",""
"2933","Colorless","","Boromir, Gondor's Hope","","","","","","","","0","15","",""
"2936","Colorless","","The Sixth Doctor // Vislor Turlough","","","","","","","","0","15","",""
"2936","Colorless","","The Ninth Doctor // Rose Tyler","","","","","","","","0","15","",""
"2936","Colorless","","The Master, Gallifrey's End","","","","","","","","0","15","",""
"2936","Colorless","","The Thirteenth Doctor // Clara Oswald","","","","","","","","0","15","",""
"2936","Colorless","","The Second Doctor // Ryan Sinclair","","","","","","","","0","15","",""
"2941","Colorless","","Bayek of Siwa","","","","","","","","0","15","",""
"2942","Colorless","","Pol Jamaar, Illusionist","","","","","","","","0","15","",""
"2943","Colorless","","Cyan, Vengeful Samurai","","","","","","","","0","15","",""
"2944","Colorless","","Casey Jones, Asphalt Hooligan","","","","","","","","0","15","",""
"2945","Colorless","","Wasp, Shrinking Savior","","","","","","","","0","15","",""
"2946","Colorless","","Ultron, Machine Overlord","","","","","","","","0","15","",""
"2947","Colorless","","Azog, Moria's Ruin","","","","","","","","0","15","",""
"2948","Colorless","","Bilbo, Unexpected Adventurer","","","","","","","","0","15","",""
"2949","Colorless","","Dáin, Lord of the Iron Hills","","","","","","","","0","15","",""
"2950","Colorless","","Palladia-Mors","","","","","","","","0","14","",""
"2951","Colorless","","Squee, Goblin Nabob","","","","","","","","0","14","",""
"2952","Colorless","","Commander Eesha","","","","","","","","0","14","",""
"2953","Colorless","","Akroma, Angel of Wrath","","","","","","","","0","14","",""
"2954","Colorless","","Sensei Golden-Tail","","","","","","","","0","14","",""
"2955","Colorless","","Kodama of the Center Tree","","","","","","","","0","14","",""
"2955","Colorless","","Kentaro, the Smiling Cat","","","","","","","","0","14","",""
"2957","Colorless","","Brigid, Hero of Kinsbaile","","","","","","","","0","14","",""
"2958","Colorless","","Sidar Kondo of Jamuraa // Tevesh Szat, Doom of Fools","","","","","","","","0","14","",""
"2958","Colorless","","Thrasios, Triton Hero // Tormod, the Desecrator","","","","","","","","0","14","",""
"2958","Colorless","","Bruse Tarl, Boorish Herder // Yoshimaru, Ever Faithful","","","","","","","","0","14","",""
"2958","Colorless","","Ardenn, Intrepid Archaeologist // Ludevic, Necro-Alchemist","","","","","","","","0","14","",""
"2962","Colorless","","Storrev, Devkarin Lich","","","","","","","","0","14","",""
"2963","Colorless","","Akroma, Vision of Ixidor // Radiant, Serra Archangel","","","","","","","","0","14","",""
"2963","Colorless","","Rograkh, Son of Rohgahh","","","","","","","","0","14","",""
"2963","Colorless","","Glacian, Powerstone Engineer // Toggo, Goblin Weaponsmith","","","","","","","","0","14","",""
"2966","Colorless","","Egon, God of Death","","","","","","","","0","14","",""
"2966","Colorless","","Harald, King of Skemfar","","","","","","","","0","14","",""
"2968","Colorless","","Wernog, Rider's Chaplain","","","","","","","","0","14","",""
"2969","Colorless","","Volo, Itinerant Scholar // Scion of Halaster","","","","","","","","0","14","",""
"2969","Colorless","","Sivriss, Nightmare Speaker // Haunted One","","","","","","","","0","14","",""
"2969","Colorless","","Jaheira, Friend of the Forest // Feywild Visitor","","","","","","","","0","14","",""
"2969","Colorless","","Gale, Waterdeep Prodigy // Guild Artisan","","","","","","","","0","14","",""
"2969","Colorless","","Karlach, Fury of Avernus","","","","","","","","0","14","",""
"2969","Colorless","","Skanos Dragonheart // Acolyte of Bahamut","","","","","","","","0","14","",""
"2975","Colorless","","Arcee, Sharpshooter","","","","","","","","0","14","",""
"2975","Colorless","","Hurkyl, Master Wizard","","","","","","","","0","14","",""
"2977","Colorless","","Johann, Apprentice Sorcerer","","","","","","","","0","14","",""
"2977","Colorless","","Old Flitterfang","","","","","","","","0","14","",""
"2979","Colorless","","The Fifth Doctor // Clara Oswald","","","","","","","","0","14","",""
"2979","Colorless","","The Twelfth Doctor // Graham O'Brien","","","","","","","","0","14","",""
"2981","Colorless","","Ian the Reckless","","","","","","","","0","14","",""
"2982","Colorless","","Lydia Frye","","","","","","","","0","14","",""
"2983","Colorless","","Anafenza, Unyielding Lineage","","","","","","","","0","14","",""
"2984","Colorless","","Spider-Man, Miles Morales","","","","","","","","0","14","",""
"2985","Colorless","","Zhao, Ruthless Admiral","","","","","","","","0","14","",""
"2986","Colorless","","Jet, Rebel Leader","","","","","","","","0","14","",""
"2987","Colorless","","Casey Jones, Vigilante","","","","","","","","0","14","",""
"2988","Colorless","","Venus, Torn Between Worlds","","","","","","","","0","14","",""
"2989","Colorless","","Killmonger, Scourge of Wakanda","","","","","","","","0","14","",""
"2990","Colorless","","X-23, Deadly Weapon","","","","","","","","0","14","",""
"2991","Colorless","","Alicia Masters, Skilled Sculptor","","","","","","","","0","14","",""
"2992","Colorless","","Thanos, Death's Consort","","","","","","","","0","14","",""
"2993","Colorless","","Gollum the Abandoned","","","","","","","","0","14","",""
"2994","Colorless","","Dáin Ironfoot","","","","","","","","0","14","",""
"2995","Colorless","","Beorn, Reluctant Host","","","","","","","","0","14","",""
"2996","Colorless","","Hapatra, the Desert Fang","","","","","","","","0","14","",""
"2997","Colorless","","General Jarkeld","","","","","","","","0","13","",""
"2998","Colorless","","Reya Dawnbringer","","","","","","","","0","13","",""
"2998","Colorless","","Atalya, Samite Master","","","","","","","","0","13","",""
"2998","Colorless","","Molimo, Maro-Sorcerer","","","","","","","","0","13","",""
"3001","Colorless","","Uyo, Silent Prophet","","","","","","","","0","13","",""
"3002","Colorless","","Iwamori of the Open Fist","","","","","","","","0","13","",""
"3003","Colorless","","Anthousa, Setessan Hero","","","","","","","","0","13","",""
"3004","Colorless","","Ludevic, Necro-Alchemist // Reyhan, Last of the Abzan","","","","","","","","0","13","",""
"3004","Colorless","","Vial Smasher the Fierce","","","","","","","","0","13","",""
"3004","Colorless","","Kodama of the East Tree // Silas Renn, Seeker Adept","","","","","","","","0","13","",""
"3004","Colorless","","Akiri, Line-Slinger // Francisco, Fowl Marauder","","","","","","","","0","13","",""
"3004","Colorless","","Tymna the Weaver // Yoshimaru, Ever Faithful","","","","","","","","0","13","",""
"3009","Colorless","","Oketra the True","","","","","","","","0","13","",""
"3010","Colorless","","Zegana, Utopian Speaker","","","","","","","","0","13","",""
"3011","Colorless","","Zareth San, the Trickster","","","","","","","","0","13","",""
"3012","Colorless","","Dargo, the Shipwrecker // Kediss, Emberclaw Familiar","","","","","","","","0","13","",""
"3012","Colorless","","Gilanra, Caller of Wirewood // Sakashima of a Thousand Faces","","","","","","","","0","13","",""
"3012","Colorless","","Captain Vargus Wrath","","","","","","","","0","13","",""
"3012","Colorless","","Armix, Filigree Thrasher // Rebbec, Architect of Ascension","","","","","","","","0","13","",""
"3016","Colorless","","Iymrith, Desert Doom","","","","","","","","0","13","",""
"3017","Colorless","","Bjorna, Nightfall Alchemist // Hargilde, Kindly Runechanter","","","","","","","","0","13","",""
"3018","Colorless","","Myojin of Cryptic Dreams","","","","","","","","0","13","",""
"3019","Colorless","","Rasaad yn Bashir // Flaming Fist","","","","","","","","0","13","",""
"3019","Colorless","","Sivriss, Nightmare Speaker // Agent of the Iron Throne","","","","","","","","0","13","",""
"3019","Colorless","","Sarevok, Deathbringer // Noble Heritage","","","","","","","","0","13","",""
"3019","Colorless","","Lulu, Loyal Hollyphant // Far Traveler","","","","","","","","0","13","",""
"3019","Colorless","","Vhal, Candlekeep Researcher // Tavern Brawler","","","","","","","","0","13","",""
"3024","Colorless","","Jirina, Dauntless General","","","","","","","","0","13","",""
"3025","Colorless","","Gimli, Counter of Kills","","","","","","","","0","13","",""
"3026","Colorless","","Goddric, Cloaked Reveler","","","","","","","","0","13","",""
"3027","Colorless","","The Seventh Doctor // Clara Oswald","","","","","","","","0","13","",""
"3028","Colorless","","Tolsimir, Midnight's Light","","","","","","","","0","13","",""
"3029","Colorless","","Caelorna, Coral Tyrant","","","","","","","","0","13","",""
"3030","Colorless","","Queen Brahne","","","","","","","","0","13","",""
"3031","Colorless","","Locke Cole","","","","","","","","0","13","",""
"3032","Colorless","","Nyla, Shirshu Sleuth","","","","","","","","0","13","",""
"3033","Colorless","","Sally Pride, Lioness Leader","","","","","","","","0","13","",""
"3034","Colorless","","Kang the Conqueror","","","","","","","","0","13","",""
"3034","Colorless","","Tigra, Feline Fury","","","","","","","","0","13","",""
"3034","Colorless","","Iron Fist, Living Weapon","","","","","","","","0","13","",""
"3037","Colorless","","Captain Marvel, Shooting Star","","","","","","","","0","13","",""
"3037","Colorless","","Vision, Spectral Synthezoid","","","","","","","","0","13","",""
"3037","Colorless","","Iceman and Firestar","","","","","","","","0","13","",""
"3040","Colorless","","Captain James T. Kirk","","","","","","","","0","13","",""
"3041","Colorless","","Arni, Renowned Champion","","","","","","","","0","13","",""
"3042","Colorless","","The Lady of the Mountain","","","","","","","","0","12","",""
"3042","Colorless","","Jerrard of the Closed Fist","","","","","","","","0","12","",""
"3044","Colorless","","Mirri, Cat Warrior","","","","","","","","0","12","",""
"3045","Colorless","","Ascendant Evincar","","","","","","","","0","12","",""
"3046","Colorless","","Higure, the Still Wind","","","","","","","","0","12","",""
"3046","Colorless","","Oyobi, Who Split the Heavens","","","","","","","","0","12","",""
"3048","Colorless","","Kuon, Ogre Ascendant","","","","","","","","0","12","",""
"3048","Colorless","","Kiyomaro, First to Stand","","","","","","","","0","12","",""
"3048","Colorless","","Masumaro, First to Live","","","","","","","","0","12","",""
"3051","Colorless","","Borborygmos","","","","","","","","0","12","",""
"3052","Colorless","","Rhys the Exiled","","","","","","","","0","12","",""
"3053","Colorless","","Rakka Mar","","","","","","","","0","12","",""
"3054","Colorless","","Silas Renn, Seeker Adept // Tormod, the Desecrator","","","","","","","","0","12","",""
"3054","Colorless","","Keskit, the Flesh Sculptor // Tana, the Bloodsower","","","","","","","","0","12","",""
"3054","Colorless","","Bruse Tarl, Boorish Herder // Sakashima of a Thousand Faces","","","","","","","","0","12","",""
"3054","Colorless","","Akiri, Line-Slinger // Kydele, Chosen of Kruphix","","","","","","","","0","12","",""
"3054","Colorless","","Ardenn, Intrepid Archaeologist // Bruse Tarl, Boorish Herder","","","","","","","","0","12","",""
"3054","Colorless","","Akiri, Line-Slinger // Ich-Tekik, Salvage Splicer","","","","","","","","0","12","",""
"3054","Colorless","","Keleth, Sunmane Familiar // Tana, the Bloodsower","","","","","","","","0","12","",""
"3054","Colorless","","Tevesh Szat, Doom of Fools // Tymna the Weaver","","","","","","","","0","12","",""
"3054","Colorless","","Akroma, Vision of Ixidor // Kraum, Ludevic's Opus","","","","","","","","0","12","",""
"3063","Colorless","","Parhelion II","","","","","","","","0","12","",""
"3064","Colorless","","Bell Borca, Spectral Sergeant","","","","","","","","0","12","",""
"3064","Colorless","","Kodama of the East Tree // Tormod, the Desecrator","","","","","","","","0","12","",""
"3064","Colorless","","Esior, Wardwing Familiar // Krark, the Thumbless","","","","","","","","0","12","",""
"3064","Colorless","","Krark, the Thumbless","","","","","","","","0","12","",""
"3064","Colorless","","Glacian, Powerstone Engineer // Rebbec, Architect of Ascension","","","","","","","","0","12","",""
"3064","Colorless","","Tevesh Szat, Doom of Fools // Yoshimaru, Ever Faithful","","","","","","","","0","12","",""
"3064","Colorless","","Ich-Tekik, Salvage Splicer // Malcolm, Keen-Eyed Navigator","","","","","","","","0","12","",""
"3071","Colorless","","Zalto, Fire Giant Duke","","","","","","","","0","12","",""
"3071","Colorless","","Barrowin of Clan Undurr","","","","","","","","0","12","",""
"3073","Colorless","","Bjorna, Nightfall Alchemist // Sophina, Spearsage Deserter","","","","","","","","0","12","",""
"3073","Colorless","","Elmar, Ulvenwald Informant // Othelm, Sigardian Outcast","","","","","","","","0","12","",""
"3075","Colorless","","Lae'zel, Vlaakith's Champion // Inspiring Leader","","","","","","","","0","12","",""
"3075","Colorless","","Erinis, Gloom Stalker // Sword Coast Sailor","","","","","","","","0","12","",""
"3075","Colorless","","Lae'zel, Vlaakith's Champion // Agent of the Shadow Thieves","","","","","","","","0","12","",""
"3075","Colorless","","Lae'zel, Vlaakith's Champion // Candlekeep Sage","","","","","","","","0","12","",""
"3075","Colorless","","Wyll, Blade of Frontiers // Acolyte of Bahamut","","","","","","","","0","12","",""
"3075","Colorless","","Vhal, Candlekeep Researcher // Clan Crafter","","","","","","","","0","12","",""
"3075","Colorless","","Abdel Adrian, Gorion's Ward // Master Chef","","","","","","","","0","12","",""
"3075","Colorless","","Lulu, Loyal Hollyphant // Master Chef","","","","","","","","0","12","",""
"3075","Colorless","","Alora, Merry Thief // Popular Entertainer","","","","","","","","0","12","",""
"3084","Colorless","","Radha, Coalition Warlord","","","","","","","","0","12","",""
"3085","Colorless","","Blitzwing, Cruel Tormentor","","","","","","","","0","12","",""
"3086","Colorless","","Gollum, Patient Plotter","","","","","","","","0","12","",""
"3087","Colorless","","The Fugitive Doctor // Martha Jones","","","","","","","","0","12","",""
"3087","Colorless","","The Fourteenth Doctor // Dan Lewis","","","","","","","","0","12","",""
"3087","Colorless","","The Tenth Doctor // Tegan Jovanka","","","","","","","","0","12","",""
"3087","Colorless","","The War Doctor // Adric, Mathematical Genius","","","","","","","","0","12","",""
"3091","Colorless","","The Fourteenth Doctor","","","","","","","","0","12","",""
"3092","Colorless","","Nick Valentine, Private Eye","","","","","","","","0","12","",""
"3092","Colorless","","Hancock, Ghoulish Mayor","","","","","","","","0","12","",""
"3094","Colorless","","Terrian, World Tyrant","","","","","","","","0","12","",""
"3095","Colorless","","Avalanche of Sector 7","","","","","","","","0","12","",""
"3096","Colorless","","MJ, Rising Star","","","","","","","","0","12","",""
"3097","Colorless","","Agent Venom","","","","","","","","0","12","",""
"3098","Colorless","","Abby, Merciless Soldier // Ellie, Brick Master","","","","","","","","0","12","",""
"3099","Colorless","","Leatherhead, Iron Gator","","","","","","","","0","12","",""
"3100","Colorless","","Beast, Erudite Aerialist","","","","","","","","0","12","",""
"3101","Colorless","","Hercules, Olympian Hero","","","","","","","","0","12","",""
"3102","Colorless","","Zuri, Warrior of Wakanda","","","","","","","","0","12","",""
"3103","Colorless","","Bilbo Baggins, Burglar","","","","","","","","0","12","",""
"3104","Colorless","","Ruric Thar, Magecrusher","","","","","","","","0","12","",""
"3104","Colorless","","Yargle, Goliath of Otaria","","","","","","","","0","12","",""
"3106","Colorless","","Morinfen","","","","","","","","0","11","",""
"3107","Colorless","","Cao Cao, Lord of Wei","","","","","","","","0","11","",""
"3108","Colorless","","Cho-Manno, Revolutionary","","","","","","","","0","11","",""
"3109","Colorless","","Tsabo Tavoc","","","","","","","","0","11","",""
"3110","Colorless","","Mistform Ultimus","","","","","","","","0","11","",""
"3111","Colorless","","Konda, Lord of Eiganjo","","","","","","","","0","11","",""
"3111","Colorless","","Shisato, Whispering Hunter","","","","","","","","0","11","",""
"3113","Colorless","","Maga, Traitor to Mortals","","","","","","","","0","11","",""
"3113","Colorless","","Skyfire Kirin","","","","","","","","0","11","",""
"3115","Colorless","","Chorus of the Conclave","","","","","","","","0","11","",""
"3116","Colorless","","Jedit Ojanen of Efrava","","","","","","","","0","11","",""
"3117","Colorless","","Polukranos, World Eater","","","","","","","","0","11","",""
"3118","Colorless","","Zurgo Bellstriker","","","","","","","","0","11","",""
"3119","Colorless","","Tevesh Szat, Doom of Fools // Vial Smasher the Fierce","","","","","","","","0","11","",""
"3119","Colorless","","Bruse Tarl, Boorish Herder // Tana, the Bloodsower","","","","","","","","0","11","",""
"3119","Colorless","","Akiri, Line-Slinger // Tymna the Weaver","","","","","","","","0","11","",""
"3119","Colorless","","Eligeth, Crossroads Augur // Thrasios, Triton Hero","","","","","","","","0","11","",""
"3119","Colorless","","Francisco, Fowl Marauder // Kraum, Ludevic's Opus","","","","","","","","0","11","",""
"3119","Colorless","","Jeska, Thrice Reborn // Vial Smasher the Fierce","","","","","","","","0","11","",""
"3119","Colorless","","Bruse Tarl, Boorish Herder // Kydele, Chosen of Kruphix","","","","","","","","0","11","",""
"3119","Colorless","","Sakashima of a Thousand Faces // Sidar Kondo of Jamuraa","","","","","","","","0","11","",""
"3119","Colorless","","Kydele, Chosen of Kruphix // Ludevic, Necro-Alchemist","","","","","","","","0","11","",""
"3119","Colorless","","Anara, Wolvid Familiar // Bruse Tarl, Boorish Herder","","","","","","","","0","11","",""
"3129","Colorless","","Kopala, Warden of Waves","","","","","","","","0","11","",""
"3129","Colorless","","Captain Lannery Storm","","","","","","","","0","11","",""
"3131","Colorless","","Urgoros, the Empty One","","","","","","","","0","11","",""
"3131","Colorless","","Rona, Disciple of Gix","","","","","","","","0","11","",""
"3133","Colorless","","Tomik, Distinguished Advokist","","","","","","","","0","11","",""
"3134","Colorless","","Tymaret, Chosen from Death","","","","","","","","0","11","",""
"3135","Colorless","","Barrin, Tolarian Archmage","","","","","","","","0","11","",""
"3136","Colorless","","Anara, Wolvid Familiar // Prava of the Steel Legion","","","","","","","","0","11","",""
"3136","Colorless","","Esior, Wardwing Familiar // Tevesh Szat, Doom of Fools","","","","","","","","0","11","",""
"3136","Colorless","","Esior, Wardwing Familiar // Rograkh, Son of Rohgahh","","","","","","","","0","11","",""
"3136","Colorless","","Brinelin, the Moon Kraken // Kodama of the East Tree","","","","","","","","0","11","",""
"3136","Colorless","","Nadier, Agent of the Duskenel // Tevesh Szat, Doom of Fools","","","","","","","","0","11","",""
"3136","Colorless","","Akroma, Vision of Ixidor // Falthis, Shadowcat Familiar","","","","","","","","0","11","",""
"3136","Colorless","","Tevesh Szat, Doom of Fools // Tormod, the Desecrator","","","","","","","","0","11","",""
"3143","Colorless","","Hargilde, Kindly Runechanter // Sophina, Spearsage Deserter","","","","","","","","0","11","",""
"3144","Colorless","","Wilson, Refined Grizzly // Criminal Past","","","","","","","","0","11","",""
"3144","Colorless","","Alora, Merry Thief // Far Traveler","","","","","","","","0","11","",""
"3144","Colorless","","Gut, True Soul Zealot // Scion of Halaster","","","","","","","","0","11","",""
"3144","Colorless","","Volo, Itinerant Scholar // Popular Entertainer","","","","","","","","0","11","",""
"3144","Colorless","","Volo, Itinerant Scholar // Noble Heritage","","","","","","","","0","11","",""
"3144","Colorless","","Jaheira, Friend of the Forest // Folk Hero","","","","","","","","0","11","",""
"3144","Colorless","","Wilson, Refined Grizzly // Shameless Charlatan","","","","","","","","0","11","",""
"3144","Colorless","","Abdel Adrian, Gorion's Ward // Inspiring Leader","","","","","","","","0","11","",""
"3152","Colorless","","Prowl, Stoic Strategist","","","","","","","","0","11","",""
"3153","Colorless","","Arni Metalbrow","","","","","","","","0","11","",""
"3154","Colorless","","The Eleventh Doctor // Clara Oswald","","","","","","","","0","11","",""
"3154","Colorless","","Jenny, Generated Anomaly","","","","","","","","0","11","",""
"3156","Colorless","","Ashe, Princess of Dalmasca","","","","","","","","0","11","",""
"3157","Colorless","","Sami, Ship's Engineer","","","","","","","","0","11","",""
"3158","Colorless","","Alpharael, Dreaming Acolyte","","","","","","","","0","11","",""
"3159","Colorless","","Spider-Rex, Daring Dino","","","","","","","","0","11","",""
"3160","Colorless","","Hobgoblin, Mantled Marauder","","","","","","","","0","11","",""
"3161","Colorless","","Leatherhead, Swamp Stalker","","","","","","","","0","11","",""
"3162","Colorless","","Donatello, Way with Machines","","","","","","","","0","11","",""
"3163","Colorless","","The Thing, Ben Grimm","","","","","","","","0","11","",""
"3164","Colorless","","Colleen Wing, Street Samurai","","","","","","","","0","11","",""
"3164","Colorless","","Baron Strucker, HYDRA Overlord","","","","","","","","0","11","",""
"3164","Colorless","","Crossbones, Malicious Mercenary","","","","","","","","0","11","",""
"3167","Colorless","","Ghost, Spectral Saboteur","","","","","","","","0","11","",""
"3167","Colorless","","Rick Jones, Destined Sidekick","","","","","","","","0","11","",""
"3169","Colorless","","Franklin Richards, Ascendant","","","","","","","","0","11","",""
"3170","Colorless","","Batroc the Leaper","","","","","","","","0","11","",""
"3170","Colorless","","Typhoid Mary, Fractured","","","","","","","","0","11","",""
"3172","Colorless","","Borg Queen, Perfection Manifest","","","","","","","","0","11","",""
"3173","Colorless","","Glóin the Mighty","","","","","","","","0","11","",""
"3174","Colorless","","Arcades Sabboth","","","","","","","","0","10","",""
"3175","Colorless","","Kaysa","","","","","","","","0","10","",""
"3176","Colorless","","Spirit of the Night","","","","","","","","0","10","",""
"3176","Colorless","","Shauku, Endbringer","","","","","","","","0","10","",""
"3178","Colorless","","Crovax the Cursed","","","","","","","","0","10","",""
"3179","Colorless","","Radiant, Archangel","","","","","","","","0","10","",""
"3180","Colorless","","Lu Bu, Master-at-Arms","","","","","","","","0","10","",""
"3181","Colorless","","Nemata, Grove Guardian","","","","","","","","0","10","",""
"3182","Colorless","","Ayumi, the Last Visitor","","","","","","","","0","10","",""
"3183","Colorless","","Emmara Tandris","","","","","","","","0","10","",""
"3184","Colorless","","Kamahl, Heart of Krosa // Tana, the Bloodsower","","","","","","","","0","10","",""
"3184","Colorless","","Akroma, Vision of Ixidor // Tymna the Weaver","","","","","","","","0","10","",""
"3184","Colorless","","Nadier, Agent of the Duskenel // Tana, the Bloodsower","","","","","","","","0","10","",""
"3184","Colorless","","Kediss, Emberclaw Familiar // Reyhan, Last of the Abzan","","","","","","","","0","10","",""
"3184","Colorless","","Esior, Wardwing Familiar // Ravos, Soultender","","","","","","","","0","10","",""
"3184","Colorless","","Dargo, the Shipwrecker // Kydele, Chosen of Kruphix","","","","","","","","0","10","",""
"3184","Colorless","","Ludevic, Necro-Alchemist // Yoshimaru, Ever Faithful","","","","","","","","0","10","",""
"3184","Colorless","","Ishai, Ojutai Dragonspeaker // Ludevic, Necro-Alchemist","","","","","","","","0","10","",""
"3184","Colorless","","Ishai, Ojutai Dragonspeaker // Sakashima of a Thousand Faces","","","","","","","","0","10","",""
"3184","Colorless","","Akiri, Line-Slinger // Kediss, Emberclaw Familiar","","","","","","","","0","10","",""
"3184","Colorless","","Bruse Tarl, Boorish Herder // Gilanra, Caller of Wirewood","","","","","","","","0","10","",""
"3184","Colorless","","Akiri, Line-Slinger // Ikra Shidiqi, the Usurper","","","","","","","","0","10","",""
"3196","Colorless","","Arvad the Cursed","","","","","","","","0","10","",""
"3196","Colorless","","Zahid, Djinn of the Lamp","","","","","","","","0","10","",""
"3196","Colorless","","Kazarov, Sengir Pureblood","","","","","","","","0","10","",""
"3196","Colorless","","Slinn Voda, the Rising Deep","","","","","","","","0","10","",""
"3200","Colorless","","Kaervek, the Spiteful","","","","","","","","0","10","",""
"3201","Colorless","","Falthis, Shadowcat Familiar // Toggo, Goblin Weaponsmith","","","","","","","","0","10","",""
"3201","Colorless","","Tormod, the Desecrator","","","","","","","","0","10","",""
"3201","Colorless","","Alena, Kessig Trapper // Livio, Oathsworn Sentinel","","","","","","","","0","10","",""
"3201","Colorless","","Kediss, Emberclaw Familiar // Sengir, the Dark Baron","","","","","","","","0","10","",""
"3201","Colorless","","Esior, Wardwing Familiar // Kediss, Emberclaw Familiar","","","","","","","","0","10","",""
"3206","Colorless","","Reidane, God of the Worthy","","","","","","","","0","10","",""
"3207","Colorless","","Kotose, the Silent Spider","","","","","","","","0","10","",""
"3208","Colorless","","Faceless One // Shameless Charlatan","","","","","","","","0","10","",""
"3208","Colorless","","Wilson, Refined Grizzly // Scion of Halaster","","","","","","","","0","10","",""
"3208","Colorless","","Zellix, Sanity Flayer","","","","","","","","0","10","",""
"3208","Colorless","","Halsin, Emerald Archdruid // Agent of the Iron Throne","","","","","","","","0","10","",""
"3208","Colorless","","Karlach, Fury of Avernus // Dragon Cultist","","","","","","","","0","10","",""
"3208","Colorless","","Wilson, Refined Grizzly // Master Chef","","","","","","","","0","10","",""
"3208","Colorless","","Ellyn Harbreeze, Busybody // Haunted One","","","","","","","","0","10","",""
"3208","Colorless","","Gale, Waterdeep Prodigy // Noble Heritage","","","","","","","","0","10","",""
"3208","Colorless","","Vhal, Candlekeep Researcher // Haunted One","","","","","","","","0","10","",""
"3217","Colorless","","Danitha, Benalia's Hope","","","","","","","","0","10","",""
"3217","Colorless","","Nael, Avizoa Aeronaut","","","","","","","","0","10","",""
"3219","Colorless","","Hajar, Loyal Bodyguard","","","","","","","","0","10","",""
"3220","Colorless","","Ardoz, Cobbler of War","","","","","","","","0","10","",""
"3221","Colorless","","Vraan, Executioner Thane","","","","","","","","0","10","",""
"3222","Colorless","","Strider, Ranger of the North","","","","","","","","0","10","",""
"3222","Colorless","","Lobelia, Defender of Bag End","","","","","","","","0","10","",""
"3224","Colorless","","Ash, Party Crasher","","","","","","","","0","10","",""
"3225","Colorless","","The Ninth Doctor // Susan Foreman","","","","","","","","0","10","",""
"3225","Colorless","","The Fifteenth Doctor // Sarah Jane Smith","","","","","","","","0","10","",""
"3227","Colorless","","Jason Bright, Glowing Prophet","","","","","","","","0","10","",""
"3227","Colorless","","ED-E, Lonesome Eyebot","","","","","","","","0","10","",""
"3229","Colorless","","Nazar, the Velvet Fang","","","","","","","","0","10","",""
"3230","Colorless","","Sundial, Dawn Tyrant","","","","","","","","0","10","",""
"3231","Colorless","","Banon, the Returners' Leader","","","","","","","","0","10","",""
"3232","Colorless","","Edgar, King of Figaro","","","","","","","","0","10","",""
"3233","Colorless","","Prompto Argentum","","","","","","","","0","10","",""
"3234","Colorless","","Ghost-Spider, Gwen Stacy","","","","","","","","0","10","",""
"3235","Colorless","","Spectacular Spider-Man","","","","","","","","0","10","",""
"3236","Colorless","","Katara, Bending Prodigy","","","","","","","","0","10","",""
"3237","Colorless","","Kraven, Proud Predator","","","","","","","","0","10","",""
"3238","Colorless","","April O'Neil, Hacktivist","","","","","","","","0","10","",""
"3239","Colorless","","The Fire Nation Drill","","","","","","","","0","10","",""
"3239","Colorless","","Guru Pathik","","","","","","","","0","10","",""
"3241","Colorless","","Attuma, Atlantean Warlord","","","","","","","","0","10","",""
"3242","Colorless","","Raphael, the Nightwatcher","","","","","","","","0","10","",""
"3243","Colorless","","Leonardo, Big Brother","","","","","","","","0","10","",""
"3244","Colorless","","Jadzi, Steward of Fate","","","","","","","","0","10","",""
"3245","Colorless","","Agent Phil Coulson","","","","","","","","0","10","",""
"3245","Colorless","","Echo, Perceptive Prodigy","","","","","","","","0","10","",""
"3247","Colorless","","Ronin, Shadow Stalker","","","","","","","","0","10","",""
"3248","Colorless","","Kingpin, Wilson Fisk","","","","","","","","0","10","",""
"3248","Colorless","","Atlas, Sizable Stooge","","","","","","","","0","10","",""
"3248","Colorless","","Spider-Man, Web-Spinner","","","","","","","","0","10","",""
"3248","Colorless","","Hulk, Brutal Brawler","","","","","","","","0","10","",""
"3248","Colorless","","Quicksilver, Speedster","","","","","","","","0","10","",""
"3253","Colorless","","Killmonger, Ruthless Usurper","","","","","","","","0","10","",""
"3254","Colorless","","Proft, Consulting Detective","","","","","","","","0","10","",""
"3255","Colorless","","Tomik, Orzhov Lawmage","","","","","","","","0","10","",""
"3256","Colorless","","Lady Evangela","","","","","","","","0","9","",""
"3257","Colorless","","Chandler","","","","","","","","0","9","",""
"3258","Colorless","","Ertai, Wizard Adept","","","","","","","","0","9","",""
"3259","Colorless","","Liu Bei, Lord of Shu","","","","","","","","0","9","",""
"3260","Colorless","","Ambassador Laquatus","","","","","","","","0","9","",""
"3261","Colorless","","Shimatsu the Bloodcloaked","","","","","","","","0","9","",""
"3261","Colorless","","Sosuke, Son of Seshiro","","","","","","","","0","9","",""
"3263","Colorless","","Garza Zol, Plague Queen","","","","","","","","0","9","",""
"3264","Colorless","","Wydwen, the Biting Gale","","","","","","","","0","9","",""
"3265","Colorless","","Ashling, the Extinguisher","","","","","","","","0","9","",""
"3266","Colorless","","Ojutai, Soul of Winter","","","","","","","","0","9","",""
"3267","Colorless","","Surrak, the Hunt Caller","","","","","","","","0","9","",""
"3268","Colorless","","Ikra Shidiqi, the Usurper // Ravos, Soultender","","","","","","","","0","9","",""
"3268","Colorless","","Jeska, Thrice Reborn // Kydele, Chosen of Kruphix","","","","","","","","0","9","",""
"3268","Colorless","","Kediss, Emberclaw Familiar // Tana, the Bloodsower","","","","","","","","0","9","",""
"3268","Colorless","","Kraum, Ludevic's Opus // Kydele, Chosen of Kruphix","","","","","","","","0","9","",""
"3268","Colorless","","Dargo, the Shipwrecker // Sidar Kondo of Jamuraa","","","","","","","","0","9","",""
"3268","Colorless","","Akiri, Line-Slinger // Keskit, the Flesh Sculptor","","","","","","","","0","9","",""
"3268","Colorless","","Ravos, Soultender // Tevesh Szat, Doom of Fools","","","","","","","","0","9","",""
"3268","Colorless","","Ardenn, Intrepid Archaeologist // Thrasios, Triton Hero","","","","","","","","0","9","",""
"3268","Colorless","","Brinelin, the Moon Kraken // Vial Smasher the Fierce","","","","","","","","0","9","",""
"3268","Colorless","","Ishai, Ojutai Dragonspeaker // Yoshimaru, Ever Faithful","","","","","","","","0","9","",""
"3278","Colorless","","Taranika, Akroan Veteran","","","","","","","","0","9","",""
"3279","Colorless","","Yidaro, Wandering Monster","","","","","","","","0","9","",""
"3280","Colorless","","Armix, Filigree Thrasher // Toggo, Goblin Weaponsmith","","","","","","","","0","9","",""
"3280","Colorless","","Kamahl, Heart of Krosa // Yoshimaru, Ever Faithful","","","","","","","","0","9","",""
"3280","Colorless","","Kodama of the East Tree // Rograkh, Son of Rohgahh","","","","","","","","0","9","",""
"3280","Colorless","","Kediss, Emberclaw Familiar // Keleth, Sunmane Familiar","","","","","","","","0","9","",""
"3280","Colorless","","Keskit, the Flesh Sculptor // Tormod, the Desecrator","","","","","","","","0","9","",""
"3285","Colorless","","Shaile, Dean of Radiance","","","","","","","","0","9","",""
"3286","Colorless","","Cecily, Haunted Mage // Hargilde, Kindly Runechanter","","","","","","","","0","9","",""
"3287","Colorless","","Gut, True Soul Zealot // Guild Artisan","","","","","","","","0","9","",""
"3287","Colorless","","Baeloth Barrityl, Entertainer // Popular Entertainer","","","","","","","","0","9","",""
"3287","Colorless","","Karlach, Fury of Avernus // Acolyte of Bahamut","","","","","","","","0","9","",""
"3287","Colorless","","Volo, Itinerant Scholar // Far Traveler","","","","","","","","0","9","",""
"3287","Colorless","","Volo, Itinerant Scholar // Feywild Visitor","","","","","","","","0","9","",""
"3287","Colorless","","Livaan, Cultist of Tiamat // Acolyte of Bahamut","","","","","","","","0","9","",""
"3287","Colorless","","Lae'zel, Vlaakith's Champion // Clan Crafter","","","","","","","","0","9","",""
"3287","Colorless","","Gale, Waterdeep Prodigy // Dragon Cultist","","","","","","","","0","9","",""
"3287","Colorless","","Livaan, Cultist of Tiamat // Tavern Brawler","","","","","","","","0","9","",""
"3287","Colorless","","Gale, Waterdeep Prodigy // Candlekeep Sage","","","","","","","","0","9","",""
"3287","Colorless","","Ganax, Astral Hunter // Clan Crafter","","","","","","","","0","9","",""
"3287","Colorless","","Viconia, Drow Apostate // Cloakwood Hermit","","","","","","","","0","9","",""
"3287","Colorless","","Zellix, Sanity Flayer // Cultist of the Absolute","","","","","","","","0","9","",""
"3287","Colorless","","Baeloth Barrityl, Entertainer // Agent of the Iron Throne","","","","","","","","0","9","",""
"3287","Colorless","","Zellix, Sanity Flayer // Cloakwood Hermit","","","","","","","","0","9","",""
"3287","Colorless","","Imoen, Mystic Trickster // Dungeon Delver","","","","","","","","0","9","",""
"3287","Colorless","","Wilson, Refined Grizzly // Guild Artisan","","","","","","","","0","9","",""
"3287","Colorless","","Halsin, Emerald Archdruid // Feywild Visitor","","","","","","","","0","9","",""
"3287","Colorless","","Karlach, Fury of Avernus // Popular Entertainer","","","","","","","","0","9","",""
"3287","Colorless","","Shadowheart, Dark Justiciar","","","","","","","","0","9","",""
"3307","Colorless","","Tobias, Doomed Conqueror","","","","","","","","0","9","",""
"3308","Colorless","","Quickbeam, Upstart Ent","","","","","","","","0","9","",""
"3308","Colorless","","Gandalf, White Rider","","","","","","","","0","9","",""
"3308","Colorless","","Witch-king, Bringer of Ruin","","","","","","","","0","9","",""
"3311","Colorless","","The Fifth Doctor // Nardole, Resourceful Cyborg","","","","","","","","0","9","",""
"3311","Colorless","","The Tenth Doctor","","","","","","","","0","9","",""
"3311","Colorless","","The First Doctor // Ryan Sinclair","","","","","","","","0","9","",""
"3311","Colorless","","The Twelfth Doctor","","","","","","","","0","9","",""
"3311","Colorless","","The Fourteenth Doctor // Sarah Jane Smith","","","","","","","","0","9","",""
"3316","Colorless","","Breeches, Eager Pillager","","","","","","","","0","9","",""
"3317","Colorless","","James, Wandering Dad","","","","","","","","0","9","",""
"3318","Colorless","","Desmond Miles","","","","","","","","0","9","",""
"3318","Colorless","","Roshan, Hidden Magister","","","","","","","","0","9","",""
"3320","Colorless","","Lagorin, Soul of Alacria","","","","","","","","0","9","",""
"3321","Colorless","","Elena, Turk Recruit","","","","","","","","0","9","",""
"3321","Colorless","","Umaro, Raging Yeti","","","","","","","","0","9","",""
"3323","Colorless","","Sokka, Lateral Strategist","","","","","","","","0","9","",""
"3323","Colorless","","Haru, Hidden Talent","","","","","","","","0","9","",""
"3325","Colorless","","Morbius the Living Vampire","","","","","","","","0","9","",""
"3325","Colorless","","Mary Jane Watson","","","","","","","","0","9","",""
"3327","Colorless","","Raphael, the Muscle // Splinter, the Mentor","","","","","","","","0","9","",""
"3328","Colorless","","Ty Lee, Artful Acrobat","","","","","","","","0","9","",""
"3329","Colorless","","Appa, Loyal Sky Bison","","","","","","","","0","9","",""
"3330","Colorless","","Armaggon, Future Shark","","","","","","","","0","9","",""
"3331","Colorless","","Raphael, Tough Turtle","","","","","","","","0","9","",""
"3332","Colorless","","Michelangelo, Mutant BFF","","","","","","","","0","9","",""
"3333","Colorless","","Captain Marvel, Earth's Protector","","","","","","","","0","9","",""
"3334","Colorless","","U.S.Agent, John Walker","","","","","","","","0","9","",""
"3335","Colorless","","Nick Fury, Spymaster","","","","","","","","0","9","",""
"3335","Colorless","","Hyperion, Supreme Hero","","","","","","","","0","9","",""
"3335","Colorless","","Big Bertha","","","","","","","","0","9","",""
"3335","Colorless","","Wiccan, Young Avenger","","","","","","","","0","9","",""
"3339","Colorless","","Abomination, Irradiated Brute","","","","","","","","0","9","",""
"3340","Colorless","","Nori, Teller of Tales","","","","","","","","0","9","",""
"3341","Colorless","","Marhault Elsdragon","","","","","","","","0","8","",""
"3341","Colorless","","Axelrod Gunnarson","","","","","","","","0","8","",""
"3343","Colorless","","Greel, Mind Raker","","","","","","","","0","8","",""
"3344","Colorless","","Verdeloth the Ancient","","","","","","","","0","8","",""
"3345","Colorless","","Thriss, Nantuko Primus","","","","","","","","0","8","",""
"3346","Colorless","","Glissa Sunseeker","","","","","","","","0","8","",""
"3347","Colorless","","Raksha Golden Cub","","","","","","","","0","8","",""
"3348","Colorless","","Yosei, the Morning Star","","","","","","","","0","8","",""
"3349","Colorless","","Patron of the Nezumi","","","","","","","","0","8","",""
"3350","Colorless","","Bounteous Kirin","","","","","","","","0","8","",""
"3351","Colorless","","Mangara of Corondor","","","","","","","","0","8","",""
"3352","Colorless","","Linvala, Keeper of Silence","","","","","","","","0","8","",""
"3353","Colorless","","Krond the Dawn-Clad","","","","","","","","0","8","",""
"3354","Colorless","","Nefarox, Overlord of Grixis","","","","","","","","0","8","",""
"3355","Colorless","","Dragonlord Kolaghan","","","","","","","","0","8","",""
"3356","Colorless","","Pia and Kiran Nalaar","","","","","","","","0","8","",""
"3356","Colorless","","Kothophed, Soul Hoarder","","","","","","","","0","8","",""
"3358","Colorless","","Thrasios, Triton Hero","","","","","","","","0","8","",""
"3358","Colorless","","Ikra Shidiqi, the Usurper // Kediss, Emberclaw Familiar","","","","","","","","0","8","",""
"3358","Colorless","","Miara, Thorn of the Glade // Tana, the Bloodsower","","","","","","","","0","8","",""
"3358","Colorless","","Kydele, Chosen of Kruphix // Yoshimaru, Ever Faithful","","","","","","","","0","8","",""
"3358","Colorless","","Kodama of the East Tree // Ludevic, Necro-Alchemist","","","","","","","","0","8","",""
"3358","Colorless","","Prava of the Steel Legion // Thrasios, Triton Hero","","","","","","","","0","8","",""
"3358","Colorless","","Dargo, the Shipwrecker // Ishai, Ojutai Dragonspeaker","","","","","","","","0","8","",""
"3358","Colorless","","Ishai, Ojutai Dragonspeaker","","","","","","","","0","8","",""
"3358","Colorless","","Ravos, Soultender","","","","","","","","0","8","",""
"3358","Colorless","","Falthis, Shadowcat Familiar // Ishai, Ojutai Dragonspeaker","","","","","","","","0","8","",""
"3358","Colorless","","Armix, Filigree Thrasher // Kraum, Ludevic's Opus","","","","","","","","0","8","",""
"3358","Colorless","","Kediss, Emberclaw Familiar // Vial Smasher the Fierce","","","","","","","","0","8","",""
"3358","Colorless","","Tana, the Bloodsower // Tormod, the Desecrator","","","","","","","","0","8","",""
"3358","Colorless","","Ghost of Ramirez DePietro // Ravos, Soultender","","","","","","","","0","8","",""
"3358","Colorless","","Anara, Wolvid Familiar // Ishai, Ojutai Dragonspeaker","","","","","","","","0","8","",""
"3358","Colorless","","Toggo, Goblin Weaponsmith // Vial Smasher the Fierce","","","","","","","","0","8","",""
"3358","Colorless","","Kamahl, Heart of Krosa // Thrasios, Triton Hero","","","","","","","","0","8","",""
"3358","Colorless","","Ikra Shidiqi, the Usurper // Reyhan, Last of the Abzan","","","","","","","","0","8","",""
"3376","Colorless","","Mavren Fein, Dusk Apostle","","","","","","","","0","8","",""
"3377","Colorless","","Toggo, Goblin Weaponsmith","","","","","","","","0","8","",""
"3377","Colorless","","Alena, Kessig Trapper // Brinelin, the Moon Kraken","","","","","","","","0","8","",""
"3377","Colorless","","Anara, Wolvid Familiar // Keleth, Sunmane Familiar","","","","","","","","0","8","",""
"3377","Colorless","","Rebbec, Architect of Ascension // Sakashima of a Thousand Faces","","","","","","","","0","8","",""
"3377","Colorless","","Anara, Wolvid Familiar // Rograkh, Son of Rohgahh","","","","","","","","0","8","",""
"3377","Colorless","","Ghost of Ramirez DePietro // Malcolm, Keen-Eyed Navigator","","","","","","","","0","8","",""
"3377","Colorless","","Alharu, Solemn Ritualist // Slurrk, All-Ingesting","","","","","","","","0","8","",""
"3377","Colorless","","Falthis, Shadowcat Familiar // Sengir, the Dark Baron","","","","","","","","0","8","",""
"3377","Colorless","","Falthis, Shadowcat Familiar // Rograkh, Son of Rohgahh","","","","","","","","0","8","",""
"3377","Colorless","","Esior, Wardwing Familiar // Radiant, Serra Archangel","","","","","","","","0","8","",""
"3377","Colorless","","Esior, Wardwing Familiar // Tormod, the Desecrator","","","","","","","","0","8","",""
"3377","Colorless","","Prava of the Steel Legion // Tevesh Szat, Doom of Fools","","","","","","","","0","8","",""
"3377","Colorless","","Kodama of the East Tree","","","","","","","","0","8","",""
"3377","Colorless","","Dargo, the Shipwrecker // Francisco, Fowl Marauder","","","","","","","","0","8","",""
"3377","Colorless","","Slurrk, All-Ingesting","","","","","","","","0","8","",""
"3377","Colorless","","Akroma, Vision of Ixidor // Gilanra, Caller of Wirewood","","","","","","","","0","8","",""
"3393","Colorless","","Kianne, Dean of Substance","","","","","","","","0","8","",""
"3394","Colorless","","Icingdeath, Frost Tyrant","","","","","","","","0","8","",""
"3395","Colorless","","Naomi, Pillar of Order","","","","","","","","0","8","",""
"3396","Colorless","","Livaan, Cultist of Tiamat // Hardy Outlander","","","","","","","","0","8","",""
"3396","Colorless","","Erinis, Gloom Stalker // Agent of the Shadow Thieves","","","","","","","","0","8","",""
"3396","Colorless","","Alora, Merry Thief // Guild Artisan","","","","","","","","0","8","",""
"3396","Colorless","","Durnan of the Yawning Portal // Tavern Brawler","","","","","","","","0","8","",""
"3396","Colorless","","Jaheira, Friend of the Forest // Cloakwood Hermit","","","","","","","","0","8","",""
"3396","Colorless","","Ganax, Astral Hunter // Street Urchin","","","","","","","","0","8","",""
"3396","Colorless","","Jaheira, Friend of the Forest // Master Chef","","","","","","","","0","8","",""
"3396","Colorless","","Sarevok, Deathbringer // Clan Crafter","","","","","","","","0","8","",""
"3396","Colorless","","Gut, True Soul Zealot // Cultist of the Absolute","","","","","","","","0","8","",""
"3396","Colorless","","Burakos, Party Leader // Dungeon Delver","","","","","","","","0","8","",""
"3396","Colorless","","Amber Gristle O'Maul // Veteran Soldier","","","","","","","","0","8","",""
"3396","Colorless","","Gale, Waterdeep Prodigy // Tavern Brawler","","","","","","","","0","8","",""
"3396","Colorless","","Vhal, Candlekeep Researcher // Cultist of the Absolute","","","","","","","","0","8","",""
"3396","Colorless","","Abdel Adrian, Gorion's Ward // Dungeon Delver","","","","","","","","0","8","",""
"3396","Colorless","","Baeloth Barrityl, Entertainer","","","","","","","","0","8","",""
"3396","Colorless","","Livaan, Cultist of Tiamat // Dragon Cultist","","","","","","","","0","8","",""
"3412","Colorless","","Squee, Dubious Monarch","","","","","","","","0","8","",""
"3413","Colorless","","Ignacio of Myra's Marvels // Nocturno of Myra's Marvels","","","","","","","","0","8","",""
"3413","Colorless","","D00-DL, Caricaturist","","","","","","","","0","8","",""
"3415","Colorless","","Grond, the Gatebreaker","","","","","","","","0","8","",""
"3415","Colorless","","Pippin, Guard of the Citadel","","","","","","","","0","8","",""
"3415","Colorless","","Boromir, Warden of the Tower","","","","","","","","0","8","",""
"3415","Colorless","","Sharkey, Tyrant of the Shire","","","","","","","","0","8","",""
"3415","Colorless","","Gríma Wormtongue","","","","","","","","0","8","",""
"3415","Colorless","","Saruman the White","","","","","","","","0","8","",""
"3421","Colorless","","Osgood, Operation Double","","","","","","","","0","8","",""
"3421","Colorless","","The Fifth Doctor // Adric, Mathematical Genius","","","","","","","","0","8","",""
"3421","Colorless","","The Twelfth Doctor // Yasmin Khan","","","","","","","","0","8","",""
"3424","Colorless","","Mastermind Plum","","","","","","","","0","8","",""
"3425","Colorless","","Veronica, Dissident Scribe","","","","","","","","0","8","",""
"3425","Colorless","","Overseer of Vault 76","","","","","","","","0","8","",""
"3427","Colorless","","Arno Dorian","","","","","","","","0","8","",""
"3428","Colorless","","Sutina, Speaker of the Tajuru","","","","","","","","0","8","",""
"3429","Colorless","","Cid, Freeflier Pilot","","","","","","","","0","8","",""
"3430","Colorless","","Bumi, Eclectic Earthbender","","","","","","","","0","8","",""
"3431","Colorless","","Donatello, the Brains // Splinter, the Mentor","","","","","","","","0","8","",""
"3432","Colorless","","Uncle Iroh","","","","","","","","0","8","",""
"3433","Colorless","","Ennis, Debate Moderator","","","","","","","","0","8","",""
"3434","Colorless","","Vision, Synthezoid Avenger","","","","","","","","0","8","",""
"3435","Colorless","","Grim Reaper, Lethal Legionnaire","","","","","","","","0","8","",""
"3436","Colorless","","Happy Hogan, Dauntless Driver","","","","","","","","0","8","",""
"3436","Colorless","","Crimson Cowl, Master of Evil","","","","","","","","0","8","",""
"3436","Colorless","","Black Panther, Most Dangerous","","","","","","","","0","8","",""
"3439","Colorless","","Iron Monger, Sadistic Tycoon","","","","","","","","0","8","",""
"3440","Colorless","","Benjamin Sisko, Besieged","","","","","","","","0","8","",""
"3441","Colorless","","Badgey, Malicious Glitch","","","","","","","","0","8","",""
"3442","Colorless","","Gallia, Tragic Host","","","","","","","","0","8","",""
"3443","Colorless","","Halfdane","","","","","","","","0","7","",""
"3444","Colorless","","Zuberi, Golden Feather","","","","","","","","0","7","",""
"3445","Colorless","","Kongming, ""Sleeping Dragon""","","","","","","","","0","7","",""
"3446","Colorless","","Jeska, Warrior Adept","","","","","","","","0","7","",""
"3447","Colorless","","Silvos, Rogue Elemental","","","","","","","","0","7","",""
"3448","Colorless","","Iname, Life Aspect","","","","","","","","0","7","",""
"3448","Colorless","","Kiku, Night's Flower","","","","","","","","0","7","",""
"3450","Colorless","","Razia, Boros Archangel","","","","","","","","0","7","",""
"3451","Colorless","","Avacyn, Guardian Angel","","","","","","","","0","7","",""
"3452","Colorless","","Munda, Ambush Leader","","","","","","","","0","7","",""
"3453","Colorless","","Ardenn, Intrepid Archaeologist // Ishai, Ojutai Dragonspeaker","","","","","","","","0","7","",""
"3453","Colorless","","Ludevic, Necro-Alchemist // Tormod, the Desecrator","","","","","","","","0","7","",""
"3453","Colorless","","Anara, Wolvid Familiar // Silas Renn, Seeker Adept","","","","","","","","0","7","",""
"3453","Colorless","","Bruse Tarl, Boorish Herder // Ravos, Soultender","","","","","","","","0","7","",""
"3453","Colorless","","Krark, the Thumbless // Reyhan, Last of the Abzan","","","","","","","","0","7","",""
"3453","Colorless","","Ravos, Soultender // Vial Smasher the Fierce","","","","","","","","0","7","",""
"3453","Colorless","","Reyhan, Last of the Abzan // Tevesh Szat, Doom of Fools","","","","","","","","0","7","",""
"3453","Colorless","","Keskit, the Flesh Sculptor // Silas Renn, Seeker Adept","","","","","","","","0","7","",""
"3453","Colorless","","Keskit, the Flesh Sculptor // Sidar Kondo of Jamuraa","","","","","","","","0","7","",""
"3453","Colorless","","Kydele, Chosen of Kruphix // Miara, Thorn of the Glade","","","","","","","","0","7","",""
"3453","Colorless","","Jeska, Thrice Reborn // Ravos, Soultender","","","","","","","","0","7","",""
"3453","Colorless","","Reyhan, Last of the Abzan","","","","","","","","0","7","",""
"3453","Colorless","","Anara, Wolvid Familiar // Tymna the Weaver","","","","","","","","0","7","",""
"3453","Colorless","","Akiri, Line-Slinger // Glacian, Powerstone Engineer","","","","","","","","0","7","",""
"3453","Colorless","","Rograkh, Son of Rohgahh // Vial Smasher the Fierce","","","","","","","","0","7","",""
"3453","Colorless","","Prava of the Steel Legion // Tana, the Bloodsower","","","","","","","","0","7","",""
"3453","Colorless","","Kraum, Ludevic's Opus // Sakashima of a Thousand Faces","","","","","","","","0","7","",""
"3453","Colorless","","Halana, Kessig Ranger // Ravos, Soultender","","","","","","","","0","7","",""
"3453","Colorless","","Anara, Wolvid Familiar // Vial Smasher the Fierce","","","","","","","","0","7","",""
"3453","Colorless","","Kediss, Emberclaw Familiar // Kraum, Ludevic's Opus","","","","","","","","0","7","",""
"3453","Colorless","","Ravos, Soultender // Sengir, the Dark Baron","","","","","","","","0","7","",""
"3474","Colorless","","Isareth the Awakener","","","","","","","","0","7","",""
"3475","Colorless","","Syr Faren, the Hengehammer","","","","","","","","0","7","",""
"3476","Colorless","","Ardenn, Intrepid Archaeologist // Armix, Filigree Thrasher","","","","","","","","0","7","",""
"3476","Colorless","","Ardenn, Intrepid Archaeologist // Sakashima of a Thousand Faces","","","","","","","","0","7","",""
"3476","Colorless","","Akroma, Vision of Ixidor // Yoshimaru, Ever Faithful","","","","","","","","0","7","",""
"3476","Colorless","","Gilanra, Caller of Wirewood // Miara, Thorn of the Glade","","","","","","","","0","7","",""
"3476","Colorless","","Ich-Tekik, Salvage Splicer // Keskit, the Flesh Sculptor","","","","","","","","0","7","",""
"3476","Colorless","","Kamahl, Heart of Krosa // Sakashima of a Thousand Faces","","","","","","","","0","7","",""
"3476","Colorless","","Esior, Wardwing Familiar // Falthis, Shadowcat Familiar","","","","","","","","0","7","",""
"3476","Colorless","","Kamahl, Heart of Krosa // Tormod, the Desecrator","","","","","","","","0","7","",""
"3476","Colorless","","Akroma, Vision of Ixidor // Ardenn, Intrepid Archaeologist","","","","","","","","0","7","",""
"3476","Colorless","","Gilanra, Caller of Wirewood // Halana, Kessig Ranger","","","","","","","","0","7","",""
"3476","Colorless","","Akroma, Vision of Ixidor","","","","","","","","0","7","",""
"3487","Colorless","","Arni Brokenbrow","","","","","","","","0","7","",""
"3488","Colorless","","Kurbis, Harvest Celebrant","","","","","","","","0","7","",""
"3488","Colorless","","Dennick, Pious Apprentice","","","","","","","","0","7","",""
"3490","Colorless","","Bjorna, Nightfall Alchemist // Cecily, Haunted Mage","","","","","","","","0","7","",""
"3491","Colorless","","Volo, Itinerant Scholar // Shameless Charlatan","","","","","","","","0","7","",""
"3491","Colorless","","Burakos, Party Leader // Agent of the Shadow Thieves","","","","","","","","0","7","",""
"3491","Colorless","","Viconia, Drow Apostate // Scion of Halaster","","","","","","","","0","7","",""
"3491","Colorless","","Skanos Dragonheart // Criminal Past","","","","","","","","0","7","",""
"3491","Colorless","","Shadowheart, Dark Justiciar // Cultist of the Absolute","","","","","","","","0","7","",""
"3491","Colorless","","Wyll, Blade of Frontiers // Master Chef","","","","","","","","0","7","",""
"3491","Colorless","","Sarevok, Deathbringer // Criminal Past","","","","","","","","0","7","",""
"3491","Colorless","","Volo, Itinerant Scholar","","","","","","","","0","7","",""
"3491","Colorless","","Sivriss, Nightmare Speaker // Feywild Visitor","","","","","","","","0","7","",""
"3500","Colorless","","Moira, Urborg Haunt","","","","","","","","0","7","",""
"3501","Colorless","","""Brims"" Barone, Midway Mobster","","","","","","","","0","7","",""
"3501","Colorless","","Monoxa, Midway Manager","","","","","","","","0","7","",""
"3501","Colorless","","It Came from Planet Glurg","","","","","","","","0","7","",""
"3504","Colorless","","Geth, Thane of Contracts","","","","","","","","0","7","",""
"3505","Colorless","","The Seventh Doctor // Ace, Fearless Rebel","","","","","","","","0","7","",""
"3505","Colorless","","The Fourteenth Doctor // Vislor Turlough","","","","","","","","0","7","",""
"3505","Colorless","","The Seventh Doctor // Jamie McCrimmon","","","","","","","","0","7","",""
"3505","Colorless","","The Sixth Doctor // Ian Chesterton","","","","","","","","0","7","",""
"3505","Colorless","","The Second Doctor // Dan Lewis","","","","","","","","0","7","",""
"3510","Colorless","","Aradesh, the Founder","","","","","","","","0","7","",""
"3510","Colorless","","The Motherlode, Excavator","","","","","","","","0","7","",""
"3512","Colorless","","Ezio, Brash Novice","","","","","","","","0","7","",""
"3513","Colorless","","Achilles Davenport","","","","","","","","0","7","",""
"3514","Colorless","","Urdnan, Dromoka Warrior","","","","","","","","0","7","",""
"3515","Colorless","","Tyrox, Saurid Tyrant","","","","","","","","0","7","",""
"3516","Colorless","","Reno and Rude","","","","","","","","0","7","",""
"3517","Colorless","","The Lunar Whale","","","","","","","","0","7","",""
"3518","Colorless","","Aang, Air Nomad","","","","","","","","0","7","",""
"3518","Colorless","","Zuko, Exiled Prince","","","","","","","","0","7","",""
"3520","Colorless","","The Destined Thief","","","","","","","","0","7","",""
"3521","Colorless","","April O'Neil, Live on the Scene // Donatello, the Brains","","","","","","","","0","7","",""
"3522","Colorless","","Jet, Freedom Fighter","","","","","","","","0","7","",""
"3523","Colorless","","Baxter, Fly in the Ointment","","","","","","","","0","7","",""
"3524","Colorless","","Mona Lisa, Ever Adaptable","","","","","","","","0","7","",""
"3525","Colorless","","Metalhead","","","","","","","","0","7","",""
"3526","Colorless","","Old Hob, Alleycat Blues","","","","","","","","0","7","",""
"3527","Colorless","","Human Torch, Johnny Storm","","","","","","","","0","7","",""
"3528","Colorless","","Quake, Agent of S.H.I.E.L.D.","","","","","","","","0","7","",""
"3529","Colorless","","The Whizzer, Classic Speedster","","","","","","","","0","7","",""
"3529","Colorless","","Ant-Man, Reformed Rogue","","","","","","","","0","7","",""
"3529","Colorless","","Radioactive Man","","","","","","","","0","7","",""
"3529","Colorless","","Viv Vision, Teen Synthezoid","","","","","","","","0","7","",""
"3529","Colorless","","Shang-Chi, Martial Mentor","","","","","","","","0","7","",""
"3534","Colorless","","Puppet Master, String Puller","","","","","","","","0","7","",""
"3535","Colorless","","Black Widow, Intel Expert","","","","","","","","0","7","",""
"3536","Colorless","","U.S.S. Enterprise-D, Galaxy-Class","","","","","","","","0","7","",""
"3537","Colorless","","Thorin, Company's Leader","","","","","","","","0","7","",""
"3538","Colorless","","Thalia, the Survivor","","","","","","","","0","7","",""
"3539","Colorless","","Pia, Determined Rebuilder","","","","","","","","0","7","",""
"3540","Colorless","","Tobias Andrion","","","","","","","","0","6","",""
"3541","Colorless","","Daughter of Autumn","","","","","","","","0","6","",""
"3541","Colorless","","Eron the Relentless","","","","","","","","0","6","",""
"3541","Colorless","","Baron Sengir","","","","","","","","0","6","",""
"3541","Colorless","","Hazduhr the Abbot","","","","","","","","0","6","",""
"3545","Colorless","","Rashida Scalebane","","","","","","","","0","6","",""
"3546","Colorless","","Huang Zhong, Shu General","","","","","","","","0","6","",""
"3546","Colorless","","Yuan Shao, the Indecisive","","","","","","","","0","6","",""
"3548","Colorless","","Latulla, Keldon Overseer","","","","","","","","0","6","",""
"3549","Colorless","","Gerrard Capashen","","","","","","","","0","6","",""
"3550","Colorless","","Kamahl, Pit Fighter","","","","","","","","0","6","",""
"3551","Colorless","","Yukora, the Prisoner","","","","","","","","0","6","",""
"3552","Colorless","","Soramaro, First to Dream","","","","","","","","0","6","",""
"3553","Colorless","","Tuktuk the Explorer","","","","","","","","0","6","",""
"3554","Colorless","","Jazal Goldmane","","","","","","","","0","6","",""
"3555","Colorless","","Akroma, Vision of Ixidor // Ravos, Soultender","","","","","","","","0","6","",""
"3555","Colorless","","Reyhan, Last of the Abzan // Silas Renn, Seeker Adept","","","","","","","","0","6","",""
"3555","Colorless","","Francisco, Fowl Marauder // Tana, the Bloodsower","","","","","","","","0","6","",""
"3555","Colorless","","Siani, Eye of the Storm // Tymna the Weaver","","","","","","","","0","6","",""
"3555","Colorless","","Kamahl, Heart of Krosa // Vial Smasher the Fierce","","","","","","","","0","6","",""
"3555","Colorless","","Anara, Wolvid Familiar // Tana, the Bloodsower","","","","","","","","0","6","",""
"3555","Colorless","","Ravos, Soultender // Rograkh, Son of Rohgahh","","","","","","","","0","6","",""
"3555","Colorless","","Halana, Kessig Ranger // Silas Renn, Seeker Adept","","","","","","","","0","6","",""
"3555","Colorless","","Akiri, Line-Slinger // Jeska, Thrice Reborn","","","","","","","","0","6","",""
"3555","Colorless","","Kamahl, Heart of Krosa // Ravos, Soultender","","","","","","","","0","6","",""
"3555","Colorless","","Toggo, Goblin Weaponsmith // Tymna the Weaver","","","","","","","","0","6","",""
"3555","Colorless","","Ikra Shidiqi, the Usurper // Jeska, Thrice Reborn","","","","","","","","0","6","",""
"3555","Colorless","","Anara, Wolvid Familiar // Ravos, Soultender","","","","","","","","0","6","",""
"3555","Colorless","","Bruse Tarl, Boorish Herder // Ghost of Ramirez DePietro","","","","","","","","0","6","",""
"3555","Colorless","","Ikra Shidiqi, the Usurper","","","","","","","","0","6","",""
"3555","Colorless","","Silas Renn, Seeker Adept // Tymna the Weaver","","","","","","","","0","6","",""
"3555","Colorless","","Gilanra, Caller of Wirewood // Ravos, Soultender","","","","","","","","0","6","",""
"3555","Colorless","","Ishai, Ojutai Dragonspeaker // Kydele, Chosen of Kruphix","","","","","","","","0","6","",""
"3555","Colorless","","Ishai, Ojutai Dragonspeaker // Kamahl, Heart of Krosa","","","","","","","","0","6","",""
"3555","Colorless","","Ardenn, Intrepid Archaeologist // Ikra Shidiqi, the Usurper","","","","","","","","0","6","",""
"3575","Colorless","","Tetzimoc, Primal Death","","","","","","","","0","6","",""
"3576","Colorless","","Niambi, Faithful Healer","","","","","","","","0","6","",""
"3577","Colorless","","God-Eternal Rhonas","","","","","","","","0","6","",""
"3578","Colorless","","Esior, Wardwing Familiar // Keleth, Sunmane Familiar","","","","","","","","0","6","",""
"3578","Colorless","","Tevesh Szat, Doom of Fools","","","","","","","","0","6","",""
"3578","Colorless","","Halana, Kessig Ranger // Tevesh Szat, Doom of Fools","","","","","","","","0","6","",""
"3578","Colorless","","Anara, Wolvid Familiar // Ardenn, Intrepid Archaeologist","","","","","","","","0","6","",""
"3578","Colorless","","Gilanra, Caller of Wirewood // Tevesh Szat, Doom of Fools","","","","","","","","0","6","",""
"3578","Colorless","","Ich-Tekik, Salvage Splicer // Sakashima of a Thousand Faces","","","","","","","","0","6","",""
"3578","Colorless","","Dargo, the Shipwrecker // Tormod, the Desecrator","","","","","","","","0","6","",""
"3578","Colorless","","Ardenn, Intrepid Archaeologist // Rebbec, Architect of Ascension","","","","","","","","0","6","",""
"3578","Colorless","","Brinelin, the Moon Kraken // Sakashima of a Thousand Faces","","","","","","","","0","6","",""
"3578","Colorless","","Halana, Kessig Ranger // Kodama of the East Tree","","","","","","","","0","6","",""
"3578","Colorless","","Ardenn, Intrepid Archaeologist // Falthis, Shadowcat Familiar","","","","","","","","0","6","",""
"3578","Colorless","","Jeska, Thrice Reborn // Kamahl, Heart of Krosa","","","","","","","","0","6","",""
"3578","Colorless","","Armix, Filigree Thrasher // Rograkh, Son of Rohgahh","","","","","","","","0","6","",""
"3578","Colorless","","Krark, the Thumbless // Malcolm, Keen-Eyed Navigator","","","","","","","","0","6","",""
"3592","Colorless","","Inga Rune-Eyes","","","","","","","","0","6","",""
"3593","Colorless","","Go-Shintai of Lost Wisdom","","","","","","","","0","6","",""
"3594","Colorless","","Burakos, Party Leader // Street Urchin","","","","","","","","0","6","",""
"3594","Colorless","","Halsin, Emerald Archdruid // Veteran Soldier","","","","","","","","0","6","",""
"3594","Colorless","","Karlach, Fury of Avernus // Haunted One","","","","","","","","0","6","",""
"3594","Colorless","","Abdel Adrian, Gorion's Ward","","","","","","","","0","6","",""
"3594","Colorless","","Baeloth Barrityl, Entertainer // Master Chef","","","","","","","","0","6","",""
"3594","Colorless","","Jaheira, Friend of the Forest // Scion of Halaster","","","","","","","","0","6","",""
"3594","Colorless","","Amber Gristle O'Maul // Criminal Past","","","","","","","","0","6","",""
"3594","Colorless","","Shadowheart, Dark Justiciar // Tavern Brawler","","","","","","","","0","6","",""
"3594","Colorless","","Wilson, Refined Grizzly // Haunted One","","","","","","","","0","6","",""
"3594","Colorless","","Wilson, Refined Grizzly // Clan Crafter","","","","","","","","0","6","",""
"3594","Colorless","","Skanos Dragonheart // Hardy Outlander","","","","","","","","0","6","",""
"3594","Colorless","","Livaan, Cultist of Tiamat // Scion of Halaster","","","","","","","","0","6","",""
"3594","Colorless","","Wyll, Blade of Frontiers // Far Traveler","","","","","","","","0","6","",""
"3594","Colorless","","Wyll, Blade of Frontiers // Raised by Giants","","","","","","","","0","6","",""
"3594","Colorless","","Lae'zel, Vlaakith's Champion // Sword Coast Sailor","","","","","","","","0","6","",""
"3594","Colorless","","Abdel Adrian, Gorion's Ward // Cultist of the Absolute","","","","","","","","0","6","",""
"3610","Colorless","","Truss, Chief Engineer","","","","","","","","0","6","",""
"3610","Colorless","","Tusk and Whiskers","","","","","","","","0","6","",""
"3612","Colorless","","Loran, Disciple of History","","","","","","","","0","6","",""
"3613","Colorless","","Mizzix, Replica Rider","","","","","","","","0","6","",""
"3614","Colorless","","Kogla and Yidaro","","","","","","","","0","6","",""
"3615","Colorless","","Éowyn, Fearless Knight","","","","","","","","0","6","",""
"3615","Colorless","","Saradoc, Master of Buckland","","","","","","","","0","6","",""
"3615","Colorless","","Éomer, Marshal of Rohan","","","","","","","","0","6","",""
"3615","Colorless","","Éowyn, Lady of Rohan","","","","","","","","0","6","",""
"3615","Colorless","","Butterbur, Bree Innkeeper","","","","","","","","0","6","",""
"3620","Colorless","","Idris, Soul of the TARDIS","","","","","","","","0","6","",""
"3620","Colorless","","The Sixth Doctor","","","","","","","","0","6","",""
"3620","Colorless","","The War Doctor // Vislor Turlough","","","","","","","","0","6","",""
"3620","Colorless","","The Seventh Doctor // Dan Lewis","","","","","","","","0","6","",""
"3620","Colorless","","The Fourteenth Doctor // Adric, Mathematical Genius","","","","","","","","0","6","",""
"3620","Colorless","","The Fourteenth Doctor // Jo Grant","","","","","","","","0","6","",""
"3620","Colorless","","The Eighth Doctor // Jo Grant","","","","","","","","0","6","",""
"3627","Colorless","","Uchbenbak, the Great Mistake","","","","","","","","0","6","",""
"3628","Colorless","","Headliner Scarlett","","","","","","","","0","6","",""
"3629","Colorless","","Anep, Vizier of Hazoret","","","","","","","","0","6","",""
"3630","Colorless","","Basri, Tomorrow's Champion","","","","","","","","0","6","",""
"3631","Colorless","","Interceptor, Shadow's Hound","","","","","","","","0","6","",""
"3632","Colorless","","Rosa, Resolute White Mage","","","","","","","","0","6","",""
"3633","Colorless","","Spider-Man 2099, Miguel O'Hara","","","","","","","","0","6","",""
"3633","Colorless","","Shocker, Unshakable","","","","","","","","0","6","",""
"3635","Colorless","","Flopsie, Bumi's Buddy","","","","","","","","0","6","",""
"3636","Colorless","","Spider-Girl, Legacy Hero","","","","","","","","0","6","",""
"3637","Colorless","","April O'Neil, Live on the Scene // Michelangelo, the Heart","","","","","","","","0","6","",""
"3637","Colorless","","Michelangelo, the Heart // Splinter, the Mentor","","","","","","","","0","6","",""
"3639","Colorless","","The Lion-Turtle","","","","","","","","0","6","",""
"3640","Colorless","","Suki, Kyoshi Captain","","","","","","","","0","6","",""
"3641","Colorless","","Aang, A Lot to Learn","","","","","","","","0","6","",""
"3642","Colorless","","Lo and Li, Twin Tutors","","","","","","","","0","6","",""
"3643","Colorless","","Ray Fillet, Wave Warrior","","","","","","","","0","6","",""
"3643","Colorless","","Lita, Little Orphan Amphibian","","","","","","","","0","6","",""
"3645","Colorless","","April O'Neil, Kunoichi Trainee","","","","","","","","0","6","",""
"3645","Colorless","","Rocksteady, Crash Courser","","","","","","","","0","6","",""
"3647","Colorless","","Iron Lad, Diverging Destiny","","","","","","","","0","6","",""
"3648","Colorless","","Moonstone, Harsh Mistress","","","","","","","","0","6","",""
"3648","Colorless","","Tippy-Toe, Terrific Partner","","","","","","","","0","6","",""
"3650","Colorless","","Moon-Boy, Dino Rider","","","","","","","","0","6","",""
"3650","Colorless","","Zarda, the Power Princess","","","","","","","","0","6","",""
"3650","Colorless","","Iron Fist, Hero for Hire","","","","","","","","0","6","",""
"3650","Colorless","","General Thunderbolt Ross","","","","","","","","0","6","",""
"3650","Colorless","","Citizen V, Helmut Zemo","","","","","","","","0","6","",""
"3650","Colorless","","Justice, Vance Astrovik","","","","","","","","0","6","",""
"3650","Colorless","","Mister Hyde, Monster Within","","","","","","","","0","6","",""
"3650","Colorless","","Madame Hydra, Reanimated","","","","","","","","0","6","",""
"3650","Colorless","","Hawkeye, Bowslinger","","","","","","","","0","6","",""
"3650","Colorless","","Marvel Boy, Noh-Varr","","","","","","","","0","6","",""
"3650","Colorless","","Black Widow, Daring Operative","","","","","","","","0","6","",""
"3650","Colorless","","Spider-Man, To the Rescue","","","","","","","","0","6","",""
"3662","Colorless","","Spock, Logical Choice","","","","","","","","0","6","",""
"3663","Colorless","","Galion, Elvenking's Butler","","","","","","","","0","6","",""
"3664","Colorless","","Gandalf, Wandering Wizard","","","","","","","","0","6","",""
"3665","Colorless","","Sivitri Scarzam","","","","","","","","0","5","",""
"3665","Colorless","","Jedit Ojanen","","","","","","","","0","5","",""
"3667","Colorless","","Autumn Willow","","","","","","","","0","5","",""
"3668","Colorless","","Purraj of Urborg","","","","","","","","0","5","",""
"3669","Colorless","","Gallowbraid","","","","","","","","0","5","",""
"3670","Colorless","","Orim, Samite Healer","","","","","","","","0","5","",""
"3670","Colorless","","Commander Greven il-Vec","","","","","","","","0","5","",""
"3672","Colorless","","Meng Huo, Barbarian King","","","","","","","","0","5","",""
"3672","Colorless","","Lady Zhurong, Warrior Queen","","","","","","","","0","5","",""
"3674","Colorless","","Alexi, Zephyr Mage","","","","","","","","0","5","",""
"3675","Colorless","","Visara the Dreadful","","","","","","","","0","5","",""
"3676","Colorless","","Myojin of Cleansing Fire","","","","","","","","0","5","",""
"3676","Colorless","","Kodama of the South Tree","","","","","","","","0","5","",""
"3676","Colorless","","Kuro, Pitlord","","","","","","","","0","5","",""
"3676","Colorless","","Hikari, Twilight Guardian","","","","","","","","0","5","",""
"3680","Colorless","","Patron of the Akki","","","","","","","","0","5","",""
"3680","Colorless","","Kyoki, Sanity's Eclipse","","","","","","","","0","5","",""
"3682","Colorless","","Cloudhoof Kirin","","","","","","","","0","5","",""
"3683","Colorless","","Agrus Kos, Wojek Veteran","","","","","","","","0","5","",""
"3684","Colorless","","Ith, High Arcanist","","","","","","","","0","5","",""
"3685","Colorless","","Linessa, Zephyr Mage","","","","","","","","0","5","",""
"3686","Colorless","","Ludevic, Necro-Alchemist // Sengir, the Dark Baron","","","","","","","","0","5","",""
"3686","Colorless","","Eligeth, Crossroads Augur // Ravos, Soultender","","","","","","","","0","5","",""
"3686","Colorless","","Ikra Shidiqi, the Usurper // Yoshimaru, Ever Faithful","","","","","","","","0","5","",""
"3686","Colorless","","Miara, Thorn of the Glade // Sidar Kondo of Jamuraa","","","","","","","","0","5","",""
"3686","Colorless","","Ishai, Ojutai Dragonspeaker // Toggo, Goblin Weaponsmith","","","","","","","","0","5","",""
"3686","Colorless","","Akiri, Line-Slinger // Sakashima of a Thousand Faces","","","","","","","","0","5","",""
"3686","Colorless","","Miara, Thorn of the Glade // Thrasios, Triton Hero","","","","","","","","0","5","",""
"3686","Colorless","","Kraum, Ludevic's Opus // Silas Renn, Seeker Adept","","","","","","","","0","5","",""
"3686","Colorless","","Kraum, Ludevic's Opus // Rograkh, Son of Rohgahh","","","","","","","","0","5","",""
"3686","Colorless","","Falthis, Shadowcat Familiar // Tymna the Weaver","","","","","","","","0","5","",""
"3686","Colorless","","Dargo, the Shipwrecker // Vial Smasher the Fierce","","","","","","","","0","5","",""
"3686","Colorless","","Ishai, Ojutai Dragonspeaker // Siani, Eye of the Storm","","","","","","","","0","5","",""
"3686","Colorless","","Akiri, Line-Slinger // Rograkh, Son of Rohgahh","","","","","","","","0","5","",""
"3686","Colorless","","Kediss, Emberclaw Familiar // Silas Renn, Seeker Adept","","","","","","","","0","5","",""
"3686","Colorless","","Ardenn, Intrepid Archaeologist // Kydele, Chosen of Kruphix","","","","","","","","0","5","",""
"3686","Colorless","","Ravos, Soultender // Slurrk, All-Ingesting","","","","","","","","0","5","",""
"3686","Colorless","","Akroma, Vision of Ixidor // Vial Smasher the Fierce","","","","","","","","0","5","",""
"3686","Colorless","","Kydele, Chosen of Kruphix","","","","","","","","0","5","",""
"3686","Colorless","","Ludevic, Necro-Alchemist // Silas Renn, Seeker Adept","","","","","","","","0","5","",""
"3686","Colorless","","The Prismatic Piper // Thrasios, Triton Hero","","","","","","","","0","5","",""
"3686","Colorless","","Silas Renn, Seeker Adept // Thrasios, Triton Hero","","","","","","","","0","5","",""
"3686","Colorless","","Silas Renn, Seeker Adept // Vial Smasher the Fierce","","","","","","","","0","5","",""
"3686","Colorless","","Silas Renn, Seeker Adept","","","","","","","","0","5","",""
"3686","Colorless","","Brinelin, the Moon Kraken // Thrasios, Triton Hero","","","","","","","","0","5","",""
"3686","Colorless","","Gilanra, Caller of Wirewood // Ishai, Ojutai Dragonspeaker","","","","","","","","0","5","",""
"3686","Colorless","","Ardenn, Intrepid Archaeologist // Tymna the Weaver","","","","","","","","0","5","",""
"3686","Colorless","","Ludevic, Necro-Alchemist // Thrasios, Triton Hero","","","","","","","","0","5","",""
"3686","Colorless","","Kraum, Ludevic's Opus // Livio, Oathsworn Sentinel","","","","","","","","0","5","",""
"3686","Colorless","","Francisco, Fowl Marauder // Ludevic, Necro-Alchemist","","","","","","","","0","5","",""
"3686","Colorless","","Akiri, Line-Slinger // Anara, Wolvid Familiar","","","","","","","","0","5","",""
"3686","Colorless","","Bruse Tarl, Boorish Herder // Vial Smasher the Fierce","","","","","","","","0","5","",""
"3686","Colorless","","Ikra Shidiqi, the Usurper // Vial Smasher the Fierce","","","","","","","","0","5","",""
"3718","Colorless","","Sylvia Brightspear","","","","","","","","0","5","",""
"3718","Colorless","","Okaun, Eye of Chaos","","","","","","","","0","5","",""
"3720","Colorless","","Syr Alin, the Lion's Claw","","","","","","","","0","5","",""
"3721","Colorless","","Yannik, Scavenging Sentinel","","","","","","","","0","5","",""
"3722","Colorless","","Ardenn, Intrepid Archaeologist // Tevesh Szat, Doom of Fools","","","","","","","","0","5","",""
"3722","Colorless","","Esior, Wardwing Familiar // Kodama of the East Tree","","","","","","","","0","5","",""
"3722","Colorless","","Falthis, Shadowcat Familiar // Sakashima of a Thousand Faces","","","","","","","","0","5","",""
"3722","Colorless","","Falthis, Shadowcat Familiar // Keleth, Sunmane Familiar","","","","","","","","0","5","",""
"3722","Colorless","","Malcolm, Keen-Eyed Navigator // Tevesh Szat, Doom of Fools","","","","","","","","0","5","",""
"3722","Colorless","","Kamahl, Heart of Krosa // Toggo, Goblin Weaponsmith","","","","","","","","0","5","",""
"3722","Colorless","","Esior, Wardwing Familiar // Jeska, Thrice Reborn","","","","","","","","0","5","",""
"3722","Colorless","","Sengir, the Dark Baron // Tormod, the Desecrator","","","","","","","","0","5","",""
"3722","Colorless","","Krark, the Thumbless // Toggo, Goblin Weaponsmith","","","","","","","","0","5","",""
"3722","Colorless","","Akroma, Vision of Ixidor // Anara, Wolvid Familiar","","","","","","","","0","5","",""
"3722","Colorless","","Kediss, Emberclaw Familiar // Sakashima of a Thousand Faces","","","","","","","","0","5","",""
"3722","Colorless","","Krark, the Thumbless // Slurrk, All-Ingesting","","","","","","","","0","5","",""
"3722","Colorless","","Armix, Filigree Thrasher // Glacian, Powerstone Engineer","","","","","","","","0","5","",""
"3735","Colorless","","Kolvori, God of Kinship","","","","","","","","0","5","",""
"3735","Colorless","","Sigrid, God-Favored","","","","","","","","0","5","",""
"3737","Colorless","","Othelm, Sigardian Outcast // Sophina, Spearsage Deserter","","","","","","","","0","5","",""
"3737","Colorless","","Bjorna, Nightfall Alchemist","","","","","","","","0","5","",""
"3737","Colorless","","Othelm, Sigardian Outcast","","","","","","","","0","5","",""
"3740","Colorless","","Myojin of Blooming Dawn","","","","","","","","0","5","",""
"3741","Colorless","","Shadowheart, Dark Justiciar // Far Traveler","","","","","","","","0","5","",""
"3741","Colorless","","Alora, Merry Thief // Agent of the Shadow Thieves","","","","","","","","0","5","",""
"3741","Colorless","","Durnan of the Yawning Portal // Master Chef","","","","","","","","0","5","",""
"3741","Colorless","","Durnan of the Yawning Portal // Guild Artisan","","","","","","","","0","5","",""
"3741","Colorless","","Gut, True Soul Zealot // Master Chef","","","","","","","","0","5","",""
"3741","Colorless","","Sarevok, Deathbringer // Master Chef","","","","","","","","0","5","",""
"3741","Colorless","","Sarevok, Deathbringer // Far Traveler","","","","","","","","0","5","",""
"3741","Colorless","","Ganax, Astral Hunter // Scion of Halaster","","","","","","","","0","5","",""
"3741","Colorless","","Lulu, Loyal Hollyphant // Raised by Giants","","","","","","","","0","5","",""
"3741","Colorless","","Volo, Itinerant Scholar // Faceless One","","","","","","","","0","5","",""
"3741","Colorless","","Ganax, Astral Hunter // Tavern Brawler","","","","","","","","0","5","",""
"3741","Colorless","","Sivriss, Nightmare Speaker // Scion of Halaster","","","","","","","","0","5","",""
"3741","Colorless","","Skanos Dragonheart // Scion of Halaster","","","","","","","","0","5","",""
"3741","Colorless","","Wyll, Blade of Frontiers // Shameless Charlatan","","","","","","","","0","5","",""
"3741","Colorless","","Skanos Dragonheart // Tavern Brawler","","","","","","","","0","5","",""
"3741","Colorless","","Lulu, Loyal Hollyphant // Feywild Visitor","","","","","","","","0","5","",""
"3741","Colorless","","Wyll, Blade of Frontiers // Flaming Fist","","","","","","","","0","5","",""
"3741","Colorless","","Lulu, Loyal Hollyphant // Street Urchin","","","","","","","","0","5","",""
"3741","Colorless","","Lulu, Loyal Hollyphant // Cloakwood Hermit","","","","","","","","0","5","",""
"3741","Colorless","","Wilson, Refined Grizzly // Candlekeep Sage","","","","","","","","0","5","",""
"3741","Colorless","","Faceless One","","","","","","","","0","5","",""
"3741","Colorless","","Wilson, Refined Grizzly // Veteran Soldier","","","","","","","","0","5","",""
"3741","Colorless","","Vhal, Candlekeep Researcher // Agent of the Shadow Thieves","","","","","","","","0","5","",""
"3741","Colorless","","Renari, Merchant of Marvels // Folk Hero","","","","","","","","0","5","",""
"3741","Colorless","","Amber Gristle O'Maul // Haunted One","","","","","","","","0","5","",""
"3741","Colorless","","Jaheira, Friend of the Forest // Veteran Soldier","","","","","","","","0","5","",""
"3741","Colorless","","Gut, True Soul Zealot // Veteran Soldier","","","","","","","","0","5","",""
"3741","Colorless","","Ellyn Harbreeze, Busybody // Master Chef","","","","","","","","0","5","",""
"3741","Colorless","","Burakos, Party Leader // Noble Heritage","","","","","","","","0","5","",""
"3741","Colorless","","Safana, Calimport Cutthroat // Guild Artisan","","","","","","","","0","5","",""
"3741","Colorless","","Ellyn Harbreeze, Busybody // Feywild Visitor","","","","","","","","0","5","",""
"3741","Colorless","","Burakos, Party Leader // Tavern Brawler","","","","","","","","0","5","",""
"3741","Colorless","","Ellyn Harbreeze, Busybody // Inspiring Leader","","","","","","","","0","5","",""
"3741","Colorless","","Gale, Waterdeep Prodigy // Acolyte of Bahamut","","","","","","","","0","5","",""
"3741","Colorless","","Abdel Adrian, Gorion's Ward // Popular Entertainer","","","","","","","","0","5","",""
"3741","Colorless","","Karlach, Fury of Avernus // Passionate Archaeologist","","","","","","","","0","5","",""
"3741","Colorless","","Karlach, Fury of Avernus // Agent of the Iron Throne","","","","","","","","0","5","",""
"3741","Colorless","","Shadowheart, Dark Justiciar // Street Urchin","","","","","","","","0","5","",""
"3779","Colorless","","Meet and Greet ""Sisay""","","","","","","","","0","5","",""
"3780","Colorless","","Feldon, Ronom Excavator","","","","","","","","0","5","",""
"3781","Colorless","","Frodo, Adventurous Hobbit","","","","","","","","0","5","",""
"3781","Colorless","","Beregond of the Guard","","","","","","","","0","5","",""
"3781","Colorless","","Meneldor, Swift Savior","","","","","","","","0","5","",""
"3781","Colorless","","Gothmog, Morgul Lieutenant","","","","","","","","0","5","",""
"3781","Colorless","","Galadriel, Gift-Giver","","","","","","","","0","5","",""
"3786","Colorless","","Amy Pond // Rory Williams","","","","","","","","0","5","",""
"3786","Colorless","","The Second Doctor // Jamie McCrimmon","","","","","","","","0","5","",""
"3786","Colorless","","The Fifteenth Doctor // Graham O'Brien","","","","","","","","0","5","",""
"3786","Colorless","","The Eighth Doctor // Susan Foreman","","","","","","","","0","5","",""
"3786","Colorless","","The First Doctor // Dan Lewis","","","","","","","","0","5","",""
"3786","Colorless","","The Fifth Doctor","","","","","","","","0","5","",""
"3786","Colorless","","The Fifth Doctor // Peri Brown","","","","","","","","0","5","",""
"3786","Colorless","","The Ninth Doctor // Leela, Sevateem Warrior","","","","","","","","0","5","",""
"3786","Colorless","","The Sixth Doctor // Barbara Wright","","","","","","","","0","5","",""
"3786","Colorless","","The Tenth Doctor // Graham O'Brien","","","","","","","","0","5","",""
"3786","Colorless","","The Seventh Doctor // Tegan Jovanka","","","","","","","","0","5","",""
"3786","Colorless","","The Seventh Doctor // Nyssa of Traken","","","","","","","","0","5","",""
"3786","Colorless","","Peri Brown","","","","","","","","0","5","",""
"3799","Colorless","","Fang, Fearless l'Cie","","","","","","","","0","5","",""
"3800","Colorless","","Siegfried, Famed Swordsman","","","","","","","","0","5","",""
"3801","Colorless","","Lightning, Security Sergeant","","","","","","","","0","5","",""
"3802","Colorless","","Cloud of Darkness","","","","","","","","0","5","",""
"3803","Colorless","","Master Pakku","","","","","","","","0","5","",""
"3804","Colorless","","Hakoda, Selfless Commander","","","","","","","","0","5","",""
"3805","Colorless","","Raphael, Tag Team Tough","","","","","","","","0","5","",""
"3805","Colorless","","April O'Neil, Live on the Scene // Splinter, the Mentor","","","","","","","","0","5","",""
"3807","Colorless","","Azula, On the Hunt","","","","","","","","0","5","",""
"3808","Colorless","","Mai, Jaded Edge","","","","","","","","0","5","",""
"3809","Colorless","","Appa, the Vigilant","","","","","","","","0","5","",""
"3810","Colorless","","Agent Bishop, Man in Black","","","","","","","","0","5","",""
"3811","Colorless","","Spider-Woman, Secret Agent","","","","","","","","0","5","",""
"3811","Colorless","","Elektra, Daughter of the Hand","","","","","","","","0","5","",""
"3813","Colorless","","The Ruinous Wrecking Crew","","","","","","","","0","5","",""
"3814","Colorless","","Mockingbird, Ace Agent","","","","","","","","0","5","",""
"3815","Colorless","","Night Nurse, Healer of Heroes","","","","","","","","0","5","",""
"3816","Colorless","","MACH-1, Swooping Scoundrel","","","","","","","","0","5","",""
"3816","Colorless","","She-Hulk, Attorney-at-Law","","","","","","","","0","5","",""
"3816","Colorless","","Giant-Man, Gargantuan Genius","","","","","","","","0","5","",""
"3816","Colorless","","Flatman","","","","","","","","0","5","",""
"3816","Colorless","","Stick, Fearless Mentor","","","","","","","","0","5","",""
"3816","Colorless","","War Machine, Avenging Arsenal","","","","","","","","0","5","",""
"3816","Colorless","","Amazing Spider-Girl","","","","","","","","0","5","",""
"3816","Colorless","","War Machine, Legacy of Iron","","","","","","","","0","5","",""
"3824","Colorless","","Titania, Proud Pummeler","","","","","","","","0","5","",""
"3824","Colorless","","Damocles Base, Sword of Kang","","","","","","","","0","5","",""
"3826","Colorless","","Brad Boimler, Eager Ensign","","","","","","","","0","5","",""
"3827","Colorless","","Ori, Plate Stacker","","","","","","","","0","5","",""
"3828","Colorless","","Gandalf, Spark Starter","","","","","","","","0","5","",""
"3829","Colorless","","Princess Lucrezia","","","","","","","","0","4","",""
"3829","Colorless","","Boris Devilboon","","","","","","","","0","4","",""
"3831","Colorless","","Hivis of the Scale","","","","","","","","0","4","",""
"3832","Colorless","","Cao Ren, Wei Commander","","","","","","","","0","4","",""
"3833","Colorless","","Tahngarth, Talruum Hero","","","","","","","","0","4","",""
"3834","Colorless","","Lieutenant Kirtar","","","","","","","","0","4","",""
"3835","Colorless","","Jugan, the Rising Star","","","","","","","","0","4","",""
"3835","Colorless","","Myojin of Seeing Winds","","","","","","","","0","4","",""
"3835","Colorless","","Kodama of the North Tree","","","","","","","","0","4","",""
"3835","Colorless","","Ryusei, the Falling Star","","","","","","","","0","4","",""
"3835","Colorless","","Nagao, Bound by Honor","","","","","","","","0","4","",""
"3835","Colorless","","Hisoka, Minamo Sensei","","","","","","","","0","4","",""
"3835","Colorless","","He Who Hungers","","","","","","","","0","4","",""
"3842","Colorless","","Opal-Eye, Konda's Yojimbo","","","","","","","","0","4","",""
"3843","Colorless","","Arashi, the Sky Asunder","","","","","","","","0","4","",""
"3844","Colorless","","Heidar, Rimewind Master","","","","","","","","0","4","",""
"3845","Colorless","","Pia Nalaar","","","","","","","","0","4","",""
"3846","Colorless","","Reyhan, Last of the Abzan // Toggo, Goblin Weaponsmith","","","","","","","","0","4","",""
"3846","Colorless","","Bruse Tarl, Boorish Herder // Francisco, Fowl Marauder","","","","","","","","0","4","",""
"3846","Colorless","","Kraum, Ludevic's Opus // Rebbec, Architect of Ascension","","","","","","","","0","4","",""
"3846","Colorless","","Eligeth, Crossroads Augur // Vial Smasher the Fierce","","","","","","","","0","4","",""
"3846","Colorless","","Francisco, Fowl Marauder // Sidar Kondo of Jamuraa","","","","","","","","0","4","",""
"3846","Colorless","","Nadier, Agent of the Duskenel // Sidar Kondo of Jamuraa","","","","","","","","0","4","",""
"3846","Colorless","","Ravos, Soultender // Siani, Eye of the Storm","","","","","","","","0","4","",""
"3846","Colorless","","Kodama of the East Tree // Kydele, Chosen of Kruphix","","","","","","","","0","4","",""
"3846","Colorless","","Kraum, Ludevic's Opus // Sidar Kondo of Jamuraa","","","","","","","","0","4","",""
"3846","Colorless","","Akroma, Vision of Ixidor // Silas Renn, Seeker Adept","","","","","","","","0","4","",""
"3846","Colorless","","Prava of the Steel Legion // Ravos, Soultender","","","","","","","","0","4","",""
"3846","Colorless","","Prava of the Steel Legion // Sidar Kondo of Jamuraa","","","","","","","","0","4","",""
"3846","Colorless","","Kydele, Chosen of Kruphix // Sengir, the Dark Baron","","","","","","","","0","4","",""
"3846","Colorless","","Kydele, Chosen of Kruphix // Toggo, Goblin Weaponsmith","","","","","","","","0","4","",""
"3846","Colorless","","Kydele, Chosen of Kruphix // Tormod, the Desecrator","","","","","","","","0","4","",""
"3846","Colorless","","Krark, the Thumbless // Tana, the Bloodsower","","","","","","","","0","4","",""
"3846","Colorless","","Esior, Wardwing Familiar // Ikra Shidiqi, the Usurper","","","","","","","","0","4","",""
"3846","Colorless","","Alena, Kessig Trapper // Kydele, Chosen of Kruphix","","","","","","","","0","4","",""
"3846","Colorless","","Alena, Kessig Trapper // Ravos, Soultender","","","","","","","","0","4","",""
"3846","Colorless","","Brinelin, the Moon Kraken // Kydele, Chosen of Kruphix","","","","","","","","0","4","",""
"3846","Colorless","","Ravos, Soultender // Toggo, Goblin Weaponsmith","","","","","","","","0","4","",""
"3846","Colorless","","Bruse Tarl, Boorish Herder // Jeska, Thrice Reborn","","","","","","","","0","4","",""
"3846","Colorless","","Ghost of Ramirez DePietro // Tymna the Weaver","","","","","","","","0","4","",""
"3846","Colorless","","Kamahl, Heart of Krosa // Kraum, Ludevic's Opus","","","","","","","","0","4","",""
"3846","Colorless","","Brinelin, the Moon Kraken // Kraum, Ludevic's Opus","","","","","","","","0","4","",""
"3846","Colorless","","Akroma, Vision of Ixidor // Reyhan, Last of the Abzan","","","","","","","","0","4","",""
"3846","Colorless","","Sidar Kondo of Jamuraa // Thrasios, Triton Hero","","","","","","","","0","4","",""
"3846","Colorless","","Reyhan, Last of the Abzan // Thrasios, Triton Hero","","","","","","","","0","4","",""
"3846","Colorless","","Bruse Tarl, Boorish Herder // Sengir, the Dark Baron","","","","","","","","0","4","",""
"3846","Colorless","","Keskit, the Flesh Sculptor // Kraum, Ludevic's Opus","","","","","","","","0","4","",""
"3846","Colorless","","Tana, the Bloodsower // Thrasios, Triton Hero","","","","","","","","0","4","",""
"3846","Colorless","","Sengir, the Dark Baron // Tana, the Bloodsower","","","","","","","","0","4","",""
"3846","Colorless","","The Prismatic Piper // Vial Smasher the Fierce","","","","","","","","0","4","",""
"3846","Colorless","","Ravos, Soultender // Yoshimaru, Ever Faithful","","","","","","","","0","4","",""
"3846","Colorless","","Halana, Kessig Ranger // Vial Smasher the Fierce","","","","","","","","0","4","",""
"3846","Colorless","","Kydele, Chosen of Kruphix // Reyhan, Last of the Abzan","","","","","","","","0","4","",""
"3846","Colorless","","Ishai, Ojutai Dragonspeaker // Slurrk, All-Ingesting","","","","","","","","0","4","",""
"3846","Colorless","","Nadier, Agent of the Duskenel // Reyhan, Last of the Abzan","","","","","","","","0","4","",""
"3846","Colorless","","Alena, Kessig Trapper // Thrasios, Triton Hero","","","","","","","","0","4","",""
"3846","Colorless","","Sengir, the Dark Baron // Vial Smasher the Fierce","","","","","","","","0","4","",""
"3886","Colorless","","Silvar, Devourer of the Free","","","","","","","","0","4","",""
"3886","Colorless","","Brallin, Skyshark Rider","","","","","","","","0","4","",""
"3888","Colorless","","Alena, Kessig Trapper // Toggo, Goblin Weaponsmith","","","","","","","","0","4","",""
"3888","Colorless","","Esior, Wardwing Familiar // Malcolm, Keen-Eyed Navigator","","","","","","","","0","4","",""
"3888","Colorless","","Prava of the Steel Legion // Sakashima of a Thousand Faces","","","","","","","","0","4","",""
"3888","Colorless","","Jeska, Thrice Reborn // Kodama of the East Tree","","","","","","","","0","4","",""
"3888","Colorless","","Jeska, Thrice Reborn // Sakashima of a Thousand Faces","","","","","","","","0","4","",""
"3888","Colorless","","Miara, Thorn of the Glade // Yoshimaru, Ever Faithful","","","","","","","","0","4","",""
"3888","Colorless","","Miara, Thorn of the Glade // Tevesh Szat, Doom of Fools","","","","","","","","0","4","",""
"3888","Colorless","","Sakashima of a Thousand Faces // Slurrk, All-Ingesting","","","","","","","","0","4","",""
"3888","Colorless","","Falthis, Shadowcat Familiar // Prava of the Steel Legion","","","","","","","","0","4","",""
"3888","Colorless","","Falthis, Shadowcat Familiar // Kodama of the East Tree","","","","","","","","0","4","",""
"3888","Colorless","","Slurrk, All-Ingesting // Tevesh Szat, Doom of Fools","","","","","","","","0","4","",""
"3888","Colorless","","Kamahl, Heart of Krosa // Tevesh Szat, Doom of Fools","","","","","","","","0","4","",""
"3888","Colorless","","Livio, Oathsworn Sentinel // Yoshimaru, Ever Faithful","","","","","","","","0","4","",""
"3888","Colorless","","Eligeth, Crossroads Augur // Gilanra, Caller of Wirewood","","","","","","","","0","4","",""
"3888","Colorless","","Ardenn, Intrepid Archaeologist // Kodama of the East Tree","","","","","","","","0","4","",""
"3888","Colorless","","Francisco, Fowl Marauder // Tevesh Szat, Doom of Fools","","","","","","","","0","4","",""
"3888","Colorless","","Francisco, Fowl Marauder // Sakashima of a Thousand Faces","","","","","","","","0","4","",""
"3888","Colorless","","Sengir, the Dark Baron // Yoshimaru, Ever Faithful","","","","","","","","0","4","",""
"3888","Colorless","","Eligeth, Crossroads Augur","","","","","","","","0","4","",""
"3888","Colorless","","Alena, Kessig Trapper // Jeska, Thrice Reborn","","","","","","","","0","4","",""
"3888","Colorless","","Anara, Wolvid Familiar // Kediss, Emberclaw Familiar","","","","","","","","0","4","",""
"3888","Colorless","","Akroma, Vision of Ixidor // Livio, Oathsworn Sentinel","","","","","","","","0","4","",""
"3888","Colorless","","Anara, Wolvid Familiar // Sakashima of a Thousand Faces","","","","","","","","0","4","",""
"3888","Colorless","","Kediss, Emberclaw Familiar // Krark, the Thumbless","","","","","","","","0","4","",""
"3888","Colorless","","Akroma, Vision of Ixidor // Kodama of the East Tree","","","","","","","","0","4","",""
"3888","Colorless","","Ardenn, Intrepid Archaeologist // Keleth, Sunmane Familiar","","","","","","","","0","4","",""
"3888","Colorless","","Francisco, Fowl Marauder // Toggo, Goblin Weaponsmith","","","","","","","","0","4","",""
"3888","Colorless","","Akroma, Vision of Ixidor // Sengir, the Dark Baron","","","","","","","","0","4","",""
"3888","Colorless","","Anara, Wolvid Familiar // Kamahl, Heart of Krosa","","","","","","","","0","4","",""
"3888","Colorless","","Keskit, the Flesh Sculptor // Tevesh Szat, Doom of Fools","","","","","","","","0","4","",""
"3888","Colorless","","Ardenn, Intrepid Archaeologist","","","","","","","","0","4","",""
"3888","Colorless","","Breeches, Brazen Plunderer // Kediss, Emberclaw Familiar","","","","","","","","0","4","",""
"3888","Colorless","","Brinelin, the Moon Kraken // Esior, Wardwing Familiar","","","","","","","","0","4","",""
"3888","Colorless","","Radiant, Serra Archangel","","","","","","","","0","4","",""
"3888","Colorless","","Breeches, Brazen Plunderer // Dargo, the Shipwrecker","","","","","","","","0","4","",""
"3888","Colorless","","Dargo, the Shipwrecker // Ich-Tekik, Salvage Splicer","","","","","","","","0","4","",""
"3888","Colorless","","Breeches, Brazen Plunderer // Ghost of Ramirez DePietro","","","","","","","","0","4","",""
"3888","Colorless","","Ardenn, Intrepid Archaeologist // Radiant, Serra Archangel","","","","","","","","0","4","",""
"3888","Colorless","","Ardenn, Intrepid Archaeologist // Nadier, Agent of the Duskenel","","","","","","","","0","4","",""
"3927","Colorless","","Sophina, Spearsage Deserter","","","","","","","","0","4","",""
"3928","Colorless","","Francisco, Fowl Marauder // Yoshimaru, Ever Faithful","","","","","","","","0","4","",""
"3928","Colorless","","Myojin of Roaring Blades","","","","","","","","0","4","",""
"3930","Colorless","","Wyll, Blade of Frontiers // Tavern Brawler","","","","","","","","0","4","",""
"3930","Colorless","","Lulu, Loyal Hollyphant // Veteran Soldier","","","","","","","","0","4","",""
"3930","Colorless","","Amber Gristle O'Maul // Agent of the Shadow Thieves","","","","","","","","0","4","",""
"3930","Colorless","","Lulu, Loyal Hollyphant // Haunted One","","","","","","","","0","4","",""
"3930","Colorless","","Shadowheart, Dark Justiciar // Feywild Visitor","","","","","","","","0","4","",""
"3930","Colorless","","Lae'zel, Vlaakith's Champion // Tavern Brawler","","","","","","","","0","4","",""
"3930","Colorless","","Jaheira, Friend of the Forest // Noble Heritage","","","","","","","","0","4","",""
"3930","Colorless","","Rasaad yn Bashir // Master Chef","","","","","","","","0","4","",""
"3930","Colorless","","Ellyn Harbreeze, Busybody // Agent of the Iron Throne","","","","","","","","0","4","",""
"3930","Colorless","","Wyll, Blade of Frontiers // Agent of the Shadow Thieves","","","","","","","","0","4","",""
"3930","Colorless","","Wyll, Blade of Frontiers // Guild Artisan","","","","","","","","0","4","",""
"3930","Colorless","","Sivriss, Nightmare Speaker // Candlekeep Sage","","","","","","","","0","4","",""
"3930","Colorless","","Renari, Merchant of Marvels // Feywild Visitor","","","","","","","","0","4","",""
"3930","Colorless","","Skanos Dragonheart // Sword Coast Sailor","","","","","","","","0","4","",""
"3930","Colorless","","Amber Gristle O'Maul // Folk Hero","","","","","","","","0","4","",""
"3930","Colorless","","Lae'zel, Vlaakith's Champion // Guild Artisan","","","","","","","","0","4","",""
"3930","Colorless","","Volo, Itinerant Scholar // Raised by Giants","","","","","","","","0","4","",""
"3930","Colorless","","Gale, Waterdeep Prodigy // Cloakwood Hermit","","","","","","","","0","4","",""
"3930","Colorless","","Burakos, Party Leader // Agent of the Iron Throne","","","","","","","","0","4","",""
"3930","Colorless","","Lae'zel, Vlaakith's Champion // Passionate Archaeologist","","","","","","","","0","4","",""
"3930","Colorless","","Volo, Itinerant Scholar // Passionate Archaeologist","","","","","","","","0","4","",""
"3930","Colorless","","Wyll, Blade of Frontiers","","","","","","","","0","4","",""
"3930","Colorless","","Volo, Itinerant Scholar // Guild Artisan","","","","","","","","0","4","",""
"3930","Colorless","","Burakos, Party Leader // Passionate Archaeologist","","","","","","","","0","4","",""
"3930","Colorless","","Burakos, Party Leader // Clan Crafter","","","","","","","","0","4","",""
"3930","Colorless","","Gale, Waterdeep Prodigy // Sword Coast Sailor","","","","","","","","0","4","",""
"3930","Colorless","","Burakos, Party Leader // Master Chef","","","","","","","","0","4","",""
"3930","Colorless","","Burakos, Party Leader // Feywild Visitor","","","","","","","","0","4","",""
"3930","Colorless","","Lae'zel, Vlaakith's Champion // Agent of the Iron Throne","","","","","","","","0","4","",""
"3930","Colorless","","Ganax, Astral Hunter // Noble Heritage","","","","","","","","0","4","",""
"3930","Colorless","","Rasaad yn Bashir // Raised by Giants","","","","","","","","0","4","",""
"3930","Colorless","","Volo, Itinerant Scholar // Cloakwood Hermit","","","","","","","","0","4","",""
"3930","Colorless","","Sarevok, Deathbringer // Cloakwood Hermit","","","","","","","","0","4","",""
"3930","Colorless","","Shadowheart, Dark Justiciar // Dungeon Delver","","","","","","","","0","4","",""
"3930","Colorless","","Rasaad yn Bashir // Candlekeep Sage","","","","","","","","0","4","",""
"3930","Colorless","","Ganax, Astral Hunter // Raised by Giants","","","","","","","","0","4","",""
"3930","Colorless","","Imoen, Mystic Trickster // Noble Heritage","","","","","","","","0","4","",""
"3930","Colorless","","Wyll, Blade of Frontiers // Hardy Outlander","","","","","","","","0","4","",""
"3930","Colorless","","Imoen, Mystic Trickster // Agent of the Shadow Thieves","","","","","","","","0","4","",""
"3930","Colorless","","Halsin, Emerald Archdruid // Clan Crafter","","","","","","","","0","4","",""
"3930","Colorless","","Sarevok, Deathbringer // Guild Artisan","","","","","","","","0","4","",""
"3930","Colorless","","Livaan, Cultist of Tiamat // Feywild Visitor","","","","","","","","0","4","",""
"3930","Colorless","","Shadowheart, Dark Justiciar // Shameless Charlatan","","","","","","","","0","4","",""
"3930","Colorless","","Renari, Merchant of Marvels // Dragon Cultist","","","","","","","","0","4","",""
"3930","Colorless","","Lulu, Loyal Hollyphant // Inspiring Leader","","","","","","","","0","4","",""
"3930","Colorless","","Gut, True Soul Zealot // Folk Hero","","","","","","","","0","4","",""
"3930","Colorless","","Gut, True Soul Zealot // Sword Coast Sailor","","","","","","","","0","4","",""
"3930","Colorless","","Viconia, Drow Apostate // Agent of the Iron Throne","","","","","","","","0","4","",""
"3978","Colorless","","Solaflora, Intergalactic Icon","","","","","","","","0","4","",""
"3978","Colorless","","Katerina of Myra's Marvels // Nocturno of Myra's Marvels","","","","","","","","0","4","",""
"3978","Colorless","","Spinnerette, Arachnobat","","","","","","","","0","4","",""
"3978","Colorless","","Pietra, Crafter of Clowns","","","","","","","","0","4","",""
"3982","Colorless","","Rhuk, Hexgold Nabber","","","","","","","","0","4","",""
"3983","Colorless","","Denethor, Stone Seer","","","","","","","","0","4","",""
"3983","Colorless","","Gorbag of Minas Morgul","","","","","","","","0","4","",""
"3983","Colorless","","Gilraen, Dúnedain Protector","","","","","","","","0","4","",""
"3983","Colorless","","Legolas Greenleaf","","","","","","","","0","4","",""
"3987","Colorless","","The Third Doctor // Martha Jones","","","","","","","","0","4","",""
"3987","Colorless","","The Fourth Doctor // Clara Oswald","","","","","","","","0","4","",""
"3987","Colorless","","The First Doctor // Nardole, Resourceful Cyborg","","","","","","","","0","4","",""
"3987","Colorless","","The Fifteenth Doctor // Clara Oswald","","","","","","","","0","4","",""
"3987","Colorless","","The Seventh Doctor","","","","","","","","0","4","",""
"3987","Colorless","","The War Doctor // Graham O'Brien","","","","","","","","0","4","",""
"3987","Colorless","","The Fifth Doctor // Donna Noble","","","","","","","","0","4","",""
"3987","Colorless","","The Fourteenth Doctor // Rose Tyler","","","","","","","","0","4","",""
"3987","Colorless","","The Sixth Doctor // Donna Noble","","","","","","","","0","4","",""
"3987","Colorless","","The War Doctor // Donna Noble","","","","","","","","0","4","",""
"3987","Colorless","","Dan Lewis","","","","","","","","0","4","",""
"3987","Colorless","","Jo Grant","","","","","","","","0","4","",""
"3987","Colorless","","The Fourteenth Doctor // Donna Noble","","","","","","","","0","4","",""
"3987","Colorless","","The Fourth Doctor // Dan Lewis","","","","","","","","0","4","",""
"3987","Colorless","","The War Doctor","","","","","","","","0","4","",""
"3987","Colorless","","The Thirteenth Doctor // Nardole, Resourceful Cyborg","","","","","","","","0","4","",""
"3987","Colorless","","The First Doctor // Clara Oswald","","","","","","","","0","4","",""
"3987","Colorless","","The Third Doctor // Romana II","","","","","","","","0","4","",""
"3987","Colorless","","The Tenth Doctor // Amy Pond","","","","","","","","0","4","",""
"4006","Colorless","","Desdemona, Freedom's Edge","","","","","","","","0","4","",""
"4007","Colorless","","Vadmir, New Blood","","","","","","","","0","4","",""
"4008","Colorless","","Aya of Alexandria","","","","","","","","0","4","",""
"4009","Colorless","","Barret Wallace","","","","","","","","0","4","",""
"4010","Colorless","","Quistis Trepe","","","","","","","","0","4","",""
"4010","Colorless","","Seymour Flux","","","","","","","","0","4","",""
"4012","Colorless","","Gaius van Baelsar","","","","","","","","0","4","",""
"4013","Colorless","","Snow Villiers","","","","","","","","0","4","",""
"4014","Colorless","","Aang, the Last Airbender","","","","","","","","0","4","",""
"4015","Colorless","","Vulture, Scheming Scavenger","","","","","","","","0","4","",""
"4016","Colorless","","Spider-UK","","","","","","","","0","4","",""
"4016","Colorless","","Spinneret and Spiderling","","","","","","","","0","4","",""
"4018","Colorless","","Arachne, Psionic Weaver","","","","","","","","0","4","",""
"4019","Colorless","","Kratos, Stoic Father","","","","","","","","0","4","",""
"4020","Colorless","","Michelangelo, the Heart","","","","","","","","0","4","",""
"4021","Colorless","","Bosco, Just a Bear","","","","","","","","0","4","",""
"4022","Colorless","","Lord Dregg, Insect Invader","","","","","","","","0","4","",""
"4022","Colorless","","April, Reporter of the Weird","","","","","","","","0","4","",""
"4024","Colorless","","Orysa, Tide Choreographer","","","","","","","","0","4","",""
"4025","Colorless","","Hellcat, Undying Vigilante","","","","","","","","0","4","",""
"4026","Colorless","","Titania, Rugged Rumbler","","","","","","","","0","4","",""
"4026","Colorless","","Agent 13, Sharon Carter","","","","","","","","0","4","",""
"4026","Colorless","","Jessica Jones, Private Eye","","","","","","","","0","4","",""
"4029","Colorless","","Stature, Size Shifter","","","","","","","","0","4","",""
"4030","Colorless","","Hulkling, Burgeoning Bruiser","","","","","","","","0","4","",""
"4030","Colorless","","Green Goblin, Back for More","","","","","","","","0","4","",""
"4030","Colorless","","Iron Man, Modern Marvel","","","","","","","","0","4","",""
"4030","Colorless","","Thor, Asgard's Avenger","","","","","","","","0","4","",""
"4030","Colorless","","Pharaoh Rama-Tut","","","","","","","","0","4","",""
"4035","Colorless","","Helmut Zemo, Mastermind","","","","","","","","0","4","",""
"4036","Colorless","","Iron Man, Futurist Paragon","","","","","","","","0","4","",""
"4036","Colorless","","Hawkeye, Trick Shot","","","","","","","","0","4","",""
"4036","Colorless","","Hulk, Always Angry","","","","","","","","0","4","",""
"4039","Colorless","","Bofur, Reliable Guardian","","","","","","","","0","4","",""
"4040","Colorless","","Kei Takahashi","","","","","","","","0","3","",""
"4040","Colorless","","Rohgahh of Kher Keep","","","","","","","","0","3","",""
"4040","Colorless","","Sir Shandlar of Eberyn","","","","","","","","0","3","",""
"4040","Colorless","","Torsten Von Ursus","","","","","","","","0","3","",""
"4044","Colorless","","Joven","","","","","","","","0","3","",""
"4044","Colorless","","Irini Sengir","","","","","","","","0","3","",""
"4046","Colorless","","Lady Sun","","","","","","","","0","3","",""
"4046","Colorless","","Zuo Ci, the Mocking Sage","","","","","","","","0","3","",""
"4046","Colorless","","Sima Yi, Wei Field Marshal","","","","","","","","0","3","",""
"4049","Colorless","","Balthor the Stout","","","","","","","","0","3","",""
"4049","Colorless","","Major Teroh","","","","","","","","0","3","",""
"4051","Colorless","","Myojin of Infinite Rage","","","","","","","","0","3","",""
"4051","Colorless","","Myojin of Life's Web","","","","","","","","0","3","",""
"4051","Colorless","","The Unspeakable","","","","","","","","0","3","",""
"4054","Colorless","","Tivadar of Thorn","","","","","","","","0","3","",""
"4055","Colorless","","Tarox Bladewing","","","","","","","","0","3","",""
"4056","Colorless","","Kalitas, Bloodchief of Ghet","","","","","","","","0","3","",""
"4057","Colorless","","Hythonia the Cruel","","","","","","","","0","3","",""
"4058","Colorless","","Alena, Kessig Trapper // Vial Smasher the Fierce","","","","","","","","0","3","",""
"4058","Colorless","","Akiri, Line-Slinger // Tana, the Bloodsower","","","","","","","","0","3","",""
"4058","Colorless","","Ishai, Ojutai Dragonspeaker // Keskit, the Flesh Sculptor","","","","","","","","0","3","",""
"4058","Colorless","","Akroma, Vision of Ixidor // Thrasios, Triton Hero","","","","","","","","0","3","",""
"4058","Colorless","","Ishai, Ojutai Dragonspeaker // Sengir, the Dark Baron","","","","","","","","0","3","",""
"4058","Colorless","","Bruse Tarl, Boorish Herder // Keleth, Sunmane Familiar","","","","","","","","0","3","",""
"4058","Colorless","","Ikra Shidiqi, the Usurper // Livio, Oathsworn Sentinel","","","","","","","","0","3","",""
"4058","Colorless","","Bruse Tarl, Boorish Herder // Tormod, the Desecrator","","","","","","","","0","3","",""
"4058","Colorless","","Esior, Wardwing Familiar // Thrasios, Triton Hero","","","","","","","","0","3","",""
"4058","Colorless","","Akroma, Vision of Ixidor // Ishai, Ojutai Dragonspeaker","","","","","","","","0","3","",""
"4058","Colorless","","Akiri, Line-Slinger // Ishai, Ojutai Dragonspeaker","","","","","","","","0","3","",""
"4058","Colorless","","Malcolm, Keen-Eyed Navigator // Sidar Kondo of Jamuraa","","","","","","","","0","3","",""
"4058","Colorless","","Ravos, Soultender // Silas Renn, Seeker Adept","","","","","","","","0","3","",""
"4058","Colorless","","Krark, the Thumbless // Sidar Kondo of Jamuraa","","","","","","","","0","3","",""
"4058","Colorless","","Akiri, Line-Slinger // Eligeth, Crossroads Augur","","","","","","","","0","3","",""
"4058","Colorless","","Gilanra, Caller of Wirewood // Kydele, Chosen of Kruphix","","","","","","","","0","3","",""
"4058","Colorless","","Eligeth, Crossroads Augur // Tymna the Weaver","","","","","","","","0","3","",""
"4058","Colorless","","Ishai, Ojutai Dragonspeaker // Tormod, the Desecrator","","","","","","","","0","3","",""
"4058","Colorless","","Dargo, the Shipwrecker // Ravos, Soultender","","","","","","","","0","3","",""
"4058","Colorless","","Silas Renn, Seeker Adept // The Prismatic Piper","","","","","","","","0","3","",""
"4058","Colorless","","Armix, Filigree Thrasher // Ishai, Ojutai Dragonspeaker","","","","","","","","0","3","",""
"4058","Colorless","","Ich-Tekik, Salvage Splicer // Ravos, Soultender","","","","","","","","0","3","",""
"4058","Colorless","","Ikra Shidiqi, the Usurper // Tana, the Bloodsower","","","","","","","","0","3","",""
"4058","Colorless","","Bruse Tarl, Boorish Herder // Kediss, Emberclaw Familiar","","","","","","","","0","3","",""
"4058","Colorless","","Ravos, Soultender // Sidar Kondo of Jamuraa","","","","","","","","0","3","",""
"4058","Colorless","","Keskit, the Flesh Sculptor // Ludevic, Necro-Alchemist","","","","","","","","0","3","",""
"4058","Colorless","","Reyhan, Last of the Abzan // Vial Smasher the Fierce","","","","","","","","0","3","",""
"4058","Colorless","","Jeska, Thrice Reborn // Sidar Kondo of Jamuraa","","","","","","","","0","3","",""
"4058","Colorless","","Sidar Kondo of Jamuraa","","","","","","","","0","3","",""
"4058","Colorless","","Kydele, Chosen of Kruphix // Sakashima of a Thousand Faces","","","","","","","","0","3","",""
"4058","Colorless","","Akiri, Line-Slinger // Kodama of the East Tree","","","","","","","","0","3","",""
"4058","Colorless","","Ishai, Ojutai Dragonspeaker // Malcolm, Keen-Eyed Navigator","","","","","","","","0","3","",""
"4058","Colorless","","Armix, Filigree Thrasher // Ravos, Soultender","","","","","","","","0","3","",""
"4058","Colorless","","Ich-Tekik, Salvage Splicer // Tymna the Weaver","","","","","","","","0","3","",""
"4058","Colorless","","Reyhan, Last of the Abzan // Sengir, the Dark Baron","","","","","","","","0","3","",""
"4058","Colorless","","Bruse Tarl, Boorish Herder // Tevesh Szat, Doom of Fools","","","","","","","","0","3","",""
"4058","Colorless","","Nadier, Agent of the Duskenel // Thrasios, Triton Hero","","","","","","","","0","3","",""
"4058","Colorless","","Ikra Shidiqi, the Usurper // Siani, Eye of the Storm","","","","","","","","0","3","",""
"4058","Colorless","","Kydele, Chosen of Kruphix // The Prismatic Piper","","","","","","","","0","3","",""
"4058","Colorless","","Akiri, Line-Slinger // Bruse Tarl, Boorish Herder","","","","","","","","0","3","",""
"4058","Colorless","","Malcolm, Keen-Eyed Navigator // Reyhan, Last of the Abzan","","","","","","","","0","3","",""
"4058","Colorless","","Francisco, Fowl Marauder // Tymna the Weaver","","","","","","","","0","3","",""
"4058","Colorless","","Esior, Wardwing Familiar // Sidar Kondo of Jamuraa","","","","","","","","0","3","",""
"4058","Colorless","","Ravos, Soultender // The Prismatic Piper","","","","","","","","0","3","",""
"4058","Colorless","","Ikra Shidiqi, the Usurper // Sengir, the Dark Baron","","","","","","","","0","3","",""
"4103","Colorless","","Kari Zev, Skyship Raider","","","","","","","","0","3","",""
"4103","Colorless","","Heart of Kiran","","","","","","","","0","3","",""
"4105","Colorless","","Weatherlight","","","","","","","","0","3","",""
"4106","Colorless","","Krav, the Unredeemed","","","","","","","","0","3","",""
"4106","Colorless","","Virtus the Veiled","","","","","","","","0","3","",""
"4108","Colorless","","Halana, Kessig Ranger // Yoshimaru, Ever Faithful","","","","","","","","0","3","",""
"4108","Colorless","","Anara, Wolvid Familiar // Kodama of the East Tree","","","","","","","","0","3","",""
"4108","Colorless","","The Prismatic Piper","","","","","","","","0","3","",""
"4108","Colorless","","Jeska, Thrice Reborn // Malcolm, Keen-Eyed Navigator","","","","","","","","0","3","",""
"4108","Colorless","","Falthis, Shadowcat Familiar // Tormod, the Desecrator","","","","","","","","0","3","",""
"4108","Colorless","","Akroma, Vision of Ixidor // Keleth, Sunmane Familiar","","","","","","","","0","3","",""
"4108","Colorless","","Brinelin, the Moon Kraken // Dargo, the Shipwrecker","","","","","","","","0","3","",""
"4108","Colorless","","Ardenn, Intrepid Archaeologist // Dargo, the Shipwrecker","","","","","","","","0","3","",""
"4108","Colorless","","Akroma, Vision of Ixidor // Jeska, Thrice Reborn","","","","","","","","0","3","",""
"4108","Colorless","","Akroma, Vision of Ixidor // Alena, Kessig Trapper","","","","","","","","0","3","",""
"4108","Colorless","","Dargo, the Shipwrecker // Glacian, Powerstone Engineer","","","","","","","","0","3","",""
"4108","Colorless","","Radiant, Serra Archangel // Siani, Eye of the Storm","","","","","","","","0","3","",""
"4108","Colorless","","Esior, Wardwing Familiar // Francisco, Fowl Marauder","","","","","","","","0","3","",""
"4108","Colorless","","Akroma, Vision of Ixidor // Esior, Wardwing Familiar","","","","","","","","0","3","",""
"4108","Colorless","","Krark, the Thumbless // Tevesh Szat, Doom of Fools","","","","","","","","0","3","",""
"4108","Colorless","","Breeches, Brazen Plunderer // Toggo, Goblin Weaponsmith","","","","","","","","0","3","",""
"4108","Colorless","","Kodama of the East Tree // Slurrk, All-Ingesting","","","","","","","","0","3","",""
"4108","Colorless","","Jeska, Thrice Reborn","","","","","","","","0","3","",""
"4108","Colorless","","Nadier, Agent of the Duskenel // Toggo, Goblin Weaponsmith","","","","","","","","0","3","",""
"4108","Colorless","","Anara, Wolvid Familiar // Nadier, Agent of the Duskenel","","","","","","","","0","3","",""
"4108","Colorless","","Ardenn, Intrepid Archaeologist // Tormod, the Desecrator","","","","","","","","0","3","",""
"4108","Colorless","","Armix, Filigree Thrasher // Ghost of Ramirez DePietro","","","","","","","","0","3","",""
"4108","Colorless","","Jeska, Thrice Reborn // Krark, the Thumbless","","","","","","","","0","3","",""
"4108","Colorless","","Ich-Tekik, Salvage Splicer // Kodama of the East Tree","","","","","","","","0","3","",""
"4108","Colorless","","Alharu, Solemn Ritualist // Kodama of the East Tree","","","","","","","","0","3","",""
"4108","Colorless","","Ich-Tekik, Salvage Splicer // Slurrk, All-Ingesting","","","","","","","","0","3","",""
"4108","Colorless","","Alena, Kessig Trapper // Krark, the Thumbless","","","","","","","","0","3","",""
"4108","Colorless","","Gilanra, Caller of Wirewood // Ich-Tekik, Salvage Splicer","","","","","","","","0","3","",""
"4108","Colorless","","Keskit, the Flesh Sculptor // Rograkh, Son of Rohgahh","","","","","","","","0","3","",""
"4108","Colorless","","Rograkh, Son of Rohgahh // Tormod, the Desecrator","","","","","","","","0","3","",""
"4108","Colorless","","Jeska, Thrice Reborn // Toggo, Goblin Weaponsmith","","","","","","","","0","3","",""
"4108","Colorless","","Sakashima of a Thousand Faces // Sengir, the Dark Baron","","","","","","","","0","3","",""
"4108","Colorless","","Prava of the Steel Legion // Tormod, the Desecrator","","","","","","","","0","3","",""
"4108","Colorless","","Ich-Tekik, Salvage Splicer // Livio, Oathsworn Sentinel","","","","","","","","0","3","",""
"4108","Colorless","","Armix, Filigree Thrasher // Krark, the Thumbless","","","","","","","","0","3","",""
"4108","Colorless","","Eligeth, Crossroads Augur // Kodama of the East Tree","","","","","","","","0","3","",""
"4108","Colorless","","Gilanra, Caller of Wirewood // Sengir, the Dark Baron","","","","","","","","0","3","",""
"4108","Colorless","","Falthis, Shadowcat Familiar // Halana, Kessig Ranger","","","","","","","","0","3","",""
"4108","Colorless","","Gilanra, Caller of Wirewood // Rograkh, Son of Rohgahh","","","","","","","","0","3","",""
"4108","Colorless","","Numa, Joraga Chieftain","","","","","","","","0","3","",""
"4108","Colorless","","Armix, Filigree Thrasher // Dargo, the Shipwrecker","","","","","","","","0","3","",""
"4108","Colorless","","Rebbec, Architect of Ascension // Yoshimaru, Ever Faithful","","","","","","","","0","3","",""
"4108","Colorless","","Alena, Kessig Trapper // Sakashima of a Thousand Faces","","","","","","","","0","3","",""
"4108","Colorless","","Dargo, the Shipwrecker // Yoshimaru, Ever Faithful","","","","","","","","0","3","",""
"4108","Colorless","","Livio, Oathsworn Sentinel // Prava of the Steel Legion","","","","","","","","0","3","",""
"4108","Colorless","","Ghost of Ramirez DePietro","","","","","","","","0","3","",""
"4108","Colorless","","Eligeth, Crossroads Augur // Krark, the Thumbless","","","","","","","","0","3","",""
"4108","Colorless","","Gilanra, Caller of Wirewood // Numa, Joraga Chieftain","","","","","","","","0","3","",""
"4108","Colorless","","Brinelin, the Moon Kraken // Eligeth, Crossroads Augur","","","","","","","","0","3","",""
"4108","Colorless","","Slurrk, All-Ingesting // Yoshimaru, Ever Faithful","","","","","","","","0","3","",""
"4108","Colorless","","Malcolm, Keen-Eyed Navigator // Yoshimaru, Ever Faithful","","","","","","","","0","3","",""
"4108","Colorless","","Francisco, Fowl Marauder // Keleth, Sunmane Familiar","","","","","","","","0","3","",""
"4160","Colorless","","Go-Shintai of Ancient Wars","","","","","","","","0","3","",""
"4161","Colorless","","Abdel Adrian, Gorion's Ward // Scion of Halaster","","","","","","","","0","3","",""
"4161","Colorless","","Durnan of the Yawning Portal // Haunted One","","","","","","","","0","3","",""
"4161","Colorless","","Durnan of the Yawning Portal // Scion of Halaster","","","","","","","","0","3","",""
"4161","Colorless","","Durnan of the Yawning Portal // Far Traveler","","","","","","","","0","3","",""
"4161","Colorless","","Durnan of the Yawning Portal // Folk Hero","","","","","","","","0","3","",""
"4161","Colorless","","Durnan of the Yawning Portal // Dungeon Delver","","","","","","","","0","3","",""
"4161","Colorless","","Sarevok, Deathbringer // Agent of the Shadow Thieves","","","","","","","","0","3","",""
"4161","Colorless","","Gut, True Soul Zealot // Feywild Visitor","","","","","","","","0","3","",""
"4161","Colorless","","Gut, True Soul Zealot // Popular Entertainer","","","","","","","","0","3","",""
"4161","Colorless","","Shadowheart, Dark Justiciar // Scion of Halaster","","","","","","","","0","3","",""
"4161","Colorless","","Viconia, Drow Apostate","","","","","","","","0","3","",""
"4161","Colorless","","Alora, Merry Thief // Criminal Past","","","","","","","","0","3","",""
"4161","Colorless","","Volo, Itinerant Scholar // Candlekeep Sage","","","","","","","","0","3","",""
"4161","Colorless","","Viconia, Drow Apostate // Noble Heritage","","","","","","","","0","3","",""
"4161","Colorless","","Sarevok, Deathbringer // Street Urchin","","","","","","","","0","3","",""
"4161","Colorless","","Gut, True Soul Zealot // Noble Heritage","","","","","","","","0","3","",""
"4161","Colorless","","Gut, True Soul Zealot","","","","","","","","0","3","",""
"4161","Colorless","","Volo, Itinerant Scholar // Inspiring Leader","","","","","","","","0","3","",""
"4161","Colorless","","Volo, Itinerant Scholar // Criminal Past","","","","","","","","0","3","",""
"4161","Colorless","","Wyll, Blade of Frontiers // Agent of the Iron Throne","","","","","","","","0","3","",""
"4161","Colorless","","Lulu, Loyal Hollyphant // Noble Heritage","","","","","","","","0","3","",""
"4161","Colorless","","Lulu, Loyal Hollyphant // Clan Crafter","","","","","","","","0","3","",""
"4161","Colorless","","Skanos Dragonheart // Haunted One","","","","","","","","0","3","",""
"4161","Colorless","","Lulu, Loyal Hollyphant // Folk Hero","","","","","","","","0","3","",""
"4161","Colorless","","Skanos Dragonheart // Folk Hero","","","","","","","","0","3","",""
"4161","Colorless","","Skanos Dragonheart // Flaming Fist","","","","","","","","0","3","",""
"4161","Colorless","","Livaan, Cultist of Tiamat // Raised by Giants","","","","","","","","0","3","",""
"4161","Colorless","","Lae'zel, Vlaakith's Champion // Dragon Cultist","","","","","","","","0","3","",""
"4161","Colorless","","Livaan, Cultist of Tiamat // Noble Heritage","","","","","","","","0","3","",""
"4161","Colorless","","Livaan, Cultist of Tiamat // Passionate Archaeologist","","","","","","","","0","3","",""
"4161","Colorless","","Livaan, Cultist of Tiamat // Clan Crafter","","","","","","","","0","3","",""
"4161","Colorless","","Livaan, Cultist of Tiamat // Cultist of the Absolute","","","","","","","","0","3","",""
"4161","Colorless","","Livaan, Cultist of Tiamat // Flaming Fist","","","","","","","","0","3","",""
"4161","Colorless","","Lae'zel, Vlaakith's Champion // Street Urchin","","","","","","","","0","3","",""
"4161","Colorless","","Livaan, Cultist of Tiamat // Faceless One","","","","","","","","0","3","",""
"4161","Colorless","","Wilson, Refined Grizzly // Hardy Outlander","","","","","","","","0","3","",""
"4161","Colorless","","Wilson, Refined Grizzly // Far Traveler","","","","","","","","0","3","",""
"4161","Colorless","","Faceless One // Noble Heritage","","","","","","","","0","3","",""
"4161","Colorless","","Shadowheart, Dark Justiciar // Popular Entertainer","","","","","","","","0","3","",""
"4161","Colorless","","Imoen, Mystic Trickster // Scion of Halaster","","","","","","","","0","3","",""
"4161","Colorless","","Imoen, Mystic Trickster // Folk Hero","","","","","","","","0","3","",""
"4161","Colorless","","Wilson, Refined Grizzly // Passionate Archaeologist","","","","","","","","0","3","",""
"4161","Colorless","","Wilson, Refined Grizzly // Dungeon Delver","","","","","","","","0","3","",""
"4161","Colorless","","Wilson, Refined Grizzly","","","","","","","","0","3","",""
"4161","Colorless","","Sarevok, Deathbringer","","","","","","","","0","3","",""
"4161","Colorless","","Zellix, Sanity Flayer // Street Urchin","","","","","","","","0","3","",""
"4161","Colorless","","Renari, Merchant of Marvels // Guild Artisan","","","","","","","","0","3","",""
"4161","Colorless","","Renari, Merchant of Marvels // Haunted One","","","","","","","","0","3","",""
"4161","Colorless","","Amber Gristle O'Maul // Noble Heritage","","","","","","","","0","3","",""
"4161","Colorless","","Amber Gristle O'Maul // Scion of Halaster","","","","","","","","0","3","",""
"4161","Colorless","","Zellix, Sanity Flayer // Master Chef","","","","","","","","0","3","",""
"4161","Colorless","","Jaheira, Friend of the Forest // Popular Entertainer","","","","","","","","0","3","",""
"4161","Colorless","","Erinis, Gloom Stalker // Flaming Fist","","","","","","","","0","3","",""
"4161","Colorless","","Erinis, Gloom Stalker // Far Traveler","","","","","","","","0","3","",""
"4161","Colorless","","Jaheira, Friend of the Forest","","","","","","","","0","3","",""
"4161","Colorless","","Zellix, Sanity Flayer // Criminal Past","","","","","","","","0","3","",""
"4161","Colorless","","Erinis, Gloom Stalker // Criminal Past","","","","","","","","0","3","",""
"4161","Colorless","","Ellyn Harbreeze, Busybody // Tavern Brawler","","","","","","","","0","3","",""
"4161","Colorless","","Ellyn Harbreeze, Busybody // Guild Artisan","","","","","","","","0","3","",""
"4161","Colorless","","Erinis, Gloom Stalker // Raised by Giants","","","","","","","","0","3","",""
"4161","Colorless","","Safana, Calimport Cutthroat // Clan Crafter","","","","","","","","0","3","",""
"4161","Colorless","","Gale, Waterdeep Prodigy // Cultist of the Absolute","","","","","","","","0","3","",""
"4161","Colorless","","Gale, Waterdeep Prodigy // Agent of the Shadow Thieves","","","","","","","","0","3","",""
"4161","Colorless","","Ellyn Harbreeze, Busybody // Folk Hero","","","","","","","","0","3","",""
"4161","Colorless","","Burakos, Party Leader // Popular Entertainer","","","","","","","","0","3","",""
"4161","Colorless","","Durnan of the Yawning Portal // Noble Heritage","","","","","","","","0","3","",""
"4161","Colorless","","Abdel Adrian, Gorion's Ward // Sword Coast Sailor","","","","","","","","0","3","",""
"4161","Colorless","","Rasaad yn Bashir // Noble Heritage","","","","","","","","0","3","",""
"4161","Colorless","","Halsin, Emerald Archdruid // Master Chef","","","","","","","","0","3","",""
"4161","Colorless","","Shadowheart, Dark Justiciar // Candlekeep Sage","","","","","","","","0","3","",""
"4231","Colorless","","Zar Ojanen, Scion of Efrava","","","","","","","","0","3","",""
"4232","Colorless","","Lila, Hospitality Hostess","","","","","","","","0","3","",""
"4232","Colorless","","Ignacio of Myra's Marvels","","","","","","","","0","3","",""
"4232","Colorless","","Angelic Harold","","","","","","","","0","3","",""
"4232","Colorless","","Grand Marshal Macie","","","","","","","","0","3","",""
"4236","Colorless","","Mishra, Excavation Prodigy","","","","","","","","0","3","",""
"4237","Colorless","","Monstrosity of the Lake","","","","","","","","0","3","",""
"4237","Colorless","","Pippin, Warden of Isengard","","","","","","","","0","3","",""
"4237","Colorless","","The Balrog of Moria","","","","","","","","0","3","",""
"4240","Colorless","","The Third Doctor // K-9, Mark I","","","","","","","","0","3","",""
"4240","Colorless","","The Sixth Doctor // Yasmin Khan","","","","","","","","0","3","",""
"4240","Colorless","","The Ninth Doctor","","","","","","","","0","3","",""
"4240","Colorless","","The Twelfth Doctor // K-9, Mark I","","","","","","","","0","3","",""
"4240","Colorless","","The Twelfth Doctor // Ryan Sinclair","","","","","","","","0","3","",""
"4240","Colorless","","K-9, Mark I","","","","","","","","0","3","",""
"4240","Colorless","","The Eleventh Doctor // Donna Noble","","","","","","","","0","3","",""
"4240","Colorless","","The Eleventh Doctor // Dan Lewis","","","","","","","","0","3","",""
"4240","Colorless","","The Fourteenth Doctor // Nardole, Resourceful Cyborg","","","","","","","","0","3","",""
"4240","Colorless","","The Third Doctor // Tegan Jovanka","","","","","","","","0","3","",""
"4240","Colorless","","The Fourth Doctor // K-9, Mark I","","","","","","","","0","3","",""
"4240","Colorless","","Ryan Sinclair","","","","","","","","0","3","",""
"4240","Colorless","","The Fourth Doctor // Peri Brown","","","","","","","","0","3","",""
"4240","Colorless","","The First Doctor // Donna Noble","","","","","","","","0","3","",""
"4240","Colorless","","The Eighth Doctor // Vislor Turlough","","","","","","","","0","3","",""
"4240","Colorless","","The Twelfth Doctor // Sarah Jane Smith","","","","","","","","0","3","",""
"4240","Colorless","","The First Doctor // Graham O'Brien","","","","","","","","0","3","",""
"4240","Colorless","","The First Doctor // Yasmin Khan","","","","","","","","0","3","",""
"4240","Colorless","","The Fifth Doctor // Ryan Sinclair","","","","","","","","0","3","",""
"4240","Colorless","","The War Doctor // Yasmin Khan","","","","","","","","0","3","",""
"4240","Colorless","","The Sixth Doctor // Adric, Mathematical Genius","","","","","","","","0","3","",""
"4240","Colorless","","The Twelfth Doctor // Rose Tyler","","","","","","","","0","3","",""
"4240","Colorless","","The Tenth Doctor // Vislor Turlough","","","","","","","","0","3","",""
"4240","Colorless","","The Thirteenth Doctor // Rose Tyler","","","","","","","","0","3","",""
"4240","Colorless","","The Thirteenth Doctor // Peri Brown","","","","","","","","0","3","",""
"4240","Colorless","","The Twelfth Doctor // Bill Potts","","","","","","","","0","3","",""
"4240","Colorless","","The Tenth Doctor // Sarah Jane Smith","","","","","","","","0","3","",""
"4240","Colorless","","The Eighth Doctor // Clara Oswald","","","","","","","","0","3","",""
"4240","Colorless","","The Third Doctor // Ian Chesterton","","","","","","","","0","3","",""
"4240","Colorless","","The Third Doctor // Susan Foreman","","","","","","","","0","3","",""
"4240","Colorless","","Nardole, Resourceful Cyborg","","","","","","","","0","3","",""
"4240","Colorless","","The Second Doctor // Adric, Mathematical Genius","","","","","","","","0","3","",""
"4240","Colorless","","Barbara Wright","","","","","","","","0","3","",""
"4273","Colorless","","The Fifteenth Doctor","","","","","","","","0","3","",""
"4274","Colorless","","Elder Owyn Lyons","","","","","","","","0","3","",""
"4274","Colorless","","Duchess, Wayward Tavernkeep","","","","","","","","0","3","",""
"4274","Colorless","","Codsworth, Handy Helper","","","","","","","","0","3","",""
"4277","Colorless","","Thancred Waters","","","","","","","","0","3","",""
"4278","Colorless","","Ambrosia Whiteheart","","","","","","","","0","3","",""
"4279","Colorless","","Spider-Man, Web-Slinger","","","","","","","","0","3","",""
"4279","Colorless","","Tombstone, Career Criminal","","","","","","","","0","3","",""
"4279","Colorless","","Doc Ock, Sinister Scientist","","","","","","","","0","3","",""
"4279","Colorless","","Venom, Evil Unleashed","","","","","","","","0","3","",""
"4283","Colorless","","Appa, Aang's Companion","","","","","","","","0","3","",""
"4284","Colorless","","Chameleon, Master of Disguise","","","","","","","","0","3","",""
"4285","Colorless","","Madame Web, Clairvoyant","","","","","","","","0","3","",""
"4285","Colorless","","Living Brain, Mechanical Marvel","","","","","","","","0","3","",""
"4287","Colorless","","Swarm, Being of Bees","","","","","","","","0","3","",""
"4288","Colorless","","Zuko, Seeking Honor","","","","","","","","0","3","",""
"4289","Colorless","","Tempestra, Dame of Games","","","","","","","","0","3","",""
"4290","Colorless","","Michelangelo, Game Master","","","","","","","","0","3","",""
"4291","Colorless","","Splinter, Hamato Yoshi","","","","","","","","0","3","",""
"4291","Colorless","","Oroku Saki, Shredder Rising","","","","","","","","0","3","",""
"4293","Colorless","","Augusta, Order Returned","","","","","","","","0","3","",""
"4294","Colorless","","Captain Mar-Vell, Space-Born","","","","","","","","0","3","",""
"4294","Colorless","","Abomination, Terrifying Titan","","","","","","","","0","3","",""
"4296","Colorless","","White Tiger, Ava Ayala","","","","","","","","0","3","",""
"4296","Colorless","","Hammerhead, Maggia Boss","","","","","","","","0","3","",""
"4298","Colorless","","Wonder Man, Hollywood Hero","","","","","","","","0","3","",""
"4298","Colorless","","Machine Man, Model X-51","","","","","","","","0","3","",""
"4298","Colorless","","The Immortal Weapons","","","","","","","","0","3","",""
"4298","Colorless","","Winter Soldier, Reborn Avenger","","","","","","","","0","3","",""
"4298","Colorless","","Tiger Shark, Abyssal Hunter","","","","","","","","0","3","",""
"4298","Colorless","","Viper, Cruel Conspirator","","","","","","","","0","3","",""
"4298","Colorless","","She-Hulk, Wallbreaker","","","","","","","","0","3","",""
"4298","Colorless","","Photon, Lady of Light","","","","","","","","0","3","",""
"4298","Colorless","","Captain America, Steve Rogers","","","","","","","","0","3","",""
"4298","Colorless","","Black Tom Cassidy","","","","","","","","0","3","",""
"4298","Colorless","","Gert and Old Lace, Runaways","","","","","","","","0","3","",""
"4298","Colorless","","War Machine, James Rhodes","","","","","","","","0","3","",""
"4298","Colorless","","Graviton, Fundamental Force","","","","","","","","0","3","",""
"4298","Colorless","","Shuri, Vibranium Technologist","","","","","","","","0","3","",""
"4298","Colorless","","Matt Murdock, Justice Seeker","","","","","","","","0","3","",""
"4298","Colorless","","Blue Marvel, Adam Brashear","","","","","","","","0","3","",""
"4298","Colorless","","Brawn, Amadeus Cho","","","","","","","","0","3","",""
"4315","Colorless","","Stilt-Man, Towering Terror","","","","","","","","0","3","",""
"4316","Colorless","","T'Chaka, Venerable King","","","","","","","","0","3","",""
"4317","Colorless","","Picard, Steadfast Captain","","","","","","","","0","3","",""
"4318","Colorless","","Fíli the Pathfinder","","","","","","","","0","3","",""
"4319","Colorless","","Smaug, the Great Calamity","","","","","","","","0","3","",""
"4320","Colorless","","General Chang, Cold Warrior","","","","","","","","0","3","",""
"4320","Colorless","","Christine Chapel, Combat Medic","","","","","","","","0","3","",""
"4322","Colorless","","Yoshimaru, Scrappy Stray","","","","","","","","0","3","",""
"4322","Colorless","","Teyo, Diamondblade Mage","","","","","","","","0","3","",""
"4324","Colorless","","Gosta Dirk","","","","","","","","0","2","",""
"4324","Colorless","","Ur-Drago","","","","","","","","0","2","",""
"4324","Colorless","","Bartel Runeaxe","","","","","","","","0","2","",""
"4324","Colorless","","Jasmine Boreal","","","","","","","","0","2","",""
"4324","Colorless","","Tor Wauki","","","","","","","","0","2","",""
"4324","Colorless","","Riven Turnbull","","","","","","","","0","2","",""
"4324","Colorless","","Ramirez DePietro","","","","","","","","0","2","",""
"4324","Colorless","","Pavel Maliki","","","","","","","","0","2","",""
"4332","Colorless","","Veldrane of Sengir","","","","","","","","0","2","",""
"4332","Colorless","","Grandmother Sengir","","","","","","","","0","2","",""
"4334","Colorless","","Sidar Jabari","","","","","","","","0","2","",""
"4335","Colorless","","Zhou Yu, Chief Commander","","","","","","","","0","2","",""
"4335","Colorless","","Zhang He, Wei General","","","","","","","","0","2","",""
"4337","Colorless","","Pianna, Nomad Captain","","","","","","","","0","2","",""
"4337","Colorless","","Cabal Patriarch","","","","","","","","0","2","",""
"4339","Colorless","","Myojin of Night's Reach","","","","","","","","0","2","",""
"4340","Colorless","","Ishi-Ishi, Akki Crackshot","","","","","","","","0","2","",""
"4341","Colorless","","Akuta, Born of Ash","","","","","","","","0","2","",""
"4341","Colorless","","Jiwari, the Earth Aflame","","","","","","","","0","2","",""
"4343","Colorless","","Lorthos, the Tidemaker","","","","","","","","0","2","",""
"4344","Colorless","","Alhammarret, High Arbiter","","","","","","","","0","2","",""
"4345","Colorless","","Linvala, the Preserver","","","","","","","","0","2","",""
"4346","Colorless","","Kodama of the East Tree // Reyhan, Last of the Abzan","","","","","","","","0","2","",""
"4346","Colorless","","Keskit, the Flesh Sculptor // Ravos, Soultender","","","","","","","","0","2","",""
"4346","Colorless","","Kraum, Ludevic's Opus","","","","","","","","0","2","",""
"4346","Colorless","","Jeska, Thrice Reborn // Silas Renn, Seeker Adept","","","","","","","","0","2","",""
"4346","Colorless","","Akiri, Line-Slinger // Nadier, Agent of the Duskenel","","","","","","","","0","2","",""
"4346","Colorless","","Ishai, Ojutai Dragonspeaker // Keleth, Sunmane Familiar","","","","","","","","0","2","",""
"4346","Colorless","","Brinelin, the Moon Kraken // Tana, the Bloodsower","","","","","","","","0","2","",""
"4346","Colorless","","Falthis, Shadowcat Familiar // Sidar Kondo of Jamuraa","","","","","","","","0","2","",""
"4346","Colorless","","Brinelin, the Moon Kraken // Bruse Tarl, Boorish Herder","","","","","","","","0","2","",""
"4346","Colorless","","Reyhan, Last of the Abzan // Tormod, the Desecrator","","","","","","","","0","2","",""
"4346","Colorless","","Nocturno of Myra's Marvels // Tana, the Bloodsower","","","","","","","","0","2","",""
"4346","Colorless","","Falthis, Shadowcat Familiar // Vial Smasher the Fierce","","","","","","","","0","2","",""
"4346","Colorless","","Ardenn, Intrepid Archaeologist // Sidar Kondo of Jamuraa","","","","","","","","0","2","",""
"4346","Colorless","","Breeches, Brazen Plunderer // Ikra Shidiqi, the Usurper","","","","","","","","0","2","",""
"4346","Colorless","","Siani, Eye of the Storm // Sidar Kondo of Jamuraa","","","","","","","","0","2","",""
"4346","Colorless","","Ludevic, Necro-Alchemist // Nadier, Agent of the Duskenel","","","","","","","","0","2","",""
"4346","Colorless","","Akiri, Line-Slinger // Miara, Thorn of the Glade","","","","","","","","0","2","",""
"4346","Colorless","","Halana, Kessig Ranger // Kraum, Ludevic's Opus","","","","","","","","0","2","",""
"4346","Colorless","","Anara, Wolvid Familiar // Thrasios, Triton Hero","","","","","","","","0","2","",""
"4346","Colorless","","Ignacio of Myra's Marvels // Vial Smasher the Fierce","","","","","","","","0","2","",""
"4346","Colorless","","Ignacio of Myra's Marvels // Silas Renn, Seeker Adept","","","","","","","","0","2","",""
"4346","Colorless","","Sengir, the Dark Baron // Sidar Kondo of Jamuraa","","","","","","","","0","2","",""
"4346","Colorless","","Alharu, Solemn Ritualist // Ravos, Soultender","","","","","","","","0","2","",""
"4346","Colorless","","Ghost of Ramirez DePietro // Tana, the Bloodsower","","","","","","","","0","2","",""
"4346","Colorless","","Rebbec, Architect of Ascension // Tana, the Bloodsower","","","","","","","","0","2","",""
"4346","Colorless","","Akiri, Line-Slinger // Ravos, Soultender","","","","","","","","0","2","",""
"4346","Colorless","","Kraum, Ludevic's Opus // Prava of the Steel Legion","","","","","","","","0","2","",""
"4346","Colorless","","Halana, Kessig Ranger // Ishai, Ojutai Dragonspeaker","","","","","","","","0","2","",""
"4346","Colorless","","Slurrk, All-Ingesting // Vial Smasher the Fierce","","","","","","","","0","2","",""
"4346","Colorless","","Kraum, Ludevic's Opus // Malcolm, Keen-Eyed Navigator","","","","","","","","0","2","",""
"4346","Colorless","","Falthis, Shadowcat Familiar // Thrasios, Triton Hero","","","","","","","","0","2","",""
"4346","Colorless","","Esior, Wardwing Familiar // Ludevic, Necro-Alchemist","","","","","","","","0","2","",""
"4346","Colorless","","Esior, Wardwing Familiar // Kydele, Chosen of Kruphix","","","","","","","","0","2","",""
"4346","Colorless","","Ich-Tekik, Salvage Splicer // Ludevic, Necro-Alchemist","","","","","","","","0","2","",""
"4346","Colorless","","Kraum, Ludevic's Opus // Sengir, the Dark Baron","","","","","","","","0","2","",""
"4346","Colorless","","Esior, Wardwing Familiar // Tana, the Bloodsower","","","","","","","","0","2","",""
"4346","Colorless","","Nadier, Agent of the Duskenel // Tymna the Weaver","","","","","","","","0","2","",""
"4346","Colorless","","Kydele, Chosen of Kruphix // Nadier, Agent of the Duskenel","","","","","","","","0","2","",""
"4346","Colorless","","Akroma, Vision of Ixidor // Bruse Tarl, Boorish Herder","","","","","","","","0","2","",""
"4346","Colorless","","Livio, Oathsworn Sentinel // Ludevic, Necro-Alchemist","","","","","","","","0","2","",""
"4346","Colorless","","Rebbec, Architect of Ascension // Vial Smasher the Fierce","","","","","","","","0","2","",""
"4346","Colorless","","Livio, Oathsworn Sentinel // Sidar Kondo of Jamuraa","","","","","","","","0","2","",""
"4346","Colorless","","Jeska, Thrice Reborn // Ludevic, Necro-Alchemist","","","","","","","","0","2","",""
"4346","Colorless","","Gilanra, Caller of Wirewood // Ikra Shidiqi, the Usurper","","","","","","","","0","2","",""
"4346","Colorless","","Livio, Oathsworn Sentinel // Vial Smasher the Fierce","","","","","","","","0","2","",""
"4346","Colorless","","Akiri, Line-Slinger // Vial Smasher the Fierce","","","","","","","","0","2","",""
"4346","Colorless","","Armix, Filigree Thrasher // Bruse Tarl, Boorish Herder","","","","","","","","0","2","",""
"4346","Colorless","","Kamahl, Heart of Krosa // Ludevic, Necro-Alchemist","","","","","","","","0","2","",""
"4346","Colorless","","Bruse Tarl, Boorish Herder","","","","","","","","0","2","",""
"4346","Colorless","","Ikra Shidiqi, the Usurper // Krark, the Thumbless","","","","","","","","0","2","",""
"4346","Colorless","","Ikra Shidiqi, the Usurper // Kamahl, Heart of Krosa","","","","","","","","0","2","",""
"4346","Colorless","","Ikra Shidiqi, the Usurper // Thrasios, Triton Hero","","","","","","","","0","2","",""
"4346","Colorless","","Ikra Shidiqi, the Usurper // Tevesh Szat, Doom of Fools","","","","","","","","0","2","",""
"4346","Colorless","","Kamahl, Heart of Krosa // Silas Renn, Seeker Adept","","","","","","","","0","2","",""
"4346","Colorless","","Bruse Tarl, Boorish Herder // Rograkh, Son of Rohgahh","","","","","","","","0","2","",""
"4346","Colorless","","Alena, Kessig Trapper // Tymna the Weaver","","","","","","","","0","2","",""
"4346","Colorless","","Bruse Tarl, Boorish Herder // Kraum, Ludevic's Opus","","","","","","","","0","2","",""
"4346","Colorless","","Bruse Tarl, Boorish Herder // Dargo, the Shipwrecker","","","","","","","","0","2","",""
"4346","Colorless","","Ikra Shidiqi, the Usurper // Malcolm, Keen-Eyed Navigator","","","","","","","","0","2","",""
"4346","Colorless","","Bruse Tarl, Boorish Herder // Hardy of Myra's Marvels","","","","","","","","0","2","",""
"4346","Colorless","","Ikra Shidiqi, the Usurper // Kodama of the East Tree","","","","","","","","0","2","",""
"4346","Colorless","","Ikra Shidiqi, the Usurper // Rebbec, Architect of Ascension","","","","","","","","0","2","",""
"4346","Colorless","","Ghost of Ramirez DePietro // Vial Smasher the Fierce","","","","","","","","0","2","",""
"4346","Colorless","","Ikra Shidiqi, the Usurper // Toggo, Goblin Weaponsmith","","","","","","","","0","2","",""
"4346","Colorless","","Gilanra, Caller of Wirewood // Thrasios, Triton Hero","","","","","","","","0","2","",""
"4346","Colorless","","Ludevic, Necro-Alchemist // Rograkh, Son of Rohgahh","","","","","","","","0","2","",""
"4346","Colorless","","Kydele, Chosen of Kruphix // Rebbec, Architect of Ascension","","","","","","","","0","2","",""
"4346","Colorless","","Ghost of Ramirez DePietro // Sidar Kondo of Jamuraa","","","","","","","","0","2","",""
"4346","Colorless","","Kydele, Chosen of Kruphix // Livio, Oathsworn Sentinel","","","","","","","","0","2","",""
"4346","Colorless","","Tana, the Bloodsower","","","","","","","","0","2","",""
"4346","Colorless","","Gilanra, Caller of Wirewood // Tymna the Weaver","","","","","","","","0","2","",""
"4346","Colorless","","Krark, the Thumbless // Ravos, Soultender","","","","","","","","0","2","",""
"4346","Colorless","","Kydele, Chosen of Kruphix // Prava of the Steel Legion","","","","","","","","0","2","",""
"4346","Colorless","","Sakashima of a Thousand Faces // Silas Renn, Seeker Adept","","","","","","","","0","2","",""
"4420","Colorless","","Pir, Imaginative Rascal","","","","","","","","0","2","",""
"4421","Colorless","","Lena, Selfless Champion","","","","","","","","0","2","",""
"4422","Colorless","","Cazur, Ruthless Stalker","","","","","","","","0","2","",""
"4423","Colorless","","Anara, Wolvid Familiar // Halana, Kessig Ranger","","","","","","","","0","2","",""
"4423","Colorless","","Halana, Kessig Ranger // Jeska, Thrice Reborn","","","","","","","","0","2","",""
"4423","Colorless","","Nadier, Agent of the Duskenel // Sakashima of a Thousand Faces","","","","","","","","0","2","",""
"4423","Colorless","","Sengir, the Dark Baron","","","","","","","","0","2","",""
"4423","Colorless","","Nadier, Agent of the Duskenel // Prava of the Steel Legion","","","","","","","","0","2","",""
"4423","Colorless","","Halana, Kessig Ranger // Livio, Oathsworn Sentinel","","","","","","","","0","2","",""
"4423","Colorless","","Halana, Kessig Ranger // Sakashima of a Thousand Faces","","","","","","","","0","2","",""
"4423","Colorless","","Halana, Kessig Ranger // Slurrk, All-Ingesting","","","","","","","","0","2","",""
"4423","Colorless","","Rebbec, Architect of Ascension","","","","","","","","0","2","",""
"4423","Colorless","","Rebbec, Architect of Ascension // Tormod, the Desecrator","","","","","","","","0","2","",""
"4423","Colorless","","Ghost of Ramirez DePietro // Tevesh Szat, Doom of Fools","","","","","","","","0","2","",""
"4423","Colorless","","Miara, Thorn of the Glade // Tormod, the Desecrator","","","","","","","","0","2","",""
"4423","Colorless","","Miara, Thorn of the Glade // Rograkh, Son of Rohgahh","","","","","","","","0","2","",""
"4423","Colorless","","Numa, Joraga Chieftain // Slurrk, All-Ingesting","","","","","","","","0","2","",""
"4423","Colorless","","Ardenn, Intrepid Archaeologist // Halana, Kessig Ranger","","","","","","","","0","2","",""
"4423","Colorless","","Ardenn, Intrepid Archaeologist // Breeches, Brazen Plunderer","","","","","","","","0","2","",""
"4423","Colorless","","Ardenn, Intrepid Archaeologist // Glacian, Powerstone Engineer","","","","","","","","0","2","",""
"4423","Colorless","","Ardenn, Intrepid Archaeologist // Keskit, the Flesh Sculptor","","","","","","","","0","2","",""
"4423","Colorless","","Alena, Kessig Trapper // Esior, Wardwing Familiar","","","","","","","","0","2","",""
"4423","Colorless","","Ardenn, Intrepid Archaeologist // Malcolm, Keen-Eyed Navigator","","","","","","","","0","2","",""
"4423","Colorless","","Alena, Kessig Trapper // Ardenn, Intrepid Archaeologist","","","","","","","","0","2","",""
"4423","Colorless","","Alena, Kessig Trapper // Prava of the Steel Legion","","","","","","","","0","2","",""
"4423","Colorless","","Alena, Kessig Trapper // Nadier, Agent of the Duskenel","","","","","","","","0","2","",""
"4423","Colorless","","Ardenn, Intrepid Archaeologist // Livio, Oathsworn Sentinel","","","","","","","","0","2","",""
"4423","Colorless","","Ardenn, Intrepid Archaeologist // Prava of the Steel Legion","","","","","","","","0","2","",""
"4423","Colorless","","Falthis, Shadowcat Familiar // Tevesh Szat, Doom of Fools","","","","","","","","0","2","",""
"4423","Colorless","","Ardenn, Intrepid Archaeologist // Francisco, Fowl Marauder","","","","","","","","0","2","",""
"4423","Colorless","","Alharu, Solemn Ritualist // Anara, Wolvid Familiar","","","","","","","","0","2","",""
"4423","Colorless","","Kediss, Emberclaw Familiar // Radiant, Serra Archangel","","","","","","","","0","2","",""
"4423","Colorless","","Kediss, Emberclaw Familiar // Tevesh Szat, Doom of Fools","","","","","","","","0","2","",""
"4423","Colorless","","Alharu, Solemn Ritualist // Nadier, Agent of the Duskenel","","","","","","","","0","2","",""
"4423","Colorless","","Alharu, Solemn Ritualist // Ghost of Ramirez DePietro","","","","","","","","0","2","",""
"4423","Colorless","","Hardy of Myra's Marvels // Rograkh, Son of Rohgahh","","","","","","","","0","2","",""
"4423","Colorless","","Kamahl, Heart of Krosa // Sengir, the Dark Baron","","","","","","","","0","2","",""
"4423","Colorless","","Esior, Wardwing Familiar // Rebbec, Architect of Ascension","","","","","","","","0","2","",""
"4423","Colorless","","Prava of the Steel Legion // Rograkh, Son of Rohgahh","","","","","","","","0","2","",""
"4423","Colorless","","Ich-Tekik, Salvage Splicer","","","","","","","","0","2","",""
"4423","Colorless","","Kamahl, Heart of Krosa // Slurrk, All-Ingesting","","","","","","","","0","2","",""
"4423","Colorless","","Krark, the Thumbless // Tormod, the Desecrator","","","","","","","","0","2","",""
"4423","Colorless","","Krark, the Thumbless // Yoshimaru, Ever Faithful","","","","","","","","0","2","",""
"4423","Colorless","","Gilanra, Caller of Wirewood // Toggo, Goblin Weaponsmith","","","","","","","","0","2","",""
"4423","Colorless","","Armix, Filigree Thrasher // Falthis, Shadowcat Familiar","","","","","","","","0","2","",""
"4423","Colorless","","Armix, Filigree Thrasher // Tormod, the Desecrator","","","","","","","","0","2","",""
"4423","Colorless","","Armix, Filigree Thrasher // Tevesh Szat, Doom of Fools","","","","","","","","0","2","",""
"4423","Colorless","","Armix, Filigree Thrasher // Sakashima of a Thousand Faces","","","","","","","","0","2","",""
"4423","Colorless","","Kamahl, Heart of Krosa // Rograkh, Son of Rohgahh","","","","","","","","0","2","",""
"4423","Colorless","","Armix, Filigree Thrasher // Yoshimaru, Ever Faithful","","","","","","","","0","2","",""
"4423","Colorless","","Armix, Filigree Thrasher // Slurrk, All-Ingesting","","","","","","","","0","2","",""
"4423","Colorless","","Gilanra, Caller of Wirewood // Slurrk, All-Ingesting","","","","","","","","0","2","",""
"4423","Colorless","","Armix, Filigree Thrasher // Jeska, Thrice Reborn","","","","","","","","0","2","",""
"4423","Colorless","","Armix, Filigree Thrasher // Kediss, Emberclaw Familiar","","","","","","","","0","2","",""
"4423","Colorless","","Gilanra, Caller of Wirewood // Tormod, the Desecrator","","","","","","","","0","2","",""
"4423","Colorless","","Armix, Filigree Thrasher // Breeches, Brazen Plunderer","","","","","","","","0","2","",""
"4423","Colorless","","Katerina of Myra's Marvels // Siani, Eye of the Storm","","","","","","","","0","2","",""
"4423","Colorless","","Jeska, Thrice Reborn // Sengir, the Dark Baron","","","","","","","","0","2","",""
"4423","Colorless","","Gilanra, Caller of Wirewood // Nadier, Agent of the Duskenel","","","","","","","","0","2","",""
"4423","Colorless","","Jeska, Thrice Reborn // Keskit, the Flesh Sculptor","","","","","","","","0","2","",""
"4423","Colorless","","Gilanra, Caller of Wirewood // Krark, the Thumbless","","","","","","","","0","2","",""
"4423","Colorless","","Dargo, the Shipwrecker","","","","","","","","0","2","",""
"4423","Colorless","","Dargo, the Shipwrecker // Ghost of Ramirez DePietro","","","","","","","","0","2","",""
"4423","Colorless","","Dargo, the Shipwrecker // Kamahl, Heart of Krosa","","","","","","","","0","2","",""
"4423","Colorless","","Eligeth, Crossroads Augur // The Prismatic Piper","","","","","","","","0","2","",""
"4423","Colorless","","Dargo, the Shipwrecker // Gilanra, Caller of Wirewood","","","","","","","","0","2","",""
"4423","Colorless","","Keleth, Sunmane Familiar // Prava of the Steel Legion","","","","","","","","0","2","",""
"4423","Colorless","","Dargo, the Shipwrecker // Falthis, Shadowcat Familiar","","","","","","","","0","2","",""
"4423","Colorless","","Keskit, the Flesh Sculptor // Sengir, the Dark Baron","","","","","","","","0","2","",""
"4423","Colorless","","Radiant, Serra Archangel // Sengir, the Dark Baron","","","","","","","","0","2","",""
"4423","Colorless","","Dargo, the Shipwrecker // Sengir, the Dark Baron","","","","","","","","0","2","",""
"4423","Colorless","","Glacian, Powerstone Engineer // Keskit, the Flesh Sculptor","","","","","","","","0","2","",""
"4423","Colorless","","Breeches, Brazen Plunderer // Sakashima of a Thousand Faces","","","","","","","","0","2","",""
"4423","Colorless","","Eligeth, Crossroads Augur // Tevesh Szat, Doom of Fools","","","","","","","","0","2","",""
"4423","Colorless","","Anara, Wolvid Familiar","","","","","","","","0","2","",""
"4423","Colorless","","Akroma, Vision of Ixidor // Eligeth, Crossroads Augur","","","","","","","","0","2","",""
"4423","Colorless","","Anara, Wolvid Familiar // Slurrk, All-Ingesting","","","","","","","","0","2","",""
"4423","Colorless","","Anara, Wolvid Familiar // Armix, Filigree Thrasher","","","","","","","","0","2","",""
"4423","Colorless","","Anara, Wolvid Familiar // The Prismatic Piper","","","","","","","","0","2","",""
"4423","Colorless","","Anara, Wolvid Familiar // Toggo, Goblin Weaponsmith","","","","","","","","0","2","",""
"4423","Colorless","","Halana, Kessig Ranger // Sengir, the Dark Baron","","","","","","","","0","2","",""
"4423","Colorless","","Anara, Wolvid Familiar // Sengir, the Dark Baron","","","","","","","","0","2","",""
"4423","Colorless","","Akroma, Vision of Ixidor // Kediss, Emberclaw Familiar","","","","","","","","0","2","",""
"4423","Colorless","","Akroma, Vision of Ixidor // Tevesh Szat, Doom of Fools","","","","","","","","0","2","",""
"4504","Colorless","","Hargilde, Kindly Runechanter // Othelm, Sigardian Outcast","","","","","","","","0","2","",""
"4504","Colorless","","Elmar, Ulvenwald Informant","","","","","","","","0","2","",""
"4504","Colorless","","Hargilde, Kindly Runechanter","","","","","","","","0","2","",""
"4507","Colorless","","Kamber, the Plunderer","","","","","","","","0","2","",""
"4508","Colorless","","Go-Shintai of Hidden Cruelty","","","","","","","","0","2","",""
"4508","Colorless","","Myojin of Towering Might","","","","","","","","0","2","",""
"4508","Colorless","","Go-Shintai of Shared Purpose","","","","","","","","0","2","",""
"4511","Colorless","","Gut, True Soul Zealot // Tavern Brawler","","","","","","","","0","2","",""
"4511","Colorless","","Rasaad yn Bashir // Folk Hero","","","","","","","","0","2","",""
"4511","Colorless","","Rasaad yn Bashir // Far Traveler","","","","","","","","0","2","",""
"4511","Colorless","","Rasaad yn Bashir // Agent of the Shadow Thieves","","","","","","","","0","2","",""
"4511","Colorless","","Rasaad yn Bashir // Popular Entertainer","","","","","","","","0","2","",""
"4511","Colorless","","Rasaad yn Bashir // Scion of Halaster","","","","","","","","0","2","",""
"4511","Colorless","","Safana, Calimport Cutthroat // Feywild Visitor","","","","","","","","0","2","",""
"4511","Colorless","","Safana, Calimport Cutthroat // Far Traveler","","","","","","","","0","2","",""
"4511","Colorless","","Baeloth Barrityl, Entertainer // Far Traveler","","","","","","","","0","2","",""
"4511","Colorless","","Baeloth Barrityl, Entertainer // Guild Artisan","","","","","","","","0","2","",""
"4511","Colorless","","Baeloth Barrityl, Entertainer // Tavern Brawler","","","","","","","","0","2","",""
"4511","Colorless","","Vhal, Candlekeep Researcher // Agent of the Iron Throne","","","","","","","","0","2","",""
"4511","Colorless","","Imoen, Mystic Trickster // Guild Artisan","","","","","","","","0","2","",""
"4511","Colorless","","Imoen, Mystic Trickster // Popular Entertainer","","","","","","","","0","2","",""
"4511","Colorless","","Imoen, Mystic Trickster // Haunted One","","","","","","","","0","2","",""
"4511","Colorless","","Livaan, Cultist of Tiamat // Inspiring Leader","","","","","","","","0","2","",""
"4511","Colorless","","Livaan, Cultist of Tiamat // Guild Artisan","","","","","","","","0","2","",""
"4511","Colorless","","Livaan, Cultist of Tiamat","","","","","","","","0","2","",""
"4511","Colorless","","Skanos Dragonheart // Guild Artisan","","","","","","","","0","2","",""
"4511","Colorless","","Sivriss, Nightmare Speaker // Folk Hero","","","","","","","","0","2","",""
"4511","Colorless","","Sivriss, Nightmare Speaker // Far Traveler","","","","","","","","0","2","",""
"4511","Colorless","","Sivriss, Nightmare Speaker // Clan Crafter","","","","","","","","0","2","",""
"4511","Colorless","","Sivriss, Nightmare Speaker // Noble Heritage","","","","","","","","0","2","",""
"4511","Colorless","","Ganax, Astral Hunter // Popular Entertainer","","","","","","","","0","2","",""
"4511","Colorless","","Viconia, Drow Apostate // Street Urchin","","","","","","","","0","2","",""
"4511","Colorless","","Ganax, Astral Hunter // Passionate Archaeologist","","","","","","","","0","2","",""
"4511","Colorless","","Viconia, Drow Apostate // Folk Hero","","","","","","","","0","2","",""
"4511","Colorless","","Viconia, Drow Apostate // Far Traveler","","","","","","","","0","2","",""
"4511","Colorless","","Viconia, Drow Apostate // Agent of the Shadow Thieves","","","","","","","","0","2","",""
"4511","Colorless","","Viconia, Drow Apostate // Guild Artisan","","","","","","","","0","2","",""
"4511","Colorless","","Ganax, Astral Hunter // Dungeon Delver","","","","","","","","0","2","",""
"4511","Colorless","","Viconia, Drow Apostate // Passionate Archaeologist","","","","","","","","0","2","",""
"4511","Colorless","","Gut, True Soul Zealot // Dragon Cultist","","","","","","","","0","2","",""
"4511","Colorless","","Alora, Merry Thief // Dragon Cultist","","","","","","","","0","2","",""
"4511","Colorless","","Durnan of the Yawning Portal // Shameless Charlatan","","","","","","","","0","2","",""
"4511","Colorless","","Alora, Merry Thief // Shameless Charlatan","","","","","","","","0","2","",""
"4511","Colorless","","Alora, Merry Thief // Master Chef","","","","","","","","0","2","",""
"4511","Colorless","","Alora, Merry Thief // Tavern Brawler","","","","","","","","0","2","",""
"4511","Colorless","","Alora, Merry Thief // Haunted One","","","","","","","","0","2","",""
"4511","Colorless","","Alora, Merry Thief // Noble Heritage","","","","","","","","0","2","",""
"4511","Colorless","","Lae'zel, Vlaakith's Champion // Popular Entertainer","","","","","","","","0","2","",""
"4511","Colorless","","Lae'zel, Vlaakith's Champion // Far Traveler","","","","","","","","0","2","",""
"4511","Colorless","","Lae'zel, Vlaakith's Champion // Cultist of the Absolute","","","","","","","","0","2","",""
"4511","Colorless","","Lae'zel, Vlaakith's Champion // Feywild Visitor","","","","","","","","0","2","",""
"4511","Colorless","","Erinis, Gloom Stalker // Shameless Charlatan","","","","","","","","0","2","",""
"4511","Colorless","","Erinis, Gloom Stalker // Haunted One","","","","","","","","0","2","",""
"4511","Colorless","","Erinis, Gloom Stalker // Agent of the Iron Throne","","","","","","","","0","2","",""
"4511","Colorless","","Erinis, Gloom Stalker // Noble Heritage","","","","","","","","0","2","",""
"4511","Colorless","","Zellix, Sanity Flayer // Noble Heritage","","","","","","","","0","2","",""
"4511","Colorless","","Shadowheart, Dark Justiciar // Flaming Fist","","","","","","","","0","2","",""
"4511","Colorless","","Zellix, Sanity Flayer // Sword Coast Sailor","","","","","","","","0","2","",""
"4511","Colorless","","Lulu, Loyal Hollyphant // Faceless One","","","","","","","","0","2","",""
"4511","Colorless","","Lulu, Loyal Hollyphant // Popular Entertainer","","","","","","","","0","2","",""
"4511","Colorless","","Shadowheart, Dark Justiciar // Passionate Archaeologist","","","","","","","","0","2","",""
"4511","Colorless","","Volo, Itinerant Scholar // Dragon Cultist","","","","","","","","0","2","",""
"4511","Colorless","","Volo, Itinerant Scholar // Hardy Outlander","","","","","","","","0","2","",""
"4511","Colorless","","Wyll, Blade of Frontiers // Noble Heritage","","","","","","","","0","2","",""
"4511","Colorless","","Volo, Itinerant Scholar // Dungeon Delver","","","","","","","","0","2","",""
"4511","Colorless","","Wyll, Blade of Frontiers // Veteran Soldier","","","","","","","","0","2","",""
"4511","Colorless","","Wyll, Blade of Frontiers // Popular Entertainer","","","","","","","","0","2","",""
"4511","Colorless","","Wyll, Blade of Frontiers // Cultist of the Absolute","","","","","","","","0","2","",""
"4511","Colorless","","Wyll, Blade of Frontiers // Feywild Visitor","","","","","","","","0","2","",""
"4511","Colorless","","Wilson, Refined Grizzly // Dragon Cultist","","","","","","","","0","2","",""
"4511","Colorless","","Wilson, Refined Grizzly // Feywild Visitor","","","","","","","","0","2","",""
"4511","Colorless","","Wyll, Blade of Frontiers // Dragon Cultist","","","","","","","","0","2","",""
"4511","Colorless","","Wilson, Refined Grizzly // Agent of the Iron Throne","","","","","","","","0","2","",""
"4511","Colorless","","Amber Gristle O'Maul // Cloakwood Hermit","","","","","","","","0","2","",""
"4511","Colorless","","Amber Gristle O'Maul // Cultist of the Absolute","","","","","","","","0","2","",""
"4511","Colorless","","Amber Gristle O'Maul // Master Chef","","","","","","","","0","2","",""
"4511","Colorless","","Amber Gristle O'Maul // Sword Coast Sailor","","","","","","","","0","2","",""
"4511","Colorless","","Ellyn Harbreeze, Busybody","","","","","","","","0","2","",""
"4511","Colorless","","Jaheira, Friend of the Forest // Far Traveler","","","","","","","","0","2","",""
"4511","Colorless","","Jaheira, Friend of the Forest // Shameless Charlatan","","","","","","","","0","2","",""
"4511","Colorless","","Jaheira, Friend of the Forest // Passionate Archaeologist","","","","","","","","0","2","",""
"4511","Colorless","","Ellyn Harbreeze, Busybody // Popular Entertainer","","","","","","","","0","2","",""
"4511","Colorless","","Burakos, Party Leader","","","","","","","","0","2","",""
"4511","Colorless","","Gale, Waterdeep Prodigy // Street Urchin","","","","","","","","0","2","",""
"4511","Colorless","","Gale, Waterdeep Prodigy // Inspiring Leader","","","","","","","","0","2","",""
"4511","Colorless","","Ellyn Harbreeze, Busybody // Far Traveler","","","","","","","","0","2","",""
"4511","Colorless","","Gale, Waterdeep Prodigy // Feywild Visitor","","","","","","","","0","2","",""
"4511","Colorless","","Gale, Waterdeep Prodigy // Far Traveler","","","","","","","","0","2","",""
"4511","Colorless","","Gale, Waterdeep Prodigy // Shameless Charlatan","","","","","","","","0","2","",""
"4511","Colorless","","Gale, Waterdeep Prodigy // Popular Entertainer","","","","","","","","0","2","",""
"4511","Colorless","","Karlach, Fury of Avernus // Far Traveler","","","","","","","","0","2","",""
"4511","Colorless","","Burakos, Party Leader // Far Traveler","","","","","","","","0","2","",""
"4511","Colorless","","Abdel Adrian, Gorion's Ward // Noble Heritage","","","","","","","","0","2","",""
"4511","Colorless","","Burakos, Party Leader // Flaming Fist","","","","","","","","0","2","",""
"4511","Colorless","","Abdel Adrian, Gorion's Ward // Acolyte of Bahamut","","","","","","","","0","2","",""
"4511","Colorless","","Karlach, Fury of Avernus // Criminal Past","","","","","","","","0","2","",""
"4511","Colorless","","Halsin, Emerald Archdruid // Haunted One","","","","","","","","0","2","",""
"4511","Colorless","","Abdel Adrian, Gorion's Ward // Guild Artisan","","","","","","","","0","2","",""
"4511","Colorless","","Abdel Adrian, Gorion's Ward // Cloakwood Hermit","","","","","","","","0","2","",""
"4603","Colorless","","Ignacio of Myra's Marvels // Katerina of Myra's Marvels","","","","","","","","0","2","",""
"4604","Colorless","","Zamriel, Seraph of Steel","","","","","","","","0","2","",""
"4605","Colorless","","Lobelia Sackville-Baggins","","","","","","","","0","2","",""
"4605","Colorless","","Elrond, Lord of Rivendell","","","","","","","","0","2","",""
"4605","Colorless","","Faramir, Field Commander","","","","","","","","0","2","",""
"4605","Colorless","","Elanor Gardner","","","","","","","","0","2","",""
"4605","Colorless","","Samwise the Stouthearted","","","","","","","","0","2","",""
"4610","Colorless","","Syr Armont, the Redeemer","","","","","","","","0","2","",""
"4611","Colorless","","Jamie McCrimmon","","","","","","","","0","2","",""
"4611","Colorless","","The Sixth Doctor // Jamie McCrimmon","","","","","","","","0","2","",""
"4611","Colorless","","The Ninth Doctor // Vislor Turlough","","","","","","","","0","2","",""
"4611","Colorless","","The Fourth Doctor // Yasmin Khan","","","","","","","","0","2","",""
"4611","Colorless","","The Seventh Doctor // Sarah Jane Smith","","","","","","","","0","2","",""
"4611","Colorless","","The Ninth Doctor // Ian Chesterton","","","","","","","","0","2","",""
"4611","Colorless","","The Third Doctor // Graham O'Brien","","","","","","","","0","2","",""
"4611","Colorless","","The Fifth Doctor // Jamie McCrimmon","","","","","","","","0","2","",""
"4611","Colorless","","The Fugitive Doctor // Donna Noble","","","","","","","","0","2","",""
"4611","Colorless","","The Sixth Doctor // Nardole, Resourceful Cyborg","","","","","","","","0","2","",""
"4611","Colorless","","The Sixth Doctor // Ryan Sinclair","","","","","","","","0","2","",""
"4611","Colorless","","The Third Doctor // Vislor Turlough","","","","","","","","0","2","",""
"4611","Colorless","","The Third Doctor // Clara Oswald","","","","","","","","0","2","",""
"4611","Colorless","","The Thirteenth Doctor // Donna Noble","","","","","","","","0","2","",""
"4611","Colorless","","The Thirteenth Doctor","","","","","","","","0","2","",""
"4611","Colorless","","The Twelfth Doctor // Leela, Sevateem Warrior","","","","","","","","0","2","",""
"4611","Colorless","","The Fourth Doctor // Ian Chesterton","","","","","","","","0","2","",""
"4611","Colorless","","The Eighth Doctor // Jamie McCrimmon","","","","","","","","0","2","",""
"4611","Colorless","","The Twelfth Doctor // Peri Brown","","","","","","","","0","2","",""
"4611","Colorless","","The Fourth Doctor // Barbara Wright","","","","","","","","0","2","",""
"4611","Colorless","","The Tenth Doctor // Jamie McCrimmon","","","","","","","","0","2","",""
"4611","Colorless","","The Fourth Doctor","","","","","","","","0","2","",""
"4611","Colorless","","The Eighth Doctor // Dan Lewis","","","","","","","","0","2","",""
"4611","Colorless","","The Fugitive Doctor // Nardole, Resourceful Cyborg","","","","","","","","0","2","",""
"4611","Colorless","","The First Doctor // Sarah Jane Smith","","","","","","","","0","2","",""
"4611","Colorless","","The Fourth Doctor // Tegan Jovanka","","","","","","","","0","2","",""
"4611","Colorless","","Bessie, the Doctor's Roadster","","","","","","","","0","2","",""
"4611","Colorless","","The Second Doctor // Sarah Jane Smith","","","","","","","","0","2","",""
"4611","Colorless","","The Tenth Doctor // Adric, Mathematical Genius","","","","","","","","0","2","",""
"4611","Colorless","","Karvanista, Loyal Lupari","","","","","","","","0","2","",""
"4611","Colorless","","The Fugitive Doctor // K-9, Mark I","","","","","","","","0","2","",""
"4611","Colorless","","The Eleventh Doctor // Rose Tyler","","","","","","","","0","2","",""
"4611","Colorless","","The Eleventh Doctor","","","","","","","","0","2","",""
"4611","Colorless","","Donna Noble","","","","","","","","0","2","",""
"4611","Colorless","","The War Doctor // Martha Jones","","","","","","","","0","2","",""
"4611","Colorless","","The Thirteenth Doctor // Dan Lewis","","","","","","","","0","2","",""
"4611","Colorless","","The Thirteenth Doctor // Sarah Jane Smith","","","","","","","","0","2","",""
"4611","Colorless","","The War Doctor // Nardole, Resourceful Cyborg","","","","","","","","0","2","",""
"4611","Colorless","","The Ninth Doctor // Peri Brown","","","","","","","","0","2","",""
"4611","Colorless","","The First Doctor // Amy Pond","","","","","","","","0","2","",""
"4611","Colorless","","The First Doctor // Romana II","","","","","","","","0","2","",""
"4611","Colorless","","The Fourth Doctor // Graham O'Brien","","","","","","","","0","2","",""
"4611","Colorless","","The Eleventh Doctor // Vislor Turlough","","","","","","","","0","2","",""
"4611","Colorless","","The Fourth Doctor // Jo Grant","","","","","","","","0","2","",""
"4611","Colorless","","The Fugitive Doctor // Nyssa of Traken","","","","","","","","0","2","",""
"4656","Colorless","","Owen Grady, Raptor Trainer","","","","","","","","0","2","",""
"4656","Colorless","","Blue, Loyal Raptor","","","","","","","","0","2","",""
"4658","Colorless","","Commander Sofia Daguerre","","","","","","","","0","2","",""
"4658","Colorless","","Paladin Danse, Steel Maverick","","","","","","","","0","2","",""
"4660","Colorless","","Skoa, Embermage","","","","","","","","0","2","",""
"4661","Colorless","","Gatta and Luzzu","","","","","","","","0","2","",""
"4662","Colorless","","Lord Jyscal Guado","","","","","","","","0","2","",""
"4663","Colorless","","Spider-Man, Brooklyn Visionary","","","","","","","","0","2","",""
"4664","Colorless","","Stegron the Dinosaur Man","","","","","","","","0","2","",""
"4664","Colorless","","Beetle, Legacy Criminal","","","","","","","","0","2","",""
"4666","Colorless","","Master Piandao","","","","","","","","0","2","",""
"4666","Colorless","","Zhao, the Seething Flame","","","","","","","","0","2","",""
"4668","Colorless","","Scarlet Spider, Kaine","","","","","","","","0","2","",""
"4668","Colorless","","Shriek, Treblemaker","","","","","","","","0","2","",""
"4668","Colorless","","Silver Sable, Mercenary Leader","","","","","","","","0","2","",""
"4671","Colorless","","Joel, Resolute Survivor","","","","","","","","0","2","",""
"4671","Colorless","","Ellie, Vengeful Hunter","","","","","","","","0","2","",""
"4673","Colorless","","Leonardo, Worldly Warrior","","","","","","","","0","2","",""
"4673","Colorless","","Raphael, the Muscle","","","","","","","","0","2","",""
"4673","Colorless","","Donatello, Rad Scientist","","","","","","","","0","2","",""
"4676","Colorless","","Teo, Spirited Glider","","","","","","","","0","2","",""
"4677","Colorless","","Moku, Meandering Drummer","","","","","","","","0","2","",""
"4678","Colorless","","Quicksilver, Brash Blur","","","","","","","","0","2","",""
"4679","Colorless","","Splinter, Aging Champion","","","","","","","","0","2","",""
"4680","Colorless","","Shredder, Unrelenting","","","","","","","","0","2","",""
"4680","Colorless","","Leonardo, Leader in Blue","","","","","","","","0","2","",""
"4680","Colorless","","Splinter & Leo, Father & Son","","","","","","","","0","2","",""
"4683","Colorless","","Koya, Death from Above","","","","","","","","0","2","",""
"4683","Colorless","","Wingnut, Bat on the Belfry","","","","","","","","0","2","",""
"4685","Colorless","","Reptil, Dinomorpher","","","","","","","","0","2","",""
"4686","Colorless","","Agent Maria Hill","","","","","","","","0","2","",""
"4686","Colorless","","Luke Cage, Power Man","","","","","","","","0","2","",""
"4688","Colorless","","Okoye, Dora Milaje Leader","","","","","","","","0","2","",""
"4688","Colorless","","The Wondrous Wasp","","","","","","","","0","2","",""
"4690","Colorless","","Photon, Mighty Marvel","","","","","","","","0","2","",""
"4690","Colorless","","Alex Wilder, Runaway","","","","","","","","0","2","",""
"4690","Colorless","","Minotaur, Roxxon CEO","","","","","","","","0","2","",""
"4690","Colorless","","Speed, Young Avenger","","","","","","","","0","2","",""
"4690","Colorless","","Whirlwind, Killer Cyclone","","","","","","","","0","2","",""
"4690","Colorless","","Doorman","","","","","","","","0","2","",""
"4690","Colorless","","Captain America, Skybound","","","","","","","","0","2","",""
"4690","Colorless","","Arnim Zola, Bio-Fanatic","","","","","","","","0","2","",""
"4690","Colorless","","Red Guardian, Super-Soldier","","","","","","","","0","2","",""
"4690","Colorless","","Hulkling, Young Avenger","","","","","","","","0","2","",""
"4690","Colorless","","Ant-Man, Scott Lang","","","","","","","","0","2","",""
"4690","Colorless","","The Fabulous Frog-Man","","","","","","","","0","2","",""
"4690","Colorless","","Madame Masque","","","","","","","","0","2","",""
"4690","Colorless","","Firebird, Blazing Ranger","","","","","","","","0","2","",""
"4690","Colorless","","Winter Soldier, Bucky Barnes","","","","","","","","0","2","",""
"4690","Colorless","","Jarvis, Earth's Mightiest Butler","","","","","","","","0","2","",""
"4690","Colorless","","Victor Timely, Wily Tycoon","","","","","","","","0","2","",""
"4690","Colorless","","Chase Stein, Runaway","","","","","","","","0","2","",""
"4690","Colorless","","Black Panther, Claws of Bast","","","","","","","","0","2","",""
"4690","Colorless","","Falcon, Joaquin Torres","","","","","","","","0","2","",""
"4710","Colorless","","Klaw, Master of Sound","","","","","","","","0","2","",""
"4711","Colorless","","Queen Mother Ramonda","","","","","","","","0","2","",""
"4711","Colorless","","Nakia, Wakandan Operative","","","","","","","","0","2","",""
"4713","Colorless","","Kirk, Enterprising Captain","","","","","","","","0","2","",""
"4713","Colorless","","Beckett Mariner, Impetuous Ensign","","","","","","","","0","2","",""
"4715","Colorless","","Ori, Keeper of Songs","","","","","","","","0","2","",""
"4716","Colorless","","Bombur, Gentle Dreamer","","","","","","","","0","2","",""
"4716","Colorless","","Óin the Brave","","","","","","","","0","2","",""
"4718","Colorless","","V'Ger, the Intruder","","","","","","","","0","2","",""
"4719","Colorless","","Proft, Sinister Mastermind","","","","","","","","0","2","",""
"4720","Colorless","","Teyo, Lightshield Expert","","","","","","","","0","2","",""
"4721","Colorless","","Lady Caleria","","","","","","","","0","1","",""
"4721","Colorless","","Tuknir Deathlock","","","","","","","","0","1","",""
"4721","Colorless","","Lord Magnus","","","","","","","","0","1","",""
"4721","Colorless","","Kasimir the Lone Wolf","","","","","","","","0","1","",""
"4721","Colorless","","Lady Orca","","","","","","","","0","1","",""
"4721","Colorless","","Sunastian Falconer","","","","","","","","0","1","",""
"4727","Colorless","","Rashka the Slayer","","","","","","","","0","1","",""
"4728","Colorless","","Zhang Fei, Fierce Warrior","","","","","","","","0","1","",""
"4728","Colorless","","Pang Tong, ""Young Phoenix""","","","","","","","","0","1","",""
"4728","Colorless","","Zhao Zilong, Tiger General","","","","","","","","0","1","",""
"4728","Colorless","","Sun Ce, Young Conquerer","","","","","","","","0","1","",""
"4728","Colorless","","Guan Yu, Sainted Warrior","","","","","","","","0","1","",""
"4733","Colorless","","Rorix Bladewing","","","","","","","","0","1","",""
"4734","Colorless","","Iizuka the Ruthless","","","","","","","","0","1","",""
"4735","Colorless","","Oriss, Samite Guardian","","","","","","","","0","1","",""
"4736","Colorless","","Skysovereign, Consul Flagship","","","","","","","","0","1","",""
"4737","Colorless","","Kamahl, Heart of Krosa // Sidar Kondo of Jamuraa","","","","","","","","0","1","",""
"4737","Colorless","","Ikra Shidiqi, the Usurper // Nocturno of Myra's Marvels","","","","","","","","0","1","",""
"4737","Colorless","","Hardy of Myra's Marvels // Ishai, Ojutai Dragonspeaker","","","","","","","","0","1","",""
"4737","Colorless","","Kydele, Chosen of Kruphix // Tana, the Bloodsower","","","","","","","","0","1","",""
"4737","Colorless","","Eligeth, Crossroads Augur // Reyhan, Last of the Abzan","","","","","","","","0","1","",""
"4737","Colorless","","Ludevic, Necro-Alchemist","","","","","","","","0","1","",""
"4737","Colorless","","Armix, Filigree Thrasher // Tymna the Weaver","","","","","","","","0","1","",""
"4737","Colorless","","Kydele, Chosen of Kruphix // Numa, Joraga Chieftain","","","","","","","","0","1","",""
"4737","Colorless","","Malcolm, Keen-Eyed Navigator // Thrasios, Triton Hero","","","","","","","","0","1","",""
"4737","Colorless","","Esior, Wardwing Familiar // Silas Renn, Seeker Adept","","","","","","","","0","1","",""
"4737","Colorless","","Kamahl, Heart of Krosa // Reyhan, Last of the Abzan","","","","","","","","0","1","",""
"4737","Colorless","","Kraum, Ludevic's Opus // Slurrk, All-Ingesting","","","","","","","","0","1","",""
"4737","Colorless","","Halana, Kessig Ranger // Tana, the Bloodsower","","","","","","","","0","1","",""
"4737","Colorless","","Armix, Filigree Thrasher // Tana, the Bloodsower","","","","","","","","0","1","",""
"4737","Colorless","","Slurrk, All-Ingesting // Tymna the Weaver","","","","","","","","0","1","",""
"4737","Colorless","","Armix, Filigree Thrasher // Ikra Shidiqi, the Usurper","","","","","","","","0","1","",""
"4737","Colorless","","Akiri, Line-Slinger // Rebbec, Architect of Ascension","","","","","","","","0","1","",""
"4737","Colorless","","Akiri, Line-Slinger // Alena, Kessig Trapper","","","","","","","","0","1","",""
"4737","Colorless","","Akiri, Line-Slinger // Akroma, Vision of Ixidor","","","","","","","","0","1","",""
"4737","Colorless","","Gilanra, Caller of Wirewood // Tana, the Bloodsower","","","","","","","","0","1","",""
"4737","Colorless","","Malcolm, Keen-Eyed Navigator // Ravos, Soultender","","","","","","","","0","1","",""
"4737","Colorless","","Halana, Kessig Ranger // Ikra Shidiqi, the Usurper","","","","","","","","0","1","",""
"4737","Colorless","","Ghost of Ramirez DePietro // Reyhan, Last of the Abzan","","","","","","","","0","1","",""
"4737","Colorless","","Akiri, Line-Slinger // The Prismatic Piper","","","","","","","","0","1","",""
"4737","Colorless","","Akiri, Line-Slinger // Dargo, the Shipwrecker","","","","","","","","0","1","",""
"4737","Colorless","","Ghost of Ramirez DePietro // Kraum, Ludevic's Opus","","","","","","","","0","1","",""
"4737","Colorless","","Armix, Filigree Thrasher // Kydele, Chosen of Kruphix","","","","","","","","0","1","",""
"4737","Colorless","","Ghost of Ramirez DePietro // Ikra Shidiqi, the Usurper","","","","","","","","0","1","",""
"4737","Colorless","","Prava of the Steel Legion // Vial Smasher the Fierce","","","","","","","","0","1","",""
"4737","Colorless","","Akiri, Line-Slinger // Slurrk, All-Ingesting","","","","","","","","0","1","",""
"4737","Colorless","","Akiri, Line-Slinger // Yoshimaru, Ever Faithful","","","","","","","","0","1","",""
"4737","Colorless","","Prava of the Steel Legion // Reyhan, Last of the Abzan","","","","","","","","0","1","",""
"4737","Colorless","","Ich-Tekik, Salvage Splicer // Vial Smasher the Fierce","","","","","","","","0","1","",""
"4737","Colorless","","Krark, the Thumbless // Kraum, Ludevic's Opus","","","","","","","","0","1","",""
"4737","Colorless","","Esior, Wardwing Familiar // Reyhan, Last of the Abzan","","","","","","","","0","1","",""
"4737","Colorless","","Kraum, Ludevic's Opus // Tana, the Bloodsower","","","","","","","","0","1","",""
"4737","Colorless","","Miara, Thorn of the Glade // Reyhan, Last of the Abzan","","","","","","","","0","1","",""
"4737","Colorless","","Krark, the Thumbless // Ludevic, Necro-Alchemist","","","","","","","","0","1","",""
"4737","Colorless","","Armix, Filigree Thrasher // Reyhan, Last of the Abzan","","","","","","","","0","1","",""
"4737","Colorless","","Kraum, Ludevic's Opus // Toggo, Goblin Weaponsmith","","","","","","","","0","1","",""
"4737","Colorless","","Kydele, Chosen of Kruphix // Nocturno of Myra's Marvels","","","","","","","","0","1","",""
"4737","Colorless","","Armix, Filigree Thrasher // Thrasios, Triton Hero","","","","","","","","0","1","",""
"4737","Colorless","","Armix, Filigree Thrasher // Ludevic, Necro-Alchemist","","","","","","","","0","1","",""
"4737","Colorless","","Armix, Filigree Thrasher // Sidar Kondo of Jamuraa","","","","","","","","0","1","",""
"4737","Colorless","","Numa, Joraga Chieftain // Tana, the Bloodsower","","","","","","","","0","1","",""
"4737","Colorless","","Akiri, Line-Slinger","","","","","","","","0","1","",""
"4737","Colorless","","Numa, Joraga Chieftain // Ravos, Soultender","","","","","","","","0","1","",""
"4737","Colorless","","Anara, Wolvid Familiar // Kydele, Chosen of Kruphix","","","","","","","","0","1","",""
"4737","Colorless","","Armix, Filigree Thrasher // Vial Smasher the Fierce","","","","","","","","0","1","",""
"4737","Colorless","","Fluros of Myra's Marvels // Tana, the Bloodsower","","","","","","","","0","1","",""
"4737","Colorless","","Kydele, Chosen of Kruphix // Silas Renn, Seeker Adept","","","","","","","","0","1","",""
"4737","Colorless","","Livio, Oathsworn Sentinel // Reyhan, Last of the Abzan","","","","","","","","0","1","",""
"4737","Colorless","","Tana, the Bloodsower // The Prismatic Piper","","","","","","","","0","1","",""
"4737","Colorless","","Jeska, Thrice Reborn // Kraum, Ludevic's Opus","","","","","","","","0","1","",""
"4737","Colorless","","Akiri, Line-Slinger // Krark, the Thumbless","","","","","","","","0","1","",""
"4737","Colorless","","Alena, Kessig Trapper // Bruse Tarl, Boorish Herder","","","","","","","","0","1","",""
"4737","Colorless","","Breeches, Brazen Plunderer // Ravos, Soultender","","","","","","","","0","1","",""
"4737","Colorless","","Anara, Wolvid Familiar // Kraum, Ludevic's Opus","","","","","","","","0","1","",""
"4737","Colorless","","Breeches, Brazen Plunderer // Thrasios, Triton Hero","","","","","","","","0","1","",""
"4737","Colorless","","Alena, Kessig Trapper // Ikra Shidiqi, the Usurper","","","","","","","","0","1","",""
"4737","Colorless","","Breeches, Brazen Plunderer // Silas Renn, Seeker Adept","","","","","","","","0","1","",""
"4737","Colorless","","Akiri, Line-Slinger // Sidar Kondo of Jamuraa","","","","","","","","0","1","",""
"4737","Colorless","","Akiri, Line-Slinger // Ludevic, Necro-Alchemist","","","","","","","","0","1","",""
"4737","Colorless","","Rebbec, Architect of Ascension // Thrasios, Triton Hero","","","","","","","","0","1","",""
"4737","Colorless","","Ludevic, Necro-Alchemist // Prava of the Steel Legion","","","","","","","","0","1","",""
"4737","Colorless","","Ludevic, Necro-Alchemist // Miara, Thorn of the Glade","","","","","","","","0","1","",""
"4737","Colorless","","Alena, Kessig Trapper // Reyhan, Last of the Abzan","","","","","","","","0","1","",""
"4737","Colorless","","Ardenn, Intrepid Archaeologist // Ravos, Soultender","","","","","","","","0","1","",""
"4737","Colorless","","Eligeth, Crossroads Augur // Ikra Shidiqi, the Usurper","","","","","","","","0","1","",""
"4737","Colorless","","Rebbec, Architect of Ascension // Reyhan, Last of the Abzan","","","","","","","","0","1","",""
"4737","Colorless","","Glacian, Powerstone Engineer // Vial Smasher the Fierce","","","","","","","","0","1","",""
"4737","Colorless","","Glacian, Powerstone Engineer // Silas Renn, Seeker Adept","","","","","","","","0","1","",""
"4737","Colorless","","Ludevic, Necro-Alchemist // Slurrk, All-Ingesting","","","","","","","","0","1","",""
"4737","Colorless","","Akiri, Line-Slinger // Kraum, Ludevic's Opus","","","","","","","","0","1","",""
"4737","Colorless","","Nocturno of Myra's Marvels // Thrasios, Triton Hero","","","","","","","","0","1","",""
"4737","Colorless","","Radiant, Serra Archangel // Thrasios, Triton Hero","","","","","","","","0","1","",""
"4737","Colorless","","Eligeth, Crossroads Augur // Sidar Kondo of Jamuraa","","","","","","","","0","1","",""
"4737","Colorless","","Radiant, Serra Archangel // Tana, the Bloodsower","","","","","","","","0","1","",""
"4737","Colorless","","Reyhan, Last of the Abzan // Sidar Kondo of Jamuraa","","","","","","","","0","1","",""
"4737","Colorless","","Brinelin, the Moon Kraken // Tymna the Weaver","","","","","","","","0","1","",""
"4737","Colorless","","Eligeth, Crossroads Augur // Tana, the Bloodsower","","","","","","","","0","1","",""
"4737","Colorless","","Dargo, the Shipwrecker // Tana, the Bloodsower","","","","","","","","0","1","",""
"4737","Colorless","","Ishai, Ojutai Dragonspeaker // Silas Renn, Seeker Adept","","","","","","","","0","1","",""
"4737","Colorless","","Ishai, Ojutai Dragonspeaker // Nocturno of Myra's Marvels","","","","","","","","0","1","",""
"4737","Colorless","","Ishai, Ojutai Dragonspeaker // Sidar Kondo of Jamuraa","","","","","","","","0","1","",""
"4737","Colorless","","Falthis, Shadowcat Familiar // Kydele, Chosen of Kruphix","","","","","","","","0","1","",""
"4737","Colorless","","Brinelin, the Moon Kraken // Ravos, Soultender","","","","","","","","0","1","",""
"4737","Colorless","","Anara, Wolvid Familiar // Reyhan, Last of the Abzan","","","","","","","","0","1","",""
"4737","Colorless","","Ishai, Ojutai Dragonspeaker // Nadier, Agent of the Duskenel","","","","","","","","0","1","",""
"4737","Colorless","","Ishai, Ojutai Dragonspeaker // Ravos, Soultender","","","","","","","","0","1","",""
"4737","Colorless","","Ardenn, Intrepid Archaeologist // Reyhan, Last of the Abzan","","","","","","","","0","1","",""
"4737","Colorless","","Sidar Kondo of Jamuraa // The Prismatic Piper","","","","","","","","0","1","",""
"4737","Colorless","","Akroma, Vision of Ixidor // Kydele, Chosen of Kruphix","","","","","","","","0","1","",""
"4737","Colorless","","Akiri, Line-Slinger // Halana, Kessig Ranger","","","","","","","","0","1","",""
"4737","Colorless","","Keskit, the Flesh Sculptor // Tymna the Weaver","","","","","","","","0","1","",""
"4737","Colorless","","Akiri, Line-Slinger // Sengir, the Dark Baron","","","","","","","","0","1","",""
"4737","Colorless","","Dargo, the Shipwrecker // Ludevic, Necro-Alchemist","","","","","","","","0","1","",""
"4737","Colorless","","Keleth, Sunmane Familiar // Thrasios, Triton Hero","","","","","","","","0","1","",""
"4737","Colorless","","Ignacio of Myra's Marvels // Ishai, Ojutai Dragonspeaker","","","","","","","","0","1","",""
"4737","Colorless","","Keleth, Sunmane Familiar // Ludevic, Necro-Alchemist","","","","","","","","0","1","",""
"4737","Colorless","","Ignacio of Myra's Marvels // Kydele, Chosen of Kruphix","","","","","","","","0","1","",""
"4737","Colorless","","Keskit, the Flesh Sculptor // Reyhan, Last of the Abzan","","","","","","","","0","1","",""
"4737","Colorless","","Keskit, the Flesh Sculptor // Thrasios, Triton Hero","","","","","","","","0","1","",""
"4737","Colorless","","Keskit, the Flesh Sculptor // Vial Smasher the Fierce","","","","","","","","0","1","",""
"4737","Colorless","","Kydele, Chosen of Kruphix // Siani, Eye of the Storm","","","","","","","","0","1","",""
"4737","Colorless","","Gilanra, Caller of Wirewood // Silas Renn, Seeker Adept","","","","","","","","0","1","",""
"4737","Colorless","","Anara, Wolvid Familiar // Sidar Kondo of Jamuraa","","","","","","","","0","1","",""
"4737","Colorless","","Alharu, Solemn Ritualist // Tymna the Weaver","","","","","","","","0","1","",""
"4737","Colorless","","Gilanra, Caller of Wirewood // Ludevic, Necro-Alchemist","","","","","","","","0","1","",""
"4737","Colorless","","Akiri, Line-Slinger // Siani, Eye of the Storm","","","","","","","","0","1","",""
"4737","Colorless","","Keleth, Sunmane Familiar // Sidar Kondo of Jamuraa","","","","","","","","0","1","",""
"4737","Colorless","","Bruse Tarl, Boorish Herder // Ich-Tekik, Salvage Splicer","","","","","","","","0","1","",""
"4737","Colorless","","Eligeth, Crossroads Augur // Silas Renn, Seeker Adept","","","","","","","","0","1","",""
"4737","Colorless","","Bruse Tarl, Boorish Herder // Halana, Kessig Ranger","","","","","","","","0","1","",""
"4737","Colorless","","Bruse Tarl, Boorish Herder // Siani, Eye of the Storm","","","","","","","","0","1","",""
"4737","Colorless","","Bruse Tarl, Boorish Herder // Keskit, the Flesh Sculptor","","","","","","","","0","1","",""
"4737","Colorless","","Bruse Tarl, Boorish Herder // Esior, Wardwing Familiar","","","","","","","","0","1","",""
"4737","Colorless","","Rograkh, Son of Rohgahh // Tana, the Bloodsower","","","","","","","","0","1","",""
"4737","Colorless","","Sengir, the Dark Baron // Thrasios, Triton Hero","","","","","","","","0","1","",""
"4737","Colorless","","Falthis, Shadowcat Familiar // Ikra Shidiqi, the Usurper","","","","","","","","0","1","",""
"4737","Colorless","","Akiri, Line-Slinger // Tormod, the Desecrator","","","","","","","","0","1","",""
"4737","Colorless","","Alharu, Solemn Ritualist // Kydele, Chosen of Kruphix","","","","","","","","0","1","",""
"4737","Colorless","","Sengir, the Dark Baron // Tymna the Weaver","","","","","","","","0","1","",""
"4737","Colorless","","Bruse Tarl, Boorish Herder // Prava of the Steel Legion","","","","","","","","0","1","",""
"4737","Colorless","","Francisco, Fowl Marauder // Ravos, Soultender","","","","","","","","0","1","",""
"4737","Colorless","","Bruse Tarl, Boorish Herder // Nadier, Agent of the Duskenel","","","","","","","","0","1","",""
"4737","Colorless","","Ikra Shidiqi, the Usurper // Keleth, Sunmane Familiar","","","","","","","","0","1","",""
"4737","Colorless","","Francisco, Fowl Marauder // Reyhan, Last of the Abzan","","","","","","","","0","1","",""
"4737","Colorless","","Ikra Shidiqi, the Usurper // Kydele, Chosen of Kruphix","","","","","","","","0","1","",""
"4737","Colorless","","Eligeth, Crossroads Augur // Ishai, Ojutai Dragonspeaker","","","","","","","","0","1","",""
"4737","Colorless","","Francisco, Fowl Marauder // Silas Renn, Seeker Adept","","","","","","","","0","1","",""
"4737","Colorless","","Bruse Tarl, Boorish Herder // Ludevic, Necro-Alchemist","","","","","","","","0","1","",""
"4737","Colorless","","Bruse Tarl, Boorish Herder // Sidar Kondo of Jamuraa","","","","","","","","0","1","",""
"4737","Colorless","","Falthis, Shadowcat Familiar // Reyhan, Last of the Abzan","","","","","","","","0","1","",""
"4737","Colorless","","Bruse Tarl, Boorish Herder // Krark, the Thumbless","","","","","","","","0","1","",""
"4737","Colorless","","Katerina of Myra's Marvels // Kraum, Ludevic's Opus","","","","","","","","0","1","",""
"4737","Colorless","","Alharu, Solemn Ritualist // Ishai, Ojutai Dragonspeaker","","","","","","","","0","1","",""
"4737","Colorless","","Tana, the Bloodsower // Vial Smasher the Fierce","","","","","","","","0","1","",""
"4737","Colorless","","Halana, Kessig Ranger // Reyhan, Last of the Abzan","","","","","","","","0","1","",""
"4737","Colorless","","Kodama of the East Tree // Tana, the Bloodsower","","","","","","","","0","1","",""
"4737","Colorless","","Hardy of Myra's Marvels // Kraum, Ludevic's Opus","","","","","","","","0","1","",""
"4737","Colorless","","Akiri, Line-Slinger // Esior, Wardwing Familiar","","","","","","","","0","1","",""
"4879","Colorless","","Zndrsplt, Eye of Wisdom","","","","","","","","0","1","",""
"4879","Colorless","","Regna, the Redeemer","","","","","","","","0","1","",""
"4879","Colorless","","Rowan Kenrith","","","","","","","","0","1","",""
"4882","Colorless","","Nikara, Lair Scavenger","","","","","","","","0","1","",""
"4882","Colorless","","Pako, Arcane Retriever","","","","","","","","0","1","",""
"4884","Colorless","","Breeches, Brazen Plunderer // Keskit, the Flesh Sculptor","","","","","","","","0","1","",""
"4884","Colorless","","Anara, Wolvid Familiar // Numa, Joraga Chieftain","","","","","","","","0","1","",""
"4884","Colorless","","Anara, Wolvid Familiar // Tevesh Szat, Doom of Fools","","","","","","","","0","1","",""
"4884","Colorless","","Eligeth, Crossroads Augur // Prava of the Steel Legion","","","","","","","","0","1","",""
"4884","Colorless","","Anara, Wolvid Familiar // Tormod, the Desecrator","","","","","","","","0","1","",""
"4884","Colorless","","Anara, Wolvid Familiar // Eligeth, Crossroads Augur","","","","","","","","0","1","",""
"4884","Colorless","","Akroma, Vision of Ixidor // Siani, Eye of the Storm","","","","","","","","0","1","",""
"4884","Colorless","","Eligeth, Crossroads Augur // Livio, Oathsworn Sentinel","","","","","","","","0","1","",""
"4884","Colorless","","Anara, Wolvid Familiar // Gilanra, Caller of Wirewood","","","","","","","","0","1","",""
"4884","Colorless","","Anara, Wolvid Familiar // Radiant, Serra Archangel","","","","","","","","0","1","",""
"4884","Colorless","","Ignacio of Myra's Marvels // Krark, the Thumbless","","","","","","","","0","1","",""
"4884","Colorless","","Ignacio of Myra's Marvels // Radiant, Serra Archangel","","","","","","","","0","1","",""
"4884","Colorless","","Akroma, Vision of Ixidor // Halana, Kessig Ranger","","","","","","","","0","1","",""
"4884","Colorless","","Eligeth, Crossroads Augur // Rograkh, Son of Rohgahh","","","","","","","","0","1","",""
"4884","Colorless","","Ignacio of Myra's Marvels // Tevesh Szat, Doom of Fools","","","","","","","","0","1","",""
"4884","Colorless","","Anara, Wolvid Familiar // Krark, the Thumbless","","","","","","","","0","1","",""
"4884","Colorless","","Eligeth, Crossroads Augur // Numa, Joraga Chieftain","","","","","","","","0","1","",""
"4884","Colorless","","Akroma, Vision of Ixidor // Ich-Tekik, Salvage Splicer","","","","","","","","0","1","",""
"4884","Colorless","","Kodama of the East Tree // Malcolm, Keen-Eyed Navigator","","","","","","","","0","1","",""
"4884","Colorless","","Breeches, Brazen Plunderer // Ignacio of Myra's Marvels","","","","","","","","0","1","",""
"4884","Colorless","","Eligeth, Crossroads Augur // Sakashima of a Thousand Faces","","","","","","","","0","1","",""
"4884","Colorless","","Glacian, Powerstone Engineer // Ich-Tekik, Salvage Splicer","","","","","","","","0","1","",""
"4884","Colorless","","Glacian, Powerstone Engineer // Rograkh, Son of Rohgahh","","","","","","","","0","1","",""
"4884","Colorless","","Glacian, Powerstone Engineer","","","","","","","","0","1","",""
"4884","Colorless","","Nocturno of Myra's Marvels // Toggo, Goblin Weaponsmith","","","","","","","","0","1","",""
"4884","Colorless","","Nocturno of Myra's Marvels // Rograkh, Son of Rohgahh","","","","","","","","0","1","",""
"4884","Colorless","","Brinelin, the Moon Kraken // Halana, Kessig Ranger","","","","","","","","0","1","",""
"4884","Colorless","","Brinelin, the Moon Kraken // Glacian, Powerstone Engineer","","","","","","","","0","1","",""
"4884","Colorless","","Keleth, Sunmane Familiar // Sengir, the Dark Baron","","","","","","","","0","1","",""
"4884","Colorless","","Keleth, Sunmane Familiar // Kodama of the East Tree","","","","","","","","0","1","",""
"4884","Colorless","","Brinelin, the Moon Kraken // Rebbec, Architect of Ascension","","","","","","","","0","1","",""
"4884","Colorless","","Brinelin, the Moon Kraken // Malcolm, Keen-Eyed Navigator","","","","","","","","0","1","",""
"4884","Colorless","","Brinelin, the Moon Kraken // Falthis, Shadowcat Familiar","","","","","","","","0","1","",""
"4884","Colorless","","Keleth, Sunmane Familiar // Slurrk, All-Ingesting","","","","","","","","0","1","",""
"4884","Colorless","","Keleth, Sunmane Familiar // Livio, Oathsworn Sentinel","","","","","","","","0","1","",""
"4884","Colorless","","Dargo, the Shipwrecker // Nadier, Agent of the Duskenel","","","","","","","","0","1","",""
"4884","Colorless","","Brinelin, the Moon Kraken // Krark, the Thumbless","","","","","","","","0","1","",""
"4884","Colorless","","Brinelin, the Moon Kraken // Fluros of Myra's Marvels","","","","","","","","0","1","",""
"4884","Colorless","","Keskit, the Flesh Sculptor // Prava of the Steel Legion","","","","","","","","0","1","",""
"4884","Colorless","","Francisco, Fowl Marauder // Halana, Kessig Ranger","","","","","","","","0","1","",""
"4884","Colorless","","Gilanra, Caller of Wirewood","","","","","","","","0","1","",""
"4884","Colorless","","Francisco, Fowl Marauder // Rebbec, Architect of Ascension","","","","","","","","0","1","",""
"4884","Colorless","","Keleth, Sunmane Familiar","","","","","","","","0","1","",""
"4884","Colorless","","Gilanra, Caller of Wirewood // Radiant, Serra Archangel","","","","","","","","0","1","",""
"4884","Colorless","","Eligeth, Crossroads Augur // Keskit, the Flesh Sculptor","","","","","","","","0","1","",""
"4884","Colorless","","Francisco, Fowl Marauder // Kodama of the East Tree","","","","","","","","0","1","",""
"4884","Colorless","","Kamahl, Heart of Krosa","","","","","","","","0","1","",""
"4884","Colorless","","Francisco, Fowl Marauder // Livio, Oathsworn Sentinel","","","","","","","","0","1","",""
"4884","Colorless","","Kamahl, Heart of Krosa // Krark, the Thumbless","","","","","","","","0","1","",""
"4884","Colorless","","Gilanra, Caller of Wirewood // Prava of the Steel Legion","","","","","","","","0","1","",""
"4884","Colorless","","Gilanra, Caller of Wirewood // Livio, Oathsworn Sentinel","","","","","","","","0","1","",""
"4884","Colorless","","Katerina of Myra's Marvels // Kodama of the East Tree","","","","","","","","0","1","",""
"4884","Colorless","","Armix, Filigree Thrasher // Halana, Kessig Ranger","","","","","","","","0","1","",""
"4884","Colorless","","Armix, Filigree Thrasher // Sengir, the Dark Baron","","","","","","","","0","1","",""
"4884","Colorless","","Armix, Filigree Thrasher // Siani, Eye of the Storm","","","","","","","","0","1","",""
"4884","Colorless","","Armix, Filigree Thrasher // Esior, Wardwing Familiar","","","","","","","","0","1","",""
"4884","Colorless","","Katerina of Myra's Marvels // Rograkh, Son of Rohgahh","","","","","","","","0","1","",""
"4884","Colorless","","Armix, Filigree Thrasher // Kodama of the East Tree","","","","","","","","0","1","",""
"4884","Colorless","","Armix, Filigree Thrasher // The Prismatic Piper","","","","","","","","0","1","",""
"4884","Colorless","","Kamahl, Heart of Krosa // Nadier, Agent of the Duskenel","","","","","","","","0","1","",""
"4884","Colorless","","Kamahl, Heart of Krosa // Prava of the Steel Legion","","","","","","","","0","1","",""
"4884","Colorless","","Armix, Filigree Thrasher // Malcolm, Keen-Eyed Navigator","","","","","","","","0","1","",""
"4884","Colorless","","Kamahl, Heart of Krosa // Livio, Oathsworn Sentinel","","","","","","","","0","1","",""
"4884","Colorless","","Katerina of Myra's Marvels // Krark, the Thumbless","","","","","","","","0","1","",""
"4884","Colorless","","Armix, Filigree Thrasher // Keleth, Sunmane Familiar","","","","","","","","0","1","",""
"4884","Colorless","","Gilanra, Caller of Wirewood // Jeska, Thrice Reborn","","","","","","","","0","1","",""
"4884","Colorless","","Gilanra, Caller of Wirewood // Rebbec, Architect of Ascension","","","","","","","","0","1","",""
"4884","Colorless","","Eligeth, Crossroads Augur // Sengir, the Dark Baron","","","","","","","","0","1","",""
"4884","Colorless","","Armix, Filigree Thrasher // Miara, Thorn of the Glade","","","","","","","","0","1","",""
"4884","Colorless","","Krark, the Thumbless // Rebbec, Architect of Ascension","","","","","","","","0","1","",""
"4884","Colorless","","Armix, Filigree Thrasher // Eligeth, Crossroads Augur","","","","","","","","0","1","",""
"4884","Colorless","","Krark, the Thumbless // The Prismatic Piper","","","","","","","","0","1","",""
"4884","Colorless","","Kamahl, Heart of Krosa // Numa, Joraga Chieftain","","","","","","","","0","1","",""
"4884","Colorless","","Armix, Filigree Thrasher // Livio, Oathsworn Sentinel","","","","","","","","0","1","",""
"4884","Colorless","","Miara, Thorn of the Glade","","","","","","","","0","1","",""
"4884","Colorless","","Armix, Filigree Thrasher // Prava of the Steel Legion","","","","","","","","0","1","",""
"4884","Colorless","","Armix, Filigree Thrasher // Gilanra, Caller of Wirewood","","","","","","","","0","1","",""
"4884","Colorless","","Armix, Filigree Thrasher // Radiant, Serra Archangel","","","","","","","","0","1","",""
"4884","Colorless","","Krark, the Thumbless // Prava of the Steel Legion","","","","","","","","0","1","",""
"4884","Colorless","","Armix, Filigree Thrasher // Nadier, Agent of the Duskenel","","","","","","","","0","1","",""
"4884","Colorless","","Esior, Wardwing Familiar // Ich-Tekik, Salvage Splicer","","","","","","","","0","1","",""
"4884","Colorless","","Krark, the Thumbless // Nocturno of Myra's Marvels","","","","","","","","0","1","",""
"4884","Colorless","","Armix, Filigree Thrasher // Kamahl, Heart of Krosa","","","","","","","","0","1","",""
"4884","Colorless","","Esior, Wardwing Familiar // Sengir, the Dark Baron","","","","","","","","0","1","",""
"4884","Colorless","","Esior, Wardwing Familiar // Siani, Eye of the Storm","","","","","","","","0","1","",""
"4884","Colorless","","Esior, Wardwing Familiar // Keskit, the Flesh Sculptor","","","","","","","","0","1","",""
"4884","Colorless","","Armix, Filigree Thrasher // Brinelin, the Moon Kraken","","","","","","","","0","1","",""
"4884","Colorless","","Fluros of Myra's Marvels // Jeska, Thrice Reborn","","","","","","","","0","1","",""
"4884","Colorless","","Esior, Wardwing Familiar // Toggo, Goblin Weaponsmith","","","","","","","","0","1","",""
"4884","Colorless","","Armix, Filigree Thrasher // Francisco, Fowl Marauder","","","","","","","","0","1","",""
"4884","Colorless","","Esior, Wardwing Familiar // Slurrk, All-Ingesting","","","","","","","","0","1","",""
"4884","Colorless","","Ich-Tekik, Salvage Splicer // Kamahl, Heart of Krosa","","","","","","","","0","1","",""
"4884","Colorless","","Armix, Filigree Thrasher","","","","","","","","0","1","",""
"4884","Colorless","","Esior, Wardwing Familiar // Prava of the Steel Legion","","","","","","","","0","1","",""
"4884","Colorless","","Esior, Wardwing Familiar // Gilanra, Caller of Wirewood","","","","","","","","0","1","",""
"4884","Colorless","","Prava of the Steel Legion // Yoshimaru, Ever Faithful","","","","","","","","0","1","",""
"4884","Colorless","","Esior, Wardwing Familiar // Ignacio of Myra's Marvels","","","","","","","","0","1","",""
"4884","Colorless","","Slurrk, All-Ingesting // Toggo, Goblin Weaponsmith","","","","","","","","0","1","",""
"4884","Colorless","","Slurrk, All-Ingesting // The Prismatic Piper","","","","","","","","0","1","",""
"4884","Colorless","","Ich-Tekik, Salvage Splicer // Rograkh, Son of Rohgahh","","","","","","","","0","1","",""
"4884","Colorless","","Esior, Wardwing Familiar // Kamahl, Heart of Krosa","","","","","","","","0","1","",""
"4884","Colorless","","Ich-Tekik, Salvage Splicer // Tevesh Szat, Doom of Fools","","","","","","","","0","1","",""
"4884","Colorless","","Esior, Wardwing Familiar // Ghost of Ramirez DePietro","","","","","","","","0","1","",""
"4884","Colorless","","Tevesh Szat, Doom of Fools // The Prismatic Piper","","","","","","","","0","1","",""
"4884","Colorless","","Tevesh Szat, Doom of Fools // Toggo, Goblin Weaponsmith","","","","","","","","0","1","",""
"4884","Colorless","","Prava of the Steel Legion // Rebbec, Architect of Ascension","","","","","","","","0","1","",""
"4884","Colorless","","Kodama of the East Tree // Miara, Thorn of the Glade","","","","","","","","0","1","",""
"4884","Colorless","","Alharu, Solemn Ritualist // Kamahl, Heart of Krosa","","","","","","","","0","1","",""
"4884","Colorless","","Ich-Tekik, Salvage Splicer // Kediss, Emberclaw Familiar","","","","","","","","0","1","",""
"4884","Colorless","","Kediss, Emberclaw Familiar // Toggo, Goblin Weaponsmith","","","","","","","","0","1","",""
"4884","Colorless","","Alharu, Solemn Ritualist // Radiant, Serra Archangel","","","","","","","","0","1","",""
"4884","Colorless","","Kediss, Emberclaw Familiar // Kodama of the East Tree","","","","","","","","0","1","",""
"4884","Colorless","","Kediss, Emberclaw Familiar // The Prismatic Piper","","","","","","","","0","1","",""
"4884","Colorless","","Alharu, Solemn Ritualist // Prava of the Steel Legion","","","","","","","","0","1","",""
"4884","Colorless","","Ich-Tekik, Salvage Splicer // Sengir, the Dark Baron","","","","","","","","0","1","",""
"4884","Colorless","","Alharu, Solemn Ritualist // Miara, Thorn of the Glade","","","","","","","","0","1","",""
"4884","Colorless","","Alharu, Solemn Ritualist // Keleth, Sunmane Familiar","","","","","","","","0","1","",""
"4884","Colorless","","Alharu, Solemn Ritualist // Ardenn, Intrepid Archaeologist","","","","","","","","0","1","",""
"4884","Colorless","","Alharu, Solemn Ritualist // Yoshimaru, Ever Faithful","","","","","","","","0","1","",""
"4884","Colorless","","Alharu, Solemn Ritualist // The Prismatic Piper","","","","","","","","0","1","",""
"4884","Colorless","","Rograkh, Son of Rohgahh // Siani, Eye of the Storm","","","","","","","","0","1","",""
"4884","Colorless","","Ardenn, Intrepid Archaeologist // Ghost of Ramirez DePietro","","","","","","","","0","1","",""
"4884","Colorless","","Ardenn, Intrepid Archaeologist // Krark, the Thumbless","","","","","","","","0","1","",""
"4884","Colorless","","Rograkh, Son of Rohgahh // Sengir, the Dark Baron","","","","","","","","0","1","",""
"4884","Colorless","","Falthis, Shadowcat Familiar // Numa, Joraga Chieftain","","","","","","","","0","1","",""
"4884","Colorless","","Ardenn, Intrepid Archaeologist // Brinelin, the Moon Kraken","","","","","","","","0","1","",""
"4884","Colorless","","Ardenn, Intrepid Archaeologist // Nocturno of Myra's Marvels","","","","","","","","0","1","",""
"4884","Colorless","","Alharu, Solemn Ritualist // Keskit, the Flesh Sculptor","","","","","","","","0","1","",""
"4884","Colorless","","Ardenn, Intrepid Archaeologist // Kamahl, Heart of Krosa","","","","","","","","0","1","",""
"4884","Colorless","","Alharu, Solemn Ritualist // Sengir, the Dark Baron","","","","","","","","0","1","",""
"4884","Colorless","","Ardenn, Intrepid Archaeologist // Gilanra, Caller of Wirewood","","","","","","","","0","1","",""
"4884","Colorless","","Alena, Kessig Trapper","","","","","","","","0","1","",""
"4884","Colorless","","Sakashima of a Thousand Faces // The Prismatic Piper","","","","","","","","0","1","",""
"4884","Colorless","","Ardenn, Intrepid Archaeologist // Eligeth, Crossroads Augur","","","","","","","","0","1","",""
"4884","Colorless","","Ardenn, Intrepid Archaeologist // Miara, Thorn of the Glade","","","","","","","","0","1","",""
"4884","Colorless","","Toggo, Goblin Weaponsmith // Yoshimaru, Ever Faithful","","","","","","","","0","1","",""
"4884","Colorless","","Toggo, Goblin Weaponsmith // Tormod, the Desecrator","","","","","","","","0","1","",""
"4884","Colorless","","Ardenn, Intrepid Archaeologist // Numa, Joraga Chieftain","","","","","","","","0","1","",""
"4884","Colorless","","The Prismatic Piper // Tormod, the Desecrator","","","","","","","","0","1","",""
"4884","Colorless","","Ardenn, Intrepid Archaeologist // Slurrk, All-Ingesting","","","","","","","","0","1","",""
"4884","Colorless","","Kodama of the East Tree // Sengir, the Dark Baron","","","","","","","","0","1","",""
"4884","Colorless","","Alena, Kessig Trapper // Rograkh, Son of Rohgahh","","","","","","","","0","1","",""
"4884","Colorless","","Alena, Kessig Trapper // Armix, Filigree Thrasher","","","","","","","","0","1","",""
"4884","Colorless","","Alena, Kessig Trapper // Dargo, the Shipwrecker","","","","","","","","0","1","",""
"4884","Colorless","","Alena, Kessig Trapper // Rebbec, Architect of Ascension","","","","","","","","0","1","",""
"4884","Colorless","","Alena, Kessig Trapper // Kediss, Emberclaw Familiar","","","","","","","","0","1","",""
"4884","Colorless","","Ardenn, Intrepid Archaeologist // The Prismatic Piper","","","","","","","","0","1","",""
"4884","Colorless","","Falthis, Shadowcat Familiar // Francisco, Fowl Marauder","","","","","","","","0","1","",""
"4884","Colorless","","Alena, Kessig Trapper // Keskit, the Flesh Sculptor","","","","","","","","0","1","",""
"4884","Colorless","","Livio, Oathsworn Sentinel","","","","","","","","0","1","",""
"4884","Colorless","","Alena, Kessig Trapper // Sengir, the Dark Baron","","","","","","","","0","1","",""
"4884","Colorless","","Jeska, Thrice Reborn // Radiant, Serra Archangel","","","","","","","","0","1","",""
"4884","Colorless","","Jeska, Thrice Reborn // Prava of the Steel Legion","","","","","","","","0","1","",""
"4884","Colorless","","Jeska, Thrice Reborn // Livio, Oathsworn Sentinel","","","","","","","","0","1","",""
"4884","Colorless","","Falthis, Shadowcat Familiar // Gilanra, Caller of Wirewood","","","","","","","","0","1","",""
"4884","Colorless","","Alena, Kessig Trapper // Ich-Tekik, Salvage Splicer","","","","","","","","0","1","",""
"4884","Colorless","","Livio, Oathsworn Sentinel // Nadier, Agent of the Duskenel","","","","","","","","0","1","",""
"4884","Colorless","","Livio, Oathsworn Sentinel // Radiant, Serra Archangel","","","","","","","","0","1","",""
"4884","Colorless","","Ardenn, Intrepid Archaeologist // Siani, Eye of the Storm","","","","","","","","0","1","",""
"4884","Colorless","","Ardenn, Intrepid Archaeologist // Sengir, the Dark Baron","","","","","","","","0","1","",""
"4884","Colorless","","Livio, Oathsworn Sentinel // Miara, Thorn of the Glade","","","","","","","","0","1","",""
"4884","Colorless","","Livio, Oathsworn Sentinel // Sakashima of a Thousand Faces","","","","","","","","0","1","",""
"4884","Colorless","","Ardenn, Intrepid Archaeologist // Ich-Tekik, Salvage Splicer","","","","","","","","0","1","",""
"4884","Colorless","","Livio, Oathsworn Sentinel // Malcolm, Keen-Eyed Navigator","","","","","","","","0","1","",""
"4884","Colorless","","Numa, Joraga Chieftain // Sakashima of a Thousand Faces","","","","","","","","0","1","",""
"4884","Colorless","","Rebbec, Architect of Ascension // Siani, Eye of the Storm","","","","","","","","0","1","",""
"4884","Colorless","","Ghost of Ramirez DePietro // Ich-Tekik, Salvage Splicer","","","","","","","","0","1","",""
"4884","Colorless","","Ghost of Ramirez DePietro // Glacian, Powerstone Engineer","","","","","","","","0","1","",""
"4884","Colorless","","Ghost of Ramirez DePietro // Kediss, Emberclaw Familiar","","","","","","","","0","1","",""
"4884","Colorless","","Rebbec, Architect of Ascension // Tevesh Szat, Doom of Fools","","","","","","","","0","1","",""
"4884","Colorless","","Ghost of Ramirez DePietro // Kodama of the East Tree","","","","","","","","0","1","",""
"4884","Colorless","","Falthis, Shadowcat Familiar // Radiant, Serra Archangel","","","","","","","","0","1","",""
"4884","Colorless","","Ghost of Ramirez DePietro // Sakashima of a Thousand Faces","","","","","","","","0","1","",""
"4884","Colorless","","Falthis, Shadowcat Familiar // Ghost of Ramirez DePietro","","","","","","","","0","1","",""
"4884","Colorless","","Jeska, Thrice Reborn // The Prismatic Piper","","","","","","","","0","1","",""
"4884","Colorless","","The Prismatic Piper // Yoshimaru, Ever Faithful","","","","","","","","0","1","",""
"4884","Colorless","","Malcolm, Keen-Eyed Navigator // Prava of the Steel Legion","","","","","","","","0","1","",""
"4884","Colorless","","Malcolm, Keen-Eyed Navigator // Nadier, Agent of the Duskenel","","","","","","","","0","1","",""
"4884","Colorless","","Halana, Kessig Ranger // Miara, Thorn of the Glade","","","","","","","","0","1","",""
"4884","Colorless","","Halana, Kessig Ranger // Nocturno of Myra's Marvels","","","","","","","","0","1","",""
"4884","Colorless","","Halana, Kessig Ranger","","","","","","","","0","1","",""
"4884","Colorless","","Malcolm, Keen-Eyed Navigator // Toggo, Goblin Weaponsmith","","","","","","","","0","1","",""
"4884","Colorless","","Nadier, Agent of the Duskenel // Tormod, the Desecrator","","","","","","","","0","1","",""
"4884","Colorless","","Sengir, the Dark Baron // Slurrk, All-Ingesting","","","","","","","","0","1","",""
"4884","Colorless","","Anara, Wolvid Familiar // Ich-Tekik, Salvage Splicer","","","","","","","","0","1","",""
"4884","Colorless","","Nadier, Agent of the Duskenel // Yoshimaru, Ever Faithful","","","","","","","","0","1","",""
"4884","Colorless","","Halana, Kessig Ranger // Rebbec, Architect of Ascension","","","","","","","","0","1","",""
"4884","Colorless","","Halana, Kessig Ranger // Keskit, the Flesh Sculptor","","","","","","","","0","1","",""
"4884","Colorless","","Anara, Wolvid Familiar // Siani, Eye of the Storm","","","","","","","","0","1","",""
"4884","Colorless","","Anara, Wolvid Familiar // Breeches, Brazen Plunderer","","","","","","","","0","1","",""
"4884","Colorless","","Anara, Wolvid Familiar // Esior, Wardwing Familiar","","","","","","","","0","1","",""
"4884","Colorless","","Anara, Wolvid Familiar // Rebbec, Architect of Ascension","","","","","","","","0","1","",""
"4884","Colorless","","Ghost of Ramirez DePietro // Krark, the Thumbless","","","","","","","","0","1","",""
"5077","Colorless","","Rhoda, Geist Avenger","","","","","","","","0","1","",""
"5078","Colorless","","Nocturno of Myra's Marvels // Yoshimaru, Ever Faithful","","","","","","","","0","1","",""
"5078","Colorless","","Myojin of Grim Betrayal","","","","","","","","0","1","",""
"5078","Colorless","","Go-Shintai of Boundless Vigor","","","","","","","","0","1","",""
"5081","Colorless","","Imoen, Mystic Trickster // Dragon Cultist","","","","","","","","0","1","",""
"5081","Colorless","","Shadowheart, Dark Justiciar // Veteran Soldier","","","","","","","","0","1","",""
"5081","Colorless","","Lulu, Loyal Hollyphant // Criminal Past","","","","","","","","0","1","",""
"5081","Colorless","","Sivriss, Nightmare Speaker // Guild Artisan","","","","","","","","0","1","",""
"5081","Colorless","","Gale, Waterdeep Prodigy // Dungeon Delver","","","","","","","","0","1","",""
"5081","Colorless","","Shadowheart, Dark Justiciar // Criminal Past","","","","","","","","0","1","",""
"5081","Colorless","","Vhal, Candlekeep Researcher // Shameless Charlatan","","","","","","","","0","1","",""
"5081","Colorless","","Halsin, Emerald Archdruid","","","","","","","","0","1","",""
"5081","Colorless","","Sivriss, Nightmare Speaker // Cultist of the Absolute","","","","","","","","0","1","",""
"5081","Colorless","","Sarevok, Deathbringer // Haunted One","","","","","","","","0","1","",""
"5081","Colorless","","Shadowheart, Dark Justiciar // Raised by Giants","","","","","","","","0","1","",""
"5081","Colorless","","Baeloth Barrityl, Entertainer // Passionate Archaeologist","","","","","","","","0","1","",""
"5081","Colorless","","Lae'zel, Vlaakith's Champion // Haunted One","","","","","","","","0","1","",""
"5081","Colorless","","Lae'zel, Vlaakith's Champion // Criminal Past","","","","","","","","0","1","",""
"5081","Colorless","","Sivriss, Nightmare Speaker // Dragon Cultist","","","","","","","","0","1","",""
"5081","Colorless","","Sarevok, Deathbringer // Sword Coast Sailor","","","","","","","","0","1","",""
"5081","Colorless","","Sarevok, Deathbringer // Tavern Brawler","","","","","","","","0","1","",""
"5081","Colorless","","Sarevok, Deathbringer // Shameless Charlatan","","","","","","","","0","1","",""
"5081","Colorless","","Lae'zel, Vlaakith's Champion // Acolyte of Bahamut","","","","","","","","0","1","",""
"5081","Colorless","","Lae'zel, Vlaakith's Champion","","","","","","","","0","1","",""
"5081","Colorless","","Gut, True Soul Zealot // Acolyte of Bahamut","","","","","","","","0","1","",""
"5081","Colorless","","Skanos Dragonheart","","","","","","","","0","1","",""
"5081","Colorless","","Sarevok, Deathbringer // Flaming Fist","","","","","","","","0","1","",""
"5081","Colorless","","Sarevok, Deathbringer // Dragon Cultist","","","","","","","","0","1","",""
"5081","Colorless","","Alora, Merry Thief","","","","","","","","0","1","",""
"5081","Colorless","","Sarevok, Deathbringer // Candlekeep Sage","","","","","","","","0","1","",""
"5081","Colorless","","Volo, Itinerant Scholar // Street Urchin","","","","","","","","0","1","",""
"5081","Colorless","","Alora, Merry Thief // Agent of the Iron Throne","","","","","","","","0","1","",""
"5081","Colorless","","Gut, True Soul Zealot // Criminal Past","","","","","","","","0","1","",""
"5081","Colorless","","Ellyn Harbreeze, Busybody // Cloakwood Hermit","","","","","","","","0","1","",""
"5081","Colorless","","Gale, Waterdeep Prodigy // Agent of the Iron Throne","","","","","","","","0","1","",""
"5081","Colorless","","Volo, Itinerant Scholar // Sword Coast Sailor","","","","","","","","0","1","",""
"5081","Colorless","","Volo, Itinerant Scholar // Clan Crafter","","","","","","","","0","1","",""
"5081","Colorless","","Wyll, Blade of Frontiers // Scion of Halaster","","","","","","","","0","1","",""
"5081","Colorless","","Abdel Adrian, Gorion's Ward // Dragon Cultist","","","","","","","","0","1","",""
"5081","Colorless","","Volo, Itinerant Scholar // Agent of the Iron Throne","","","","","","","","0","1","",""
"5081","Colorless","","Gut, True Soul Zealot // Clan Crafter","","","","","","","","0","1","",""
"5081","Colorless","","Karlach, Fury of Avernus // Cloakwood Hermit","","","","","","","","0","1","",""
"5081","Colorless","","Wyll, Blade of Frontiers // Haunted One","","","","","","","","0","1","",""
"5081","Colorless","","Rasaad yn Bashir // Dragon Cultist","","","","","","","","0","1","",""
"5081","Colorless","","Livaan, Cultist of Tiamat // Shameless Charlatan","","","","","","","","0","1","",""
"5081","Colorless","","Durnan of the Yawning Portal","","","","","","","","0","1","",""
"5081","Colorless","","Durnan of the Yawning Portal // Acolyte of Bahamut","","","","","","","","0","1","",""
"5081","Colorless","","Vhal, Candlekeep Researcher // Guild Artisan","","","","","","","","0","1","",""
"5081","Colorless","","Rasaad yn Bashir // Cloakwood Hermit","","","","","","","","0","1","",""
"5081","Colorless","","Sivriss, Nightmare Speaker // Inspiring Leader","","","","","","","","0","1","",""
"5081","Colorless","","Alora, Merry Thief // Cultist of the Absolute","","","","","","","","0","1","",""
"5081","Colorless","","Alora, Merry Thief // Flaming Fist","","","","","","","","0","1","",""
"5081","Colorless","","Gale, Waterdeep Prodigy // Haunted One","","","","","","","","0","1","",""
"5081","Colorless","","Wyll, Blade of Frontiers // Folk Hero","","","","","","","","0","1","",""
"5081","Colorless","","Faceless One // Raised by Giants","","","","","","","","0","1","",""
"5081","Colorless","","Alora, Merry Thief // Hardy Outlander","","","","","","","","0","1","",""
"5081","Colorless","","Wilson, Refined Grizzly // Cloakwood Hermit","","","","","","","","0","1","",""
"5081","Colorless","","Wilson, Refined Grizzly // Inspiring Leader","","","","","","","","0","1","",""
"5081","Colorless","","Durnan of the Yawning Portal // Cultist of the Absolute","","","","","","","","0","1","",""
"5081","Colorless","","Alora, Merry Thief // Cloakwood Hermit","","","","","","","","0","1","",""
"5081","Colorless","","Sivriss, Nightmare Speaker // Faceless One","","","","","","","","0","1","",""
"5081","Colorless","","Wyll, Blade of Frontiers // Candlekeep Sage","","","","","","","","0","1","",""
"5081","Colorless","","Durnan of the Yawning Portal // Faceless One","","","","","","","","0","1","",""
"5081","Colorless","","Durnan of the Yawning Portal // Candlekeep Sage","","","","","","","","0","1","",""
"5081","Colorless","","Vhal, Candlekeep Researcher // Scion of Halaster","","","","","","","","0","1","",""
"5081","Colorless","","Gut, True Soul Zealot // Hardy Outlander","","","","","","","","0","1","",""
"5081","Colorless","","Wilson, Refined Grizzly // Popular Entertainer","","","","","","","","0","1","",""
"5081","Colorless","","Abdel Adrian, Gorion's Ward // Tavern Brawler","","","","","","","","0","1","",""
"5081","Colorless","","Vhal, Candlekeep Researcher","","","","","","","","0","1","",""
"5081","Colorless","","Halsin, Emerald Archdruid // Noble Heritage","","","","","","","","0","1","",""
"5081","Colorless","","Viconia, Drow Apostate // Dungeon Delver","","","","","","","","0","1","",""
"5081","Colorless","","Gut, True Soul Zealot // Faceless One","","","","","","","","0","1","",""
"5081","Colorless","","Alora, Merry Thief // Candlekeep Sage","","","","","","","","0","1","",""
"5081","Colorless","","Viconia, Drow Apostate // Criminal Past","","","","","","","","0","1","",""
"5081","Colorless","","Ellyn Harbreeze, Busybody // Dragon Cultist","","","","","","","","0","1","",""
"5081","Colorless","","Renari, Merchant of Marvels // Street Urchin","","","","","","","","0","1","",""
"5081","Colorless","","Vhal, Candlekeep Researcher // Far Traveler","","","","","","","","0","1","",""
"5081","Colorless","","Skanos Dragonheart // Noble Heritage","","","","","","","","0","1","",""
"5081","Colorless","","Amber Gristle O'Maul // Street Urchin","","","","","","","","0","1","",""
"5081","Colorless","","Amber Gristle O'Maul // Inspiring Leader","","","","","","","","0","1","",""
"5081","Colorless","","Karlach, Fury of Avernus // Dungeon Delver","","","","","","","","0","1","",""
"5081","Colorless","","Renari, Merchant of Marvels // Master Chef","","","","","","","","0","1","",""
"5081","Colorless","","Gut, True Soul Zealot // Street Urchin","","","","","","","","0","1","",""
"5081","Colorless","","Renari, Merchant of Marvels // Popular Entertainer","","","","","","","","0","1","",""
"5081","Colorless","","Renari, Merchant of Marvels // Clan Crafter","","","","","","","","0","1","",""
"5081","Colorless","","Amber Gristle O'Maul // Guild Artisan","","","","","","","","0","1","",""
"5081","Colorless","","Renari, Merchant of Marvels // Noble Heritage","","","","","","","","0","1","",""
"5081","Colorless","","Renari, Merchant of Marvels // Scion of Halaster","","","","","","","","0","1","",""
"5081","Colorless","","Renari, Merchant of Marvels","","","","","","","","0","1","",""
"5081","Colorless","","Vhal, Candlekeep Researcher // Folk Hero","","","","","","","","0","1","",""
"5081","Colorless","","Viconia, Drow Apostate // Haunted One","","","","","","","","0","1","",""
"5081","Colorless","","Amber Gristle O'Maul // Acolyte of Bahamut","","","","","","","","0","1","",""
"5081","Colorless","","Amber Gristle O'Maul","","","","","","","","0","1","",""
"5081","Colorless","","Sivriss, Nightmare Speaker // Street Urchin","","","","","","","","0","1","",""
"5081","Colorless","","Viconia, Drow Apostate // Clan Crafter","","","","","","","","0","1","",""
"5081","Colorless","","Viconia, Drow Apostate // Tavern Brawler","","","","","","","","0","1","",""
"5081","Colorless","","Faceless One // Far Traveler","","","","","","","","0","1","",""
"5081","Colorless","","Vhal, Candlekeep Researcher // Feywild Visitor","","","","","","","","0","1","",""
"5081","Colorless","","Vhal, Candlekeep Researcher // Faceless One","","","","","","","","0","1","",""
"5081","Colorless","","Rasaad yn Bashir","","","","","","","","0","1","",""
"5081","Colorless","","Vhal, Candlekeep Researcher // Street Urchin","","","","","","","","0","1","",""
"5081","Colorless","","Rasaad yn Bashir // Cultist of the Absolute","","","","","","","","0","1","",""
"5081","Colorless","","Skanos Dragonheart // Agent of the Shadow Thieves","","","","","","","","0","1","",""
"5081","Colorless","","Gale, Waterdeep Prodigy // Hardy Outlander","","","","","","","","0","1","",""
"5081","Colorless","","Viconia, Drow Apostate // Cultist of the Absolute","","","","","","","","0","1","",""
"5081","Colorless","","Abdel Adrian, Gorion's Ward // Shameless Charlatan","","","","","","","","0","1","",""
"5081","Colorless","","Imoen, Mystic Trickster","","","","","","","","0","1","",""
"5081","Colorless","","Rasaad yn Bashir // Guild Artisan","","","","","","","","0","1","",""
"5081","Colorless","","Skanos Dragonheart // Far Traveler","","","","","","","","0","1","",""
"5081","Colorless","","Jaheira, Friend of the Forest // Candlekeep Sage","","","","","","","","0","1","",""
"5081","Colorless","","Jaheira, Friend of the Forest // Dragon Cultist","","","","","","","","0","1","",""
"5081","Colorless","","Faceless One // Feywild Visitor","","","","","","","","0","1","",""
"5081","Colorless","","Gale, Waterdeep Prodigy // Faceless One","","","","","","","","0","1","",""
"5081","Colorless","","Ellyn Harbreeze, Busybody // Raised by Giants","","","","","","","","0","1","",""
"5081","Colorless","","Jaheira, Friend of the Forest // Tavern Brawler","","","","","","","","0","1","",""
"5081","Colorless","","Ellyn Harbreeze, Busybody // Noble Heritage","","","","","","","","0","1","",""
"5081","Colorless","","Ganax, Astral Hunter // Sword Coast Sailor","","","","","","","","0","1","",""
"5081","Colorless","","Halsin, Emerald Archdruid // Cultist of the Absolute","","","","","","","","0","1","",""
"5081","Colorless","","Jaheira, Friend of the Forest // Acolyte of Bahamut","","","","","","","","0","1","",""
"5081","Colorless","","Ellyn Harbreeze, Busybody // Passionate Archaeologist","","","","","","","","0","1","",""
"5081","Colorless","","Sivriss, Nightmare Speaker","","","","","","","","0","1","",""
"5081","Colorless","","Ganax, Astral Hunter // Agent of the Shadow Thieves","","","","","","","","0","1","",""
"5081","Colorless","","Ganax, Astral Hunter // Cultist of the Absolute","","","","","","","","0","1","",""
"5081","Colorless","","Ganax, Astral Hunter // Inspiring Leader","","","","","","","","0","1","",""
"5081","Colorless","","Rasaad yn Bashir // Agent of the Iron Throne","","","","","","","","0","1","",""
"5081","Colorless","","Halsin, Emerald Archdruid // Guild Artisan","","","","","","","","0","1","",""
"5081","Colorless","","Halsin, Emerald Archdruid // Tavern Brawler","","","","","","","","0","1","",""
"5081","Colorless","","Safana, Calimport Cutthroat // Passionate Archaeologist","","","","","","","","0","1","",""
"5081","Colorless","","Faceless One // Candlekeep Sage","","","","","","","","0","1","",""
"5081","Colorless","","Safana, Calimport Cutthroat // Acolyte of Bahamut","","","","","","","","0","1","",""
"5081","Colorless","","Safana, Calimport Cutthroat // Agent of the Iron Throne","","","","","","","","0","1","",""
"5081","Colorless","","Erinis, Gloom Stalker // Dungeon Delver","","","","","","","","0","1","",""
"5081","Colorless","","Faceless One // Agent of the Shadow Thieves","","","","","","","","0","1","",""
"5081","Colorless","","Sivriss, Nightmare Speaker // Criminal Past","","","","","","","","0","1","",""
"5081","Colorless","","Abdel Adrian, Gorion's Ward // Feywild Visitor","","","","","","","","0","1","",""
"5081","Colorless","","Abdel Adrian, Gorion's Ward // Faceless One","","","","","","","","0","1","",""
"5081","Colorless","","Shadowheart, Dark Justiciar // Faceless One","","","","","","","","0","1","",""
"5081","Colorless","","Erinis, Gloom Stalker // Acolyte of Bahamut","","","","","","","","0","1","",""
"5081","Colorless","","Rasaad yn Bashir // Veteran Soldier","","","","","","","","0","1","",""
"5081","Colorless","","Erinis, Gloom Stalker // Clan Crafter","","","","","","","","0","1","",""
"5081","Colorless","","Gale, Waterdeep Prodigy","","","","","","","","0","1","",""
"5081","Colorless","","Shadowheart, Dark Justiciar // Hardy Outlander","","","","","","","","0","1","",""
"5081","Colorless","","Abdel Adrian, Gorion's Ward // Haunted One","","","","","","","","0","1","",""
"5081","Colorless","","Zellix, Sanity Flayer // Passionate Archaeologist","","","","","","","","0","1","",""
"5081","Colorless","","Zellix, Sanity Flayer // Veteran Soldier","","","","","","","","0","1","",""
"5081","Colorless","","Zellix, Sanity Flayer // Popular Entertainer","","","","","","","","0","1","",""
"5081","Colorless","","Erinis, Gloom Stalker // Hardy Outlander","","","","","","","","0","1","",""
"5081","Colorless","","Burakos, Party Leader // Candlekeep Sage","","","","","","","","0","1","",""
"5081","Colorless","","Zellix, Sanity Flayer // Tavern Brawler","","","","","","","","0","1","",""
"5081","Colorless","","Zellix, Sanity Flayer // Far Traveler","","","","","","","","0","1","",""
"5081","Colorless","","Safana, Calimport Cutthroat // Dragon Cultist","","","","","","","","0","1","",""
"5081","Colorless","","Zellix, Sanity Flayer // Folk Hero","","","","","","","","0","1","",""
"5081","Colorless","","Zellix, Sanity Flayer // Feywild Visitor","","","","","","","","0","1","",""
"5081","Colorless","","Safana, Calimport Cutthroat // Candlekeep Sage","","","","","","","","0","1","",""
"5081","Colorless","","Imoen, Mystic Trickster // Cloakwood Hermit","","","","","","","","0","1","",""
"5081","Colorless","","Erinis, Gloom Stalker // Cloakwood Hermit","","","","","","","","0","1","",""
"5081","Colorless","","Zellix, Sanity Flayer // Candlekeep Sage","","","","","","","","0","1","",""
"5081","Colorless","","Shadowheart, Dark Justiciar // Guild Artisan","","","","","","","","0","1","",""
"5081","Colorless","","Erinis, Gloom Stalker // Candlekeep Sage","","","","","","","","0","1","",""
"5081","Colorless","","Skanos Dragonheart // Cultist of the Absolute","","","","","","","","0","1","",""
"5081","Colorless","","Burakos, Party Leader // Raised by Giants","","","","","","","","0","1","",""
"5081","Colorless","","Sarevok, Deathbringer // Scion of Halaster","","","","","","","","0","1","",""
"5081","Colorless","","Baeloth Barrityl, Entertainer // Street Urchin","","","","","","","","0","1","",""
"5081","Colorless","","Sivriss, Nightmare Speaker // Popular Entertainer","","","","","","","","0","1","",""
"5081","Colorless","","Baeloth Barrityl, Entertainer // Inspiring Leader","","","","","","","","0","1","",""
"5081","Colorless","","Shadowheart, Dark Justiciar // Clan Crafter","","","","","","","","0","1","",""
"5081","Colorless","","Baeloth Barrityl, Entertainer // Flaming Fist","","","","","","","","0","1","",""
"5081","Colorless","","Baeloth Barrityl, Entertainer // Feywild Visitor","","","","","","","","0","1","",""
"5081","Colorless","","Sivriss, Nightmare Speaker // Master Chef","","","","","","","","0","1","",""
"5081","Colorless","","Lulu, Loyal Hollyphant // Agent of the Shadow Thieves","","","","","","","","0","1","",""
"5081","Colorless","","Skanos Dragonheart // Feywild Visitor","","","","","","","","0","1","",""
"5081","Colorless","","Lulu, Loyal Hollyphant // Agent of the Iron Throne","","","","","","","","0","1","",""
"5081","Colorless","","Lulu, Loyal Hollyphant // Scion of Halaster","","","","","","","","0","1","",""
"5081","Colorless","","Lulu, Loyal Hollyphant","","","","","","","","0","1","",""
"5081","Colorless","","Baeloth Barrityl, Entertainer // Sword Coast Sailor","","","","","","","","0","1","",""
"5081","Colorless","","Livaan, Cultist of Tiamat // Haunted One","","","","","","","","0","1","",""
"5081","Colorless","","Sarevok, Deathbringer // Agent of the Iron Throne","","","","","","","","0","1","",""
"5081","Colorless","","Sivriss, Nightmare Speaker // Shameless Charlatan","","","","","","","","0","1","",""
"5081","Colorless","","Lae'zel, Vlaakith's Champion // Flaming Fist","","","","","","","","0","1","",""
"5256","Colorless","","Bortuk Bonerattle","","","","","","","","0","1","",""
"5257","Colorless","","Hardy of Myra's Marvels // Ignacio of Myra's Marvels","","","","","","","","0","1","",""
"5257","Colorless","","Roxi, Publicist to the Stars","","","","","","","","0","1","",""
"5257","Colorless","","Jermane, Pride of the Circus","","","","","","","","0","1","",""
"5257","Colorless","","Fluros of Myra's Marvels // Ignacio of Myra's Marvels","","","","","","","","0","1","",""
"5257","Colorless","","Devil K. Nevil","","","","","","","","0","1","",""
"5257","Colorless","","Hardy of Myra's Marvels // Nocturno of Myra's Marvels","","","","","","","","0","1","",""
"5263","Colorless","","Jurin, Leading the Charge","","","","","","","","0","1","",""
"5264","Colorless","","Celeborn the Wise","","","","","","","","0","1","",""
"5264","Colorless","","Merry, Warden of Isengard","","","","","","","","0","1","",""
"5264","Colorless","","Erkenbrand, Lord of Westfold","","","","","","","","0","1","",""
"5264","Colorless","","Landroval, Horizon Witness","","","","","","","","0","1","",""
"5264","Colorless","","The Balrog, Flame of Udûn","","","","","","","","0","1","",""
"5264","Colorless","","Glorfindel, Dauntless Rescuer","","","","","","","","0","1","",""
"5270","Colorless","","The Twelfth Doctor // Ian Chesterton","","","","","","","","0","1","",""
"5270","Colorless","","The Third Doctor // Ryan Sinclair","","","","","","","","0","1","",""
"5270","Colorless","","The War Doctor // Sarah Jane Smith","","","","","","","","0","1","",""
"5270","Colorless","","The War Doctor // Jamie McCrimmon","","","","","","","","0","1","",""
"5270","Colorless","","The Fugitive Doctor // Sarah Jane Smith","","","","","","","","0","1","",""
"5270","Colorless","","The Second Doctor // Yasmin Khan","","","","","","","","0","1","",""
"5270","Colorless","","The Tenth Doctor // Donna Noble","","","","","","","","0","1","",""
"5270","Colorless","","The Seventh Doctor // Adric, Mathematical Genius","","","","","","","","0","1","",""
"5270","Colorless","","The Fifteenth Doctor // Susan Foreman","","","","","","","","0","1","",""
"5270","Colorless","","The Eleventh Doctor // Sarah Jane Smith","","","","","","","","0","1","",""
"5270","Colorless","","The War Doctor // Leela, Sevateem Warrior","","","","","","","","0","1","",""
"5270","Colorless","","The Ninth Doctor // Yasmin Khan","","","","","","","","0","1","",""
"5270","Colorless","","The Fugitive Doctor // Bill Potts","","","","","","","","0","1","",""
"5270","Colorless","","Clara Oswald","","","","","","","","0","1","",""
"5270","Colorless","","The Ninth Doctor // Tegan Jovanka","","","","","","","","0","1","",""
"5270","Colorless","","The Second Doctor // Jo Grant","","","","","","","","0","1","",""
"5270","Colorless","","The Eleventh Doctor // Nyssa of Traken","","","","","","","","0","1","",""
"5270","Colorless","","The Fifteenth Doctor // Jo Grant","","","","","","","","0","1","",""
"5270","Colorless","","The Third Doctor // Jo Grant","","","","","","","","0","1","",""
"5270","Colorless","","The Sixth Doctor // Dan Lewis","","","","","","","","0","1","",""
"5270","Colorless","","The Third Doctor // Ace, Fearless Rebel","","","","","","","","0","1","",""
"5270","Colorless","","The Second Doctor // Graham O'Brien","","","","","","","","0","1","",""
"5270","Colorless","","The Tenth Doctor // K-9, Mark I","","","","","","","","0","1","",""
"5270","Colorless","","The First Doctor","","","","","","","","0","1","",""
"5270","Colorless","","The Twelfth Doctor // Adric, Mathematical Genius","","","","","","","","0","1","",""
"5270","Colorless","","The First Doctor // Peri Brown","","","","","","","","0","1","",""
"5270","Colorless","","The First Doctor // K-9, Mark I","","","","","","","","0","1","",""
"5270","Colorless","","The Twelfth Doctor // Tegan Jovanka","","","","","","","","0","1","",""
"5270","Colorless","","The Seventh Doctor // Vislor Turlough","","","","","","","","0","1","",""
"5270","Colorless","","The Eleventh Doctor // Susan Foreman","","","","","","","","0","1","",""
"5270","Colorless","","The Fifteenth Doctor // Dan Lewis","","","","","","","","0","1","",""
"5270","Colorless","","The First Doctor // Tegan Jovanka","","","","","","","","0","1","",""
"5270","Colorless","","The Twelfth Doctor // Amy Pond","","","","","","","","0","1","",""
"5270","Colorless","","The First Doctor // Adric, Mathematical Genius","","","","","","","","0","1","",""
"5270","Colorless","","The First Doctor // Jamie McCrimmon","","","","","","","","0","1","",""
"5270","Colorless","","The Thirteenth Doctor // Bill Potts","","","","","","","","0","1","",""
"5270","Colorless","","The Fifth Doctor // Rose Noble","","","","","","","","0","1","",""
"5270","Colorless","","The Eighth Doctor // Sarah Jane Smith","","","","","","","","0","1","",""
"5270","Colorless","","The First Doctor // Vislor Turlough","","","","","","","","0","1","",""
"5270","Colorless","","The Thirteenth Doctor // Susan Foreman","","","","","","","","0","1","",""
"5270","Colorless","","The Tenth Doctor // Jo Grant","","","","","","","","0","1","",""
"5270","Colorless","","The Fifth Doctor // Yasmin Khan","","","","","","","","0","1","",""
"5270","Colorless","","The Sixth Doctor // Rose Tyler","","","","","","","","0","1","",""
"5270","Colorless","","The Sixth Doctor // Nyssa of Traken","","","","","","","","0","1","",""
"5270","Colorless","","The Twelfth Doctor // Jo Grant","","","","","","","","0","1","",""
"5270","Colorless","","The Eighth Doctor // Barbara Wright","","","","","","","","0","1","",""
"5270","Colorless","","The Eighth Doctor // Donna Noble","","","","","","","","0","1","",""
"5270","Colorless","","The Fifth Doctor // Ace, Fearless Rebel","","","","","","","","0","1","",""
"5270","Colorless","","The Fifth Doctor // Leela, Sevateem Warrior","","","","","","","","0","1","",""
"5270","Colorless","","Susan Foreman","","","","","","","","0","1","",""
"5270","Colorless","","The Fifth Doctor // Bill Potts","","","","","","","","0","1","",""
"5270","Colorless","","The Eighth Doctor","","","","","","","","0","1","",""
"5270","Colorless","","The Fourth Doctor // Jamie McCrimmon","","","","","","","","0","1","",""
"5270","Colorless","","The Third Doctor // Peri Brown","","","","","","","","0","1","",""
"5270","Colorless","","The Thirteenth Doctor // Ace, Fearless Rebel","","","","","","","","0","1","",""
"5270","Colorless","","The Thirteenth Doctor // Jo Grant","","","","","","","","0","1","",""
"5270","Colorless","","The Thirteenth Doctor // Graham O'Brien","","","","","","","","0","1","",""
"5270","Colorless","","The Second Doctor // Tegan Jovanka","","","","","","","","0","1","",""
"5270","Colorless","","The Second Doctor // Bill Potts","","","","","","","","0","1","",""
"5270","Colorless","","The Seventh Doctor // Susan Foreman","","","","","","","","0","1","",""
"5270","Colorless","","The Eleventh Doctor // Graham O'Brien","","","","","","","","0","1","",""
"5270","Colorless","","The Seventh Doctor // Rose Tyler","","","","","","","","0","1","",""
"5270","Colorless","","The Twelfth Doctor // Martha Jones","","","","","","","","0","1","",""
"5270","Colorless","","The Seventh Doctor // K-9, Mark I","","","","","","","","0","1","",""
"5270","Colorless","","The Fourth Doctor // Susan Foreman","","","","","","","","0","1","",""
"5270","Colorless","","The Seventh Doctor // Graham O'Brien","","","","","","","","0","1","",""
"5270","Colorless","","The Third Doctor // Bill Potts","","","","","","","","0","1","",""
"5270","Colorless","","The Third Doctor","","","","","","","","0","1","",""
"5270","Colorless","","The War Doctor // Ian Chesterton","","","","","","","","0","1","",""
"5270","Colorless","","The Fugitive Doctor // Jo Grant","","","","","","","","0","1","",""
"5270","Colorless","","The Fourteenth Doctor // Jamie McCrimmon","","","","","","","","0","1","",""
"5270","Colorless","","The War Doctor // Rose Tyler","","","","","","","","0","1","",""
"5270","Colorless","","The War Doctor // Nyssa of Traken","","","","","","","","0","1","",""
"5270","Colorless","","The Fifteenth Doctor // Rose Tyler","","","","","","","","0","1","",""
"5270","Colorless","","The Fourteenth Doctor // Yasmin Khan","","","","","","","","0","1","",""
"5270","Colorless","","The Fourteenth Doctor // Graham O'Brien","","","","","","","","0","1","",""
"5270","Colorless","","The Tenth Doctor // Peri Brown","","","","","","","","0","1","",""
"5270","Colorless","","The Ninth Doctor // Nyssa of Traken","","","","","","","","0","1","",""
"5270","Colorless","","The Fourth Doctor // Nyssa of Traken","","","","","","","","0","1","",""
"5270","Colorless","","The Eleventh Doctor // Jamie McCrimmon","","","","","","","","0","1","",""
"5270","Colorless","","The Ninth Doctor // Donna Noble","","","","","","","","0","1","",""
"5270","Colorless","","The Fugitive Doctor // Tegan Jovanka","","","","","","","","0","1","",""
"5270","Colorless","","The Fugitive Doctor","","","","","","","","0","1","",""
"5270","Colorless","","The Fourteenth Doctor // Romana II","","","","","","","","0","1","",""
"5270","Colorless","","The Fourteenth Doctor // Peri Brown","","","","","","","","0","1","",""
"5270","Colorless","","The Fifteenth Doctor // K-9, Mark I","","","","","","","","0","1","",""
"5270","Colorless","","The Fourth Doctor // Vislor Turlough","","","","","","","","0","1","",""
"5270","Colorless","","The Ninth Doctor // Ace, Fearless Rebel","","","","","","","","0","1","",""
"5270","Colorless","","The Fourteenth Doctor // Nyssa of Traken","","","","","","","","0","1","",""
"5270","Colorless","","The Twelfth Doctor // Donna Noble","","","","","","","","0","1","",""
"5270","Colorless","","The Ninth Doctor // Jo Grant","","","","","","","","0","1","",""
"5270","Colorless","","Ian Chesterton","","","","","","","","0","1","",""
"5270","Colorless","","The Fugitive Doctor // Romana II","","","","","","","","0","1","",""
"5363","Colorless","","Layla Hassan","","","","","","","","0","1","",""
"5364","Colorless","","Adrestia","","","","","","","","0","1","",""
"5365","Colorless","","Alisaie Leveilleur","","","","","","","","0","1","",""
"5366","Colorless","","G'raha Tia","","","","","","","","0","1","",""
"5367","Colorless","","Prowler, Misguided Mentor","","","","","","","","0","1","",""
"5367","Colorless","","Spider-Gwen, Free Spirit","","","","","","","","0","1","",""
"5367","Colorless","","Starling, Aerial Ally","","","","","","","","0","1","",""
"5370","Colorless","","Momo, Rambunctious Rascal","","","","","","","","0","1","",""
"5371","Colorless","","The Terror of Serpent's Pass","","","","","","","","0","1","",""
"5372","Colorless","","Flash Thompson, Spider-Fan","","","","","","","","0","1","",""
"5372","Colorless","","Spiders-Man, Heroic Horde","","","","","","","","0","1","",""
"5374","Colorless","","Ellie, Brick Master","","","","","","","","0","1","",""
"5374","Colorless","","Abby, Merciless Soldier","","","","","","","","0","1","",""
"5376","Colorless","","April O'Neil, Live on the Scene // Raphael, the Muscle","","","","","","","","0","1","",""
"5376","Colorless","","Splinter, the Mentor","","","","","","","","0","1","",""
"5378","Colorless","","Fang, Roku's Companion","","","","","","","","0","1","",""
"5379","Colorless","","Suki, Courageous Rescuer","","","","","","","","0","1","",""
"5380","Colorless","","Bumi, King of Three Trials","","","","","","","","0","1","",""
"5381","Colorless","","The Duke, Rebel Sentry","","","","","","","","0","1","",""
"5382","Colorless","","Pipsqueak, Rebel Strongarm","","","","","","","","0","1","",""
"5383","Colorless","","Raphael, Most Attitude","","","","","","","","0","1","",""
"5384","Colorless","","Casey & Raph, Hotheads","","","","","","","","0","1","",""
"5384","Colorless","","Ray Fillet, Man Ray","","","","","","","","0","1","",""
"5384","Colorless","","Stockman, Mad Fly-entist","","","","","","","","0","1","",""
"5387","Colorless","","Patriot, Shield Wielder","","","","","","","","0","1","",""
"5387","Colorless","","White Widow, Free Agent","","","","","","","","0","1","",""
"5389","Colorless","","Jocasta, Automaton Avenger","","","","","","","","0","1","",""
"5389","Colorless","","Victor Mancha, Runaway","","","","","","","","0","1","",""
"5389","Colorless","","Namora, the Sea Queen","","","","","","","","0","1","",""
"5389","Colorless","","Goliath, Mass Manipulator","","","","","","","","0","1","",""
"5389","Colorless","","Lady Spider, Maybelle Reilly","","","","","","","","0","1","",""
"5389","Colorless","","The Howling Commandos","","","","","","","","0","1","",""
"5389","Colorless","","The Wasp, Janet Van Dyne","","","","","","","","0","1","",""
"5389","Colorless","","Jack of Hearts, Volatile Hero","","","","","","","","0","1","",""
"5389","Colorless","","Doctor Spectrum","","","","","","","","0","1","",""
"5389","Colorless","","The Wasp, Winsome Avenger","","","","","","","","0","1","",""
"5389","Colorless","","Ultimo, Civilization's End","","","","","","","","0","1","",""
"5389","Colorless","","Elektra, Femme Fatale","","","","","","","","0","1","",""
"5389","Colorless","","Luke Cage, Hero for Hire","","","","","","","","0","1","",""
"5389","Colorless","","Colossus, Steel Stalwart","","","","","","","","0","1","",""
"5389","Colorless","","Peggy Carter, Secret Agent","","","","","","","","0","1","",""
"5389","Colorless","","She-Hulk, Jennifer Walters","","","","","","","","0","1","",""
"5389","Colorless","","Rescue, Pepper Potts","","","","","","","","0","1","",""
"5389","Colorless","","Namor, Scourge of the Seas","","","","","","","","0","1","",""
"5389","Colorless","","Count Nefaria","","","","","","","","0","1","",""
"5389","Colorless","","Mockingbird, Bobbi Morse","","","","","","","","0","1","",""
"5389","Colorless","","She-Hulk, Jade Defender","","","","","","","","0","1","",""
"5389","Colorless","","Klaw, Sonic Subjugator","","","","","","","","0","1","",""
"5389","Colorless","","Black Widow, Natasha Romanoff","","","","","","","","0","1","",""
"5412","Colorless","","Abomination, World Ravager","","","","","","","","0","1","",""
"5412","Colorless","","Tri-Sentinel, Act of Vengeance","","","","","","","","0","1","",""
"5412","Colorless","","The Squadron Sinister","","","","","","","","0","1","",""
"5412","Colorless","","The Frightful Four","","","","","","","","0","1","",""
"5416","Colorless","","W'Kabi, Shield of the Nation","","","","","","","","0","1","",""
"5417","Colorless","","Captain America, Unbowed","","","","","","","","0","1","",""
"5417","Colorless","","M.O.D.O.K., Evil Intellect","","","","","","","","0","1","",""
"5419","Colorless","","Dori, Bearer of Friends","","","","","","","","0","1","",""
