"Rank","Colors","CMC","Name","Rarity","Type","Card Kingdom","TCGPlayer","Face to Face","Cardmarket","Cardhoarder","Salt","Decks","Set Code","Set Name"
"1","W,U,B,R","5","Jace, Multiverse Architect","mythic","Planeswalker","2.49","3.71","5.61","0.83","","0","5805","",""
"2","W,U,B,R,G","3","Tam, the Possibility","rare","Creature","0.79","0.44","0.7","0.18","0.11","0","3541","",""
"3","W,U,B","4","Y'shtola, Night's Blessed","mythic","Creature","3.49","5.35","3.51","2.75","3.92","0.92","55682","",""
"4","U,R,W","3","Vraska, Soul of Stone","rare","Creature","2.29","1.35","4.21","0.61","0.16","0","3274","",""
"5","W","2","Giada, Font of Hope","rare","Creature","0.99","0.54","1.05","0.53","0.02","0.46","36013","",""
"6","W,U,B","9","The Ur-Sphinx","rare","Creature","6.99","3.0","7.02","2.23","","0","3472","",""
"7","W,U","4","Denzilore Fatehold","mythic","Creature","4.99","3.45","5.61","1.2","0.72","0","2623","",""
"8","R,G,W","5","Pantlaza, Sun-Favored","mythic","Creature","2.49","5.75","2.45","3.95","0.33","0.84","37059","",""
"9","W,B","6","Niv-Mizzet, Ghost Counsel","rare","Creature","10.99","10.43","11.23","3.29","","0","2763","",""
"10","G,W","6","Kwia Vigorbloom","mythic","Creature","10.99","10.8","18.26","4.51","0.61","0","2595","",""
"11","U,R","3","Vivi Ornitier","mythic","Creature","49.99","34.43","52.69","30.58","0.95","2.81","41444","",""
"12","B,R","3","Ingris Stingerquill","mythic","Creature","9.99","9.6","11.94","2.43","1.79","0","2859","",""
"13","W,U,B,R,G","3","Codie, Ravenous Codex","rare","Creature","0.69","0.39","1.05","0.07","0.04","0","2091","",""
"14","B,G,U","4","Teval, the Balanced Scale","mythic","Creature","4.99","5.57","4.91","6.42","","0.6","39335","",""
"15","U,B,R","6","Sauron, the Dark Lord","mythic","Creature","20.99","19.63","21.77","20.52","0.02","1.15","40309","",""
"16","R,G","4","Aerid Konstrari","mythic","Creature","3.49","3.95","9.83","2.71","0.69","0","2610","",""
"17","R,W,B","4","Kaalia of the Vast","mythic","Creature","3.49","2.24","3.15","2.16","0.02","1.19","40030","",""
"18","B,R,G","4","Hearthhull, the Worldseed","mythic","Artifact","0.99","1.13","1.05","0.67","","0.46","31892","",""
"19","R,W,B","6","Edgar Markov","mythic","Creature","37.99","29.76","38.64","24.83","1.79","2.05","51369","",""
"20","W,U,B,R,G","9","The Ur-Dragon","mythic","Creature","39.99","35.97","42.15","30.89","0.07","1.97","51203","",""
"21","W,B,G","2","Frodo, Adventurous Hobbit // Sam, Loyal Attendant","mythic","Creature","0.99","0.33","1.05","0.52","1.37","0.42","27216","",""
"22","G,W,U,B","4","Atraxa, Praetors' Voice","mythic","Creature","27.99","25.04","25.99","16.01","0.02","1.72","45202","",""
"23","R,G,W","5","Cloud, Ex-SOLDIER","mythic","Creature","0.99","1.44","1.05","0.73","1.94","0.7","32036","",""
"24","G,W,U","4","Ms. Bumbleflower","mythic","Creature","5.99","6.54","6.32","15.35","","0.81","37186","",""
"25","U,B,R","4","Fire Lord Azula","rare","Creature","0.79","1.16","0.7","1.05","0.02","0","38295","",""
"26","R,G,W","4","Toph, the First Metalbender","rare","Creature","0.99","1.25","1.05","0.75","0.02","0","33412","",""
"27","W","6","Dack Fayden, Helping Hand","rare","Creature","1.49","1.24","2.1","0.3","","0","1697","",""
"28","W,U,B,R","7","Nissa, Leyline Tamer","mythic","Creature","6.99","3.63","5.61","1.53","","0","1871","",""
"29","B","3","Sephiroth, Fabled SOLDIER","mythic","Creature","39.99","28.89","42.15","27.97","0.79","1.43","30864","",""
"30","G,W","4","Trostani, Selesnya's Voice","mythic","Creature","2.29","1.28","2.45","1.1","0.02","0.15","10861","",""
"31","R,W","5","Thorin, King of Durin's Folk","rare","Creature","9.49","6.03","9.83","16.46","","0","7293","",""
"32","B,G,U","5","Thranduil, the Elvenking","rare","Creature","0.49","0.51","0.53","0.53","0.02","0","10037","",""
"33","U,B,R","5","Kefka, Court Mage","mythic","Creature","8.99","6.86","9.13","6.13","0.02","1.22","31681","",""
"34","W,B,G","5","Betor, Ancestor's Voice","mythic","Creature","0.99","3.47","1.05","2.52","","0.38","19815","",""
"35","W,U,B,R,G","3","Sisay, Weatherlight Captain","rare","Creature","2.49","2.5","2.45","1.48","0.02","0.98","19291","",""
"36","R","4","Krenko, Mob Boss","rare","Creature","3.49","2.13","3.51","1.16","0.02","1.17","44314","",""
"37","R,W,B","3","Terra, Herald of Hope","mythic","Creature","0.99","1.13","1.05","0.82","1.98","0.47","20079","",""
"38","B","8","Avacyn, Angel of Horror","rare","Creature","24.99","21.58","12.64","8.46","","0","1486","",""
"39","W,U,B,R,G","3","Ashling, the Limitless","mythic","Creature","0.99","0.42","1.05","0.44","","0","26719","",""
"40","B,G,U","4","The Wise Mothman","mythic","Creature","0.99","2.1","1.05","0.5","","1.01","33811","",""
"41","W,U,B,R,G","5","Jodah, the Unifier","mythic","Creature","2.49","2.89","2.45","1.46","0.02","1.94","33444","",""
"42","B,R","4","Kuja, Genome Sorcerer","rare","Creature","1.79","1.5","1.75","0.96","0.02","0.68","22504","",""
"43","G,U","2","Kinnan, Bonder Prodigy","mythic","Creature","20.99","15.18","21.07","12.2","0.02","2.15","21837","",""
"44","B,R","4","Valgavoth, Harrower of Souls","mythic","Creature","29.99","22.7","31.61","19.62","1.1","0.76","30129","",""
"45","U,B,R","4","Doctor Doom, King of Latveria","mythic","Creature","1.49","4.67","1.4","0.92","1.63","0","10448","",""
"46","R,W,B","3","Isshin, Two Heavens as One","rare","Creature","3.99","3.76","3.15","2.91","0.02","0.65","30780","",""
"47","B,G","4","Lathril, Blade of the Elves","rare","Creature","2.49","1.78","2.45","1.45","0.02","0.91","35905","",""
"48","R,G","3","Bello, Bard of the Brambles","mythic","Creature","2.49","2.87","2.1","3.35","","0.6","26295","",""
"49","G,W,U","3","Tidus, Yuna's Guardian","mythic","Creature","0.99","2.75","1.05","1.63","1.62","0.45","21556","",""
"50","Colorless","6","Zhulodok, Void Gorger","mythic","Creature","39.99","46.24","42.15","4.53","5.73","1.37","21359","",""
"51","W,U,B,R,G","5","Ulalek, Fused Atrocity","mythic","Creature","0.99","0.82","1.05","0.23","0.02","1.32","27759","",""
"52","G,U,R","6","Miirym, Sentinel Wyrm","rare","Creature","4.49","4.77","4.91","5.27","12.91","1.78","28659","",""
"53","U,B","3","Yuriko, the Tiger's Shadow","rare","Creature","3.99","2.95","4.21","2.17","0.77","2.15","31861","",""
"54","U,B,R","5","Nekusar, the Mindrazer","rare","Creature","2.99","3.23","2.8","1.23","0.02","1.24","32406","",""
"55","R,G,W","4","Rin and Seri, Inseparable","mythic","Creature","24.99","26.49","28.1","6.12","0.02","0.5","25029","",""
"56","R,G,W","3","Baylen, the Haymaker","rare","Creature","1.29","1.13","1.4","0.68","0.02","0.92","29851","",""
"57","B,R","7","Smaug the Impenetrable","rare","Creature","17.99","16.24","19.67","17.7","","0","6435","",""
"58","B,G","3","Chatterfang, Squirrel General","mythic","Creature","12.99","10.13","12.64","7.02","0.02","0.96","27877","",""
"59","W,B,G","4","Felothar the Steadfast","mythic","Creature","1.99","3.2","2.1","2.19","","0.33","20810","",""
"60","R,G,W,U","4","Kynaios and Tiro of Meletis","mythic","Creature","8.49","8.83","8.42","4.86","1.22","0.05","16226","",""
"61","B,G","8","Witherbloom, the Balancer","mythic","Creature","4.49","3.5","4.21","2.61","0.09","0","17546","",""
"62","G,U,R","7","Ureni of the Unwritten","mythic","Creature","11.99","18.24","12.64","14.57","","0.85","22304","",""
"63","W,U,B,R,G","5","Kenrith, the Returned King","mythic","Creature","1.49","0.54","1.4","0.79","0.02","1.09","31718","",""
"64","G","5","Beorn the Fierce","mythic","Creature","5.99","4.23","6.32","5.56","0.09","0","6149","",""
"65","B,G,U","5","Maralen, Fae Ascendant","rare","Creature","0.49","0.38","0.53","0.34","0.02","0","22859","",""
"66","R,W","4","Quintorius, History Chaser","mythic","Planeswalker","0.99","0.7","1.05","1.03","1.68","0","10063","",""
"67","R,W,B","4","Queen Marchesa","rare","Creature","1.99","1.14","2.1","0.89","1.57","0.37","20715","",""
"68","B,G","4","Meren of Clan Nel Toth","mythic","Creature","2.99","2.21","2.8","0.7","2.28","0.74","22331","",""
"69","B,R,G","5","Korvold, Fae-Cursed King","mythic","Creature","1.49","0.41","1.4","1.13","0.02","1.65","21145","",""
"70","Colorless","7","Omnath, Locus of the Void","rare","Creature","11.99","8.49","10.53","3.41","","0","1570","",""
"71","B,R,G","3","Henzie ""Toolbox"" Torre","mythic","Creature","0.99","1.0","1.05","0.11","3.13","0.69","18851","",""
"72","B,R,G","4","Auntie Ool, Cursewretch","mythic","Creature","0.99","0.4","1.05","0.32","","0","19727","",""
"73","B,G,U","3","Glarb, Calamity's Augur","mythic","Creature","5.49","3.8","5.61","4.07","0.02","0.36","24447","",""
"74","G,W,U","3","Helga, Skittish Seer","mythic","Creature","4.49","4.42","4.21","4.09","0.12","0.28","20335","",""
"75","R,W,B","4","Caesar, Legion's Emperor","mythic","Creature","4.99","7.17","4.91","0.44","","0.48","22856","",""
"76","B,R","3","The Great Goblin","rare","Creature","0.49","0.67","0.53","0.56","0.02","0","6287","",""
"77","G,W,U","5","Galadriel, Light of Valinor","mythic","Creature","24.99","27.13","25.99","23.87","0.54","0.56","17045","",""
"78","W,U,B,R,G","3","Esika, God of the Tree","mythic","Creature","22.99","16.59","22.48","11.25","0.02","1.15","26163","",""
"79","G","12","Ghalta, Primal Hunger","rare","Creature","1.49","1.01","2.1","0.78","0.02","0.44","9401","",""
"80","B,G","3","Dina, Essence Brewer","mythic","Creature","3.49","2.29","3.51","1.89","","0","11490","",""
"81","G","4","Radagast of Rhosgobel","rare","Creature","2.49","2.5","2.45","3.19","0.02","0","4201","",""
"82","W,U,B","4","Jin Sakai, Ghost of Tsushima","mythic","Creature","119.99","101.01","112.41","89.25","","0","16852","",""
"83","W,U,B","2","Hashaton, Scarab's Fist","mythic","Creature","0.99","0.88","1.05","1.23","3.27","0.67","27233","",""
"84","W,U,B","6","Oloro, Ageless Ascetic","mythic","Creature","19.99","17.05","20.37","11.21","0.02","1.14","22575","",""
"85","R,G,W,U","4","Aragorn, the Uniter","mythic","Creature","7.49","6.1","7.02","5.83","0.02","0.75","23272","",""
"86","W,B,G","4","Doran, Besieged by Time","rare","Creature","0.49","0.61","0.53","0.44","0.02","0","13359","",""
"87","U,B","4","Wilhelt, the Rotcleaver","mythic","Creature","9.99","9.3","10.53","1.95","3.57","0.52","22589","",""
"88","B,G,U","6","Muldrotha, the Gravetide","mythic","Creature","1.29","0.61","1.4","0.81","0.02","0.9","25310","",""
"89","W,U,B,R","4","Breya, Etherium Shaper","mythic","Creature","0.99","0.39","1.05","0.45","0.02","0.24","22547","",""
"90","R,W,B","3","Zurgo Stormrender","mythic","Creature","1.49","4.58","1.4","3.43","","0.28","21065","",""
"91","U,R","2","Tony Stark","mythic","Creature","4.99","3.86","4.91","4.57","0.06","0","7663","",""
"92","U,B,R","2","Norman Osborn","mythic","Creature","16.99","14.09","17.56","10.08","0.14","0.74","18838","",""
"93","U,R,W","3","Kilo, Apogee Mind","mythic","Creature","0.99","2.07","1.05","0.66","2.0","0.39","19397","",""
"94","G,U,R","3","Animar, Soul of Elements","mythic","Creature","24.99","19.32","28.1","23.51","0.07","1.05","23634","",""
"95","B,G","3","Blech, Loafing Pest","rare","Creature","0.49","0.4","0.53","0.06","0.02","0","13169","",""
"96","R,G,W","4","Atla Palani, Nest Tender","mythic","Creature","0.99","1.14","1.05","0.53","0.23","0.55","21294","",""
"97","G,U","4","Hakbal of the Surging Soul","mythic","Creature","0.99","0.43","1.05","1.44","","0.74","25410","",""
"98","G,U","3","Zimone, Infinite Analyst","mythic","Creature","0.99","0.69","1.05","0.35","","0","11242","",""
"99","B","5","Ghoulcaller Gisa","rare","Creature","3.49","4.06","3.86","2.11","4.23","0.19","5026","",""
"100","W,U,B,R","5","Kraum, Ludevic's Opus // Tymna the Weaver","rare","Creature","5.49","9.55","5.61","2.76","0.62","0.67","11939","",""
"101","Colorless","","Tifa Lockhart","","","","","","","","0","552","",""
"102","Colorless","","Teysa Karlov","","","","","","","","0","550","",""
"103","Colorless","","Gishath, Sun's Avatar","","","","","","","","0","547","",""
"104","Colorless","","Éowyn, Shieldmaiden","","","","","","","","0","540","",""
"105","Colorless","","Avatar Aang","","","","","","","","0","534","",""
"106","Colorless","","Arcades, the Strategist","","","","","","","","0","530","",""
"107","Colorless","","Ygra, Eater of All","","","","","","","","0","527","",""
"108","Colorless","","Marneus Calgar","","","","","","","","0","515","",""
"109","Colorless","","The Necrobloom","","","","","","","","0","513","",""
"110","Colorless","","K'rrik, Son of Yawgmoth","","","","","","","","0","510","",""
"111","Colorless","","Yennett, Cryptic Sovereign","","","","","","","","0","506","",""
"112","Colorless","","Terra, Magical Adept","","","","","","","","0","502","",""
"113","Colorless","","The Wandering Minstrel","","","","","","","","0","500","",""
"114","Colorless","","Inspirit, Flagship Vessel","","","","","","","","0","499","",""
"115","Colorless","","Magda, Brazen Outlaw","","","","","","","","0","497","",""
"116","Colorless","","Eshki, Temur's Roar","","","","","","","","0","494","",""
"117","Colorless","","Urza, Lord High Artificer","","","","","","","","0","488","",""
"118","Colorless","","Omnath, Locus of Creation","","","","","","","","0","486","",""
"119","Colorless","","Rograkh, Son of Rohgahh // Thrasios, Triton Hero","","","","","","","","0","484","",""
"120","Colorless","","Flubs, the Fool","","","","","","","","0","483","",""
"121","Colorless","","Shorikai, Genesis Engine","","","","","","","","0","481","",""
"122","Colorless","","Ghyrson Starn, Kelermorph","","","","","","","","0","479","",""
"123","Colorless","","Hope Estheim","","","","","","","","0","476","",""
"124","Colorless","","Kykar, Wind's Fury","","","","","","","","0","474","",""
"125","Colorless","","Gandalf, Party Guest","","","","","","","","0","469","",""
"126","Colorless","","Leonardo, the Balance // Michelangelo, the Heart","","","","","","","","0","468","",""
"127","Colorless","","Smaug, Wicked Worm","","","","","","","","0","468","",""
"128","Colorless","","Mr. House, President and CEO","","","","","","","","0","466","",""
"129","Colorless","","Bard, King of Dale","","","","","","","","0","465","",""
"130","Colorless","","Bruce Banner","","","","","","","","0","461","",""
"131","Colorless","","Etali, Primal Conqueror","","","","","","","","0","459","",""
"132","Colorless","","Xyris, the Writhing Storm","","","","","","","","0","454","",""
"133","Colorless","","Prosper, Tome-Bound","","","","","","","","0","454","",""
"134","Colorless","","Zinnia, Valley's Voice","","","","","","","","0","453","",""
"135","Colorless","","Aesi, Tyrant of Gyre Strait","","","","","","","","0","452","",""
"136","Colorless","","Alela, Artful Provocateur","","","","","","","","0","447","",""
"137","Colorless","","Rocco, Street Chef","","","","","","","","0","447","",""
"138","Colorless","","Celes, Rune Knight","","","","","","","","0","445","",""
"139","Colorless","","Arabella, Abandoned Doll","","","","","","","","0","438","",""
"140","Colorless","","Rootha, Mastering the Moment","","","","","","","","0","438","",""
"141","Colorless","","Saruman, the White Hand","","","","","","","","0","437","",""
"142","Colorless","","Tom Bombadil","","","","","","","","0","433","",""
"143","Colorless","","Zur the Enchanter","","","","","","","","0","432","",""
"144","Colorless","","Choco, Seeker of Paradise","","","","","","","","0","431","",""
"145","Colorless","","Captain America, Team Leader","","","","","","","","0","431","",""
"146","Colorless","","Alela, Cunning Conqueror","","","","","","","","0","430","",""
"147","Colorless","","Lathliss, Dragon Queen","","","","","","","","0","429","",""
"148","Colorless","","Varina, Lich Queen","","","","","","","","0","429","",""
"149","Colorless","","Atraxa, Grand Unifier","","","","","","","","0","426","",""
"150","Colorless","","Brago, King Eternal","","","","","","","","0","423","",""
"151","Colorless","","Eluge, the Shoreless Sea","","","","","","","","0","423","",""
"152","Colorless","","Urtet, Remnant of Memnarch","","","","","","","","0","421","",""
"153","Colorless","","Golbez, Crystal Collector","","","","","","","","0","421","",""
"154","Colorless","","Be'lakor, the Dark Master","","","","","","","","0","417","",""
"155","Colorless","","Karn, Gilded Guardian","","","","","","","","0","417","",""
"156","Colorless","","Zaxara, the Exemplary","","","","","","","","0","416","",""
"157","Colorless","","High Perfect Morcant","","","","","","","","0","413","",""
"158","Colorless","","Liesa, Shroud of Dusk","","","","","","","","0","412","",""
"159","Colorless","","Fire Lord Zuko","","","","","","","","0","411","",""
"160","Colorless","","Ragost, Deft Gastronaut","","","","","","","","0","410","",""
"161","Colorless","","Captain N'ghathrod","","","","","","","","0","409","",""
"162","Colorless","","Sefris of the Hidden Ways","","","","","","","","0","407","",""
"163","Colorless","","Winota, Joiner of Forces","","","","","","","","0","406","",""
"164","Colorless","","Raffine, Scheming Seer","","","","","","","","0","404","",""
"165","Colorless","","Rograkh, Son of Rohgahh // Silas Renn, Seeker Adept","","","","","","","","0","402","",""
"166","Colorless","","Voja, Jaws of the Conclave","","","","","","","","0","401","",""
"167","Colorless","","Prismari, the Inspiration","","","","","","","","0","400","",""
"168","Colorless","","Whtz, the Bibliophile","","","","","","","","0","400","",""
"169","Colorless","","Tovolar, Dire Overlord","","","","","","","","0","399","",""
"170","Colorless","","Magus Lucea Kane","","","","","","","","0","399","",""
"171","Colorless","","Roxanne, Starfall Savant","","","","","","","","0","391","",""
"172","Colorless","","Marchesa, the Black Rose","","","","","","","","0","389","",""
"173","Colorless","","Ob Nixilis, Captive Kingpin","","","","","","","","0","389","",""
"174","Colorless","","Silverquill, the Disputant","","","","","","","","0","389","",""
"175","Colorless","","Nick Fury, Agent of S.H.I.E.L.D.","","","","","","","","0","389","",""
"176","Colorless","","Lightning, Army of One","","","","","","","","0","385","",""
"177","Colorless","","Rakdos, Lord of Riots","","","","","","","","0","384","",""
"178","Colorless","","Lord of the Nazgûl","","","","","","","","0","383","",""
"179","Colorless","","Killian, Decisive Mentor","","","","","","","","0","383","",""
"180","Colorless","","Zada, Hedron Grinder","","","","","","","","0","381","",""
"181","Colorless","","Cosmic Spider-Man","","","","","","","","0","378","",""
"182","Colorless","","Yuna, Grand Summoner","","","","","","","","0","377","",""
"183","Colorless","","Homer, the Hermit","","","","","","","","0","376","",""
"184","Colorless","","Iroh, Grand Lotus","","","","","","","","0","374","",""
"185","Colorless","","Tinybones, Bauble Burglar","","","","","","","","0","373","",""
"186","Colorless","","Inalla, Archmage Ritualist","","","","","","","","0","372","",""
"187","Colorless","","Urza, Chief Artificer","","","","","","","","0","370","",""
"188","Colorless","","Vnwxt, Verbose Host","","","","","","","","0","370","",""
"189","Colorless","","Tannuk, Memorial Ensign","","","","","","","","0","369","",""
"190","Colorless","","Crystal, Inhuman Princess","","","","","","","","0","369","",""
"191","Colorless","","Eddie Brock","","","","","","","","0","368","",""
"192","Colorless","","Anti-Venom, Horrifying Healer","","","","","","","","0","367","",""
"193","Colorless","","Ziatora, the Incinerator","","","","","","","","0","364","",""
"194","Colorless","","Kibo, Uktabi Prince","","","","","","","","0","364","",""
"195","Colorless","","The Unbeatable Squirrel Girl","","","","","","","","0","364","",""
"196","Colorless","","Niv-Mizzet, Parun","","","","","","","","0","363","",""
"197","Colorless","","Zimone, Mystery Unraveler","","","","","","","","0","363","",""
"198","Colorless","","Tivit, Seller of Secrets","","","","","","","","0","362","",""
"199","Colorless","","Smaug the Magnificent","","","","","","","","0","362","",""
"200","Colorless","","Dihada, Binder of Wills","","","","","","","","0","361","",""
"201","Colorless","","Captain America, First Avenger","","","","","","","","0","360","",""
"202","Colorless","","Sythis, Harvest's Hand","","","","","","","","0","359","",""
"203","Colorless","","Sidar Jabari of Zhalfir","","","","","","","","0","358","",""
"204","Colorless","","Commodore Guff","","","","","","","","0","357","",""
"205","Colorless","","Omnath, Locus of All","","","","","","","","0","356","",""
"206","Colorless","","Obeka, Splitter of Seconds","","","","","","","","0","356","",""
"207","Colorless","","Sonic the Hedgehog","","","","","","","","0","355","",""
"208","Colorless","","Uugguu, the Omniplasm","","","","","","","","0","355","",""
"209","Colorless","","Eriette of the Charmed Apple","","","","","","","","0","354","",""
"210","Colorless","","The Scarab God","","","","","","","","0","352","",""
"211","Colorless","","Kona, Rescue Beastie","","","","","","","","0","352","",""
"212","Colorless","","Go-Shintai of Life's Origin","","","","","","","","0","350","",""
"213","Colorless","","Yarok, the Desecrated","","","","","","","","0","348","",""
"214","Colorless","","Anikthea, Hand of Erebos","","","","","","","","0","345","",""
"215","Colorless","","The First Sliver","","","","","","","","0","343","",""
"216","Colorless","","Lumra, Bellow of the Woods","","","","","","","","0","342","",""
"217","Colorless","","Orvar, the All-Form","","","","","","","","0","340","",""
"218","Colorless","","Shilgengar, Sire of Famine","","","","","","","","0","337","",""
"219","Colorless","","Dr. Eggman","","","","","","","","0","337","",""
"220","Colorless","","Uldaros Theorix","","","","","","","","0","337","",""
"221","Colorless","","Atreus, Impulsive Son // Kratos, Stoic Father","","","","","","","","0","335","",""
"222","Colorless","","Lorehold, the Historian","","","","","","","","0","333","",""
"223","Colorless","","Ezio Auditore da Firenze","","","","","","","","0","332","",""
"224","Colorless","","Rocco, Cabaretti Caterer","","","","","","","","0","330","",""
"225","Colorless","","T'Challa, the Black Panther","","","","","","","","0","327","",""
"226","Colorless","","Satya, Aetherflux Genius","","","","","","","","0","326","",""
"227","Colorless","","Omo, Queen of Vesuva","","","","","","","","0","325","",""
"228","Colorless","","Kotis, the Fangkeeper","","","","","","","","0","324","",""
"229","Colorless","","Raph & Mikey, Troublemakers","","","","","","","","0","324","",""
"230","Colorless","","Satoru Umezawa","","","","","","","","0","323","",""
"231","Colorless","","Niko, Light of Hope","","","","","","","","0","322","",""
"232","Colorless","","Morophon, the Boundless","","","","","","","","0","318","",""
"233","Colorless","","Tannuk, Steadfast Second","","","","","","","","0","318","",""
"234","Colorless","","Queza, Augur of Agonies","","","","","","","","0","315","",""
"235","Colorless","","Disa the Restless","","","","","","","","0","310","",""
"236","Colorless","","Saheeli, Jewel of Avishkar","","","","","","","","0","310","",""
"237","Colorless","","Sai, Master Thopterist","","","","","","","","0","308","",""
"238","Colorless","","Tayam, Luminous Enigma","","","","","","","","0","308","",""
"239","Colorless","","Hylda of the Icy Crown","","","","","","","","0","308","",""
"240","Colorless","","Feather, the Redeemed","","","","","","","","0","307","",""
"241","Colorless","","Mendicant Core, Guidelight","","","","","","","","0","307","",""
"242","Colorless","","Judith, Carnage Connoisseur","","","","","","","","0","305","",""
"243","Colorless","","Sokka, Tenacious Tactician","","","","","","","","0","304","",""
"244","Colorless","","Veyran, Voice of Duality","","","","","","","","0","301","",""
"245","Colorless","","Sheoldred, the Apocalypse","","","","","","","","0","300","",""
"246","Colorless","","Tiamat","","","","","","","","0","299","",""
"247","Colorless","","Narset, Enlightened Exile","","","","","","","","0","299","",""
"248","Colorless","","Grand Arbiter Augustin IV","","","","","","","","0","298","",""
"249","Colorless","","Aloy, Savior of Meridian","","","","","","","","0","298","",""
"250","Colorless","","Mirko, Obsessive Theorist","","","","","","","","0","296","",""
"251","Colorless","","Captain Howler, Sea Scourge","","","","","","","","0","296","",""
"252","Colorless","","Thrasios, Triton Hero // Tymna the Weaver","","","","","","","","0","295","",""
"253","Colorless","","Ramos, Dragon Engine","","","","","","","","0","294","",""
"254","Colorless","","Alania, Divergent Storm","","","","","","","","0","294","",""
"255","Colorless","","Arahbo, Roar of the World","","","","","","","","0","293","",""
"256","Colorless","","Indoraptor, the Perfect Hybrid","","","","","","","","0","293","",""
"257","Colorless","","Ultron, Artificial Malevolence","","","","","","","","0","293","",""
"258","Colorless","","Fynn, the Fangbearer","","","","","","","","0","290","",""
"259","Colorless","","Umbris, Fear Manifest","","","","","","","","0","290","",""
"260","Colorless","","Vren, the Relentless","","","","","","","","0","289","",""
"261","Colorless","","Najeela, the Blade-Blossom","","","","","","","","0","288","",""
"262","Colorless","","Clavileño, First of the Blessed","","","","","","","","0","287","",""
"263","Colorless","","Temmet, Naktamun's Will","","","","","","","","0","287","",""
"264","Colorless","","Xenagos, God of Revels","","","","","","","","0","286","",""
"265","Colorless","","Brenard, Ginger Sculptor","","","","","","","","0","286","",""
"266","Colorless","","Infinite Guideline Station","","","","","","","","0","283","",""
"267","Colorless","","Ashling, Rekindled","","","","","","","","0","282","",""
"268","Colorless","","Edward Kenway","","","","","","","","0","281","",""
"269","Colorless","","Betor, Kin to All","","","","","","","","0","281","",""
"270","Colorless","","Brigid, Clachan's Heart","","","","","","","","0","281","",""
"271","Colorless","","Katara, the Fearless","","","","","","","","0","280","",""
"272","Colorless","","Massimo, the Magician","","","","","","","","0","278","",""
"273","Colorless","","Namor the Sub-Mariner","","","","","","","","0","277","",""
"274","Colorless","","Ovika, Enigma Goliath","","","","","","","","0","276","",""
"275","Colorless","","Marina Vendrell","","","","","","","","0","276","",""
"276","Colorless","","Tergrid, God of Fright","","","","","","","","0","275","",""
"277","Colorless","","Volo, Guide to Monsters","","","","","","","","0","275","",""
"278","Colorless","","Saheeli, Radiant Creator","","","","","","","","0","274","",""
"279","Colorless","","Squall, SeeD Mercenary","","","","","","","","0","273","",""
"280","Colorless","","Marrow-Gnawer","","","","","","","","0","272","",""
"281","Colorless","","Derevi, Empyrial Tactician","","","","","","","","0","271","",""
"282","Colorless","","Ral, Monsoon Mage","","","","","","","","0","271","",""
"283","Colorless","","Wolverine, Best There Is","","","","","","","","0","271","",""
"284","Colorless","","Slimefoot and Squee","","","","","","","","0","269","",""
"285","Colorless","","Nicol Bolas, the Ravager","","","","","","","","0","268","",""
"286","Colorless","","Shadow the Hedgehog","","","","","","","","0","268","",""
"287","Colorless","","Gev, Scaled Scorch","","","","","","","","0","267","",""
"288","Colorless","","Deadpool, Trading Card","","","","","","","","0","267","",""
"289","Colorless","","Chief of the Wilds","","","","","","","","0","267","",""
"290","Colorless","","Vihaan, Goldwaker","","","","","","","","0","266","",""
"291","Colorless","","Hazel of the Rootbloom","","","","","","","","0","266","",""
"292","Colorless","","Lyra, Tolarian Archangel","","","","","","","","0","266","",""
"293","Colorless","","Lord Windgrace","","","","","","","","0","264","",""
"294","Colorless","","Aminatou, Veil Piercer","","","","","","","","0","264","",""
"295","Colorless","","Ekthi, Contaminator Priest","","","","","","","","0","263","",""
"296","Colorless","","Wick, the Whorled Mind","","","","","","","","0","262","",""
"297","Colorless","","Shelob, Child of Ungoliant","","","","","","","","0","261","",""
"298","Colorless","","Jaws, Relentless Predator","","","","","","","","0","261","",""
"299","Colorless","","Lathiel, the Bounteous Dawn","","","","","","","","0","260","",""
"300","Colorless","","The Astonishing Ant-Man","","","","","","","","0","260","",""
"301","Colorless","","Bristly Bill, Spine Sower","","","","","","","","0","259","",""
"302","Colorless","","Kastral, the Windcrested","","","","","","","","0","258","",""
"303","Colorless","","Clive, Ifrit's Dominant","","","","","","","","0","258","",""
"304","Colorless","","Ultima, Origin of Oblivion","","","","","","","","0","258","",""
"305","Colorless","","Ruric Thar, the Unbowed","","","","","","","","0","257","",""
"306","Colorless","","Ojer Axonil, Deepest Might","","","","","","","","0","257","",""
"307","Colorless","","The Notary Hobbits","","","","","","","","0","257","",""
"308","Colorless","","The Gitrog Monster","","","","","","","","0","256","",""
"309","Colorless","","Shroofus Sproutsire","","","","","","","","0","256","",""
"310","Colorless","","Thalia and The Gitrog Monster","","","","","","","","0","255","",""
"311","Colorless","","The Serpent Society","","","","","","","","0","255","",""
"312","Colorless","","Kudo, King Among Bears","","","","","","","","0","254","",""
"313","Colorless","","Sidisi, Brood Tyrant","","","","","","","","0","253","",""
"314","Colorless","","Amalia Benavides Aguirre","","","","","","","","0","252","",""
"315","Colorless","","Zedruu the Greathearted","","","","","","","","0","251","",""
"316","Colorless","","Ayara, First of Locthwain","","","","","","","","0","250","",""
"317","Colorless","","Kratos, God of War","","","","","","","","0","250","",""
"318","Colorless","","Light-Paws, Emperor's Voice","","","","","","","","0","249","",""
"319","Colorless","","Dina, Soul Steeper","","","","","","","","0","247","",""
"320","Colorless","","Wayta, Trainer Prodigy","","","","","","","","0","247","",""
"321","Colorless","","Azlask, the Swelling Scourge","","","","","","","","0","247","",""
"322","Colorless","","Sorin of House Markov","","","","","","","","0","246","",""
"323","Colorless","","Geist of Saint Thalia","","","","","","","","0","246","",""
"324","Colorless","","Elas il-Kor, Sadistic Pilgrim","","","","","","","","0","245","",""
"325","Colorless","","Bria, Riptide Rogue","","","","","","","","0","245","",""
"326","Colorless","","Omnath, Locus of Mana","","","","","","","","0","243","",""
"327","Colorless","","Raggadragga, Goreguts Boss","","","","","","","","0","242","",""
"328","Colorless","","Mishra, Eminent One","","","","","","","","0","242","",""
"329","Colorless","","Minsc & Boo, Timeless Heroes","","","","","","","","0","241","",""
"330","Colorless","","Tifa, Martial Artist","","","","","","","","0","239","",""
"331","Colorless","","Tatyova, Benthic Druid","","","","","","","","0","238","",""
"332","Colorless","","Arna Kennerüd, Skycaptain","","","","","","","","0","236","",""
"333","Colorless","","The Mycotyrant","","","","","","","","0","235","",""
"334","Colorless","","The Jolly Balloon Man","","","","","","","","0","235","",""
"335","Colorless","","Shiko and Narset, Unified","","","","","","","","0","235","",""
"336","Colorless","","Storm, Force of Nature","","","","","","","","0","234","",""
"337","Colorless","","Elsha, Threefold Master","","","","","","","","0","234","",""
"338","Colorless","","Braids, Arisen Nightmare","","","","","","","","0","233","",""
"339","Colorless","","Chulane, Teller of Tales","","","","","","","","0","232","",""
"340","Colorless","","Myrel, Shield of Argive","","","","","","","","0","232","",""
"341","Colorless","","Norin the Wary","","","","","","","","0","231","",""
"342","Colorless","","Yurlok of Scorch Thrash","","","","","","","","0","231","",""
"343","Colorless","","Thrasios, Triton Hero // Yoshimaru, Ever Faithful","","","","","","","","0","230","",""
"344","Colorless","","Szarel, Genesis Shepherd","","","","","","","","0","230","",""
"345","Colorless","","Jon Irenicus, Shattered One","","","","","","","","0","229","",""
"346","Colorless","","Kiora, Sovereign of the Deep","","","","","","","","0","228","",""
"347","Colorless","","Ghave, Guru of Spores","","","","","","","","0","227","",""
"348","Colorless","","Omnath, Locus of Rage","","","","","","","","0","226","",""
"349","Colorless","","Gisa and Geralf","","","","","","","","0","226","",""
"350","Colorless","","Bilbo, Birthday Celebrant","","","","","","","","0","226","",""
"351","Colorless","","Strefan, Maurer Progenitor","","","","","","","","0","225","",""
"352","Colorless","","Cloud, Midgar Mercenary","","","","","","","","0","222","",""
"353","Colorless","","Pia, Aether Ascetic","","","","","","","","0","222","",""
"354","Colorless","","Syr Gwyn, Hero of Ashvale","","","","","","","","0","221","",""
"355","Colorless","","Adrix and Nev, Twincasters","","","","","","","","0","220","",""
"356","Colorless","","Sigarda, Font of Blessings","","","","","","","","0","220","",""
"357","Colorless","","Neriv, Heart of the Storm","","","","","","","","0","220","",""
"358","Colorless","","Ayula, Queen Among Bears","","","","","","","","0","219","",""
"359","Colorless","","Breena, the Demagogue","","","","","","","","0","219","",""
"360","Colorless","","Rendmaw, Creaking Nest","","","","","","","","0","219","",""
"361","Colorless","","Yidris, Maelstrom Wielder","","","","","","","","0","217","",""
"362","Colorless","","Kess, Dissident Mage","","","","","","","","0","217","",""
"363","Colorless","","Karlov of the Ghost Council","","","","","","","","0","216","",""
"364","Colorless","","Yawgmoth, Thran Physician","","","","","","","","0","216","",""
"365","Colorless","","Jetmir, Nexus of Revels","","","","","","","","0","216","",""
"366","Colorless","","Toph, Earthbending Master","","","","","","","","0","216","",""
"367","Colorless","","Aminatou, the Fateshifter","","","","","","","","0","215","",""
"368","Colorless","","Phenax, God of Deception","","","","","","","","0","213","",""
"369","Colorless","","Rivaz of the Claw","","","","","","","","0","213","",""
"370","Colorless","","Dogmeat, Ever Loyal","","","","","","","","0","213","",""
"371","Colorless","","The Mindskinner","","","","","","","","0","213","",""
"372","Colorless","","Maelstrom Wanderer","","","","","","","","0","212","",""
"373","Colorless","","Ozai, the Phoenix King","","","","","","","","0","211","",""
"374","Colorless","","Admiral Brass, Unsinkable","","","","","","","","0","210","",""
"375","Colorless","","Mabel, Heir to Cragflame","","","","","","","","0","209","",""
"376","Colorless","","Elminster","","","","","","","","0","208","",""
"377","Colorless","","Marvo, Deep Operative","","","","","","","","0","208","",""
"378","Colorless","","Elenda, the Dusk Rose","","","","","","","","0","207","",""
"379","Colorless","","Jodah, Archmage Eternal","","","","","","","","0","207","",""
"380","Colorless","","Shalai and Hallar","","","","","","","","0","207","",""
"381","Colorless","","Elesh Norn, Mother of Machines","","","","","","","","0","206","",""
"382","Colorless","","Ketramose, the New Dawn","","","","","","","","0","205","",""
"383","Colorless","","Tom, Bert, and William","","","","","","","","0","205","",""
"384","Colorless","","Gisa, the Hellraiser","","","","","","","","0","204","",""
"385","Colorless","","Syr Konrad, the Grim","","","","","","","","0","203","",""
"386","Colorless","","Aragorn, King of Gondor","","","","","","","","0","203","",""
"387","Colorless","","Rowan, Scion of War","","","","","","","","0","203","",""
"388","Colorless","","The Infamous Cruelclaw","","","","","","","","0","203","",""
"389","Colorless","","Prossh, Skyraider of Kher","","","","","","","","0","202","",""
"390","Colorless","","Nethroi, Apex of Death","","","","","","","","0","202","",""
"391","Colorless","","Coram, the Undertaker","","","","","","","","0","202","",""
"392","Colorless","","Toph, Hardheaded Teacher","","","","","","","","0","202","",""
"393","Colorless","","Saruman of Many Colors","","","","","","","","0","201","",""
"394","Colorless","","Ginger, Queen of Sweets","","","","","","","","0","201","",""
"395","Colorless","","Sliver Overlord","","","","","","","","0","200","",""
"396","Colorless","","Kellan, the Kid","","","","","","","","0","200","",""
"397","Colorless","","Peter Parker","","","","","","","","0","200","",""
"398","Colorless","","Liliana, Heretical Healer","","","","","","","","0","199","",""
"399","Colorless","","Obeka, Brute Chronologist","","","","","","","","0","199","",""
"400","Colorless","","Loot, the Anomaly","","","","","","","","0","199","",""
"401","Colorless","","Kardur, Doomscourge","","","","","","","","0","198","",""
"402","Colorless","","Minn, Wily Illusionist","","","","","","","","0","198","",""
"403","Colorless","","Hei Bai, Forest Guardian","","","","","","","","0","198","",""
"404","Colorless","","Extus, Oriq Overlord","","","","","","","","0","197","",""
"405","Colorless","","Kambal, Profiteering Mayor","","","","","","","","0","197","",""
"405","Colorless","","Gonti, Canny Acquisitor","","","","","","","","0","197","",""
"407","Colorless","","Indominus Rex, Alpha","","","","","","","","0","195","",""
"408","Colorless","","Thanos, the Mad Titan","","","","","","","","0","195","",""
"409","Colorless","","Karador, Ghost Chieftain","","","","","","","","0","194","",""
"410","Colorless","","Athreos, God of Passage","","","","","","","","0","194","",""
"411","Colorless","","Edea, Possessed Sorceress","","","","","","","","0","194","",""
"412","Colorless","","Codie, Vociferous Codex","","","","","","","","0","193","",""
"413","Colorless","","Bre of Clan Stoutarm","","","","","","","","0","193","",""
"414","Colorless","","Marisi, Breaker of the Coil","","","","","","","","0","192","",""
"415","Colorless","","Ardenn, Intrepid Archaeologist // Rograkh, Son of Rohgahh","","","","","","","","0","192","",""
"416","Colorless","","Child of Alara","","","","","","","","0","191","",""
"417","Colorless","","Goreclaw, Terror of Qal Sisma","","","","","","","","0","191","",""
"418","Colorless","","Solphim, Mayhem Dominus","","","","","","","","0","191","",""
"419","Colorless","","Stella Lee, Wild Card","","","","","","","","0","191","",""
"420","Colorless","","Yuna, Hope of Spira","","","","","","","","0","191","",""
"421","Colorless","","Jenova, Ancient Calamity","","","","","","","","0","191","",""
"422","Colorless","","Yusri, Fortune's Flame","","","","","","","","0","190","",""
"423","Colorless","","Hazezon, Shaper of Sand","","","","","","","","0","189","",""
"424","Colorless","","Dáin of the Ancient Halls","","","","","","","","0","189","",""
"425","Colorless","","Jace, Vryn's Prodigy","","","","","","","","0","188","",""
"426","Colorless","","The Reaper, King No More","","","","","","","","0","188","",""
"427","Colorless","","Brudiclad, Telchor Engineer","","","","","","","","0","187","",""
"428","Colorless","","King T'Challa","","","","","","","","0","187","",""
"429","Colorless","","Duskana, the Rage Mother","","","","","","","","0","185","",""
"430","Colorless","","Lady Octopus, Inspired Inventor","","","","","","","","0","185","",""
"431","Colorless","","Shirei, Shizo's Caretaker","","","","","","","","0","184","",""
"432","Colorless","","Carth the Lion","","","","","","","","0","184","",""
"433","Colorless","","Sophia, Dogged Detective","","","","","","","","0","184","",""
"434","Colorless","","Grolnok, the Omnivore","","","","","","","","0","183","",""
"435","Colorless","","Ognis, the Dragon's Lash","","","","","","","","0","183","",""
"435","Colorless","","Jinnie Fay, Jetmir's Second","","","","","","","","0","183","",""
"437","Colorless","","Ardbert, Warrior of Darkness","","","","","","","","0","183","",""
"438","Colorless","","Thranduil, Sindarin Liege","","","","","","","","0","183","",""
"439","Colorless","","Scion of the Ur-Dragon","","","","","","","","0","182","",""
"440","Colorless","","Winter, Misanthropic Guide","","","","","","","","0","182","",""
"441","Colorless","","Okaun, Eye of Chaos // Zndrsplt, Eye of Wisdom","","","","","","","","0","181","",""
"442","Colorless","","Kwain, Itinerant Meddler","","","","","","","","0","181","",""
"443","Colorless","","Maarika, Brutal Gladiator","","","","","","","","0","181","",""
"444","Colorless","","Imotekh the Stormlord","","","","","","","","0","181","",""
"445","Colorless","","Iron Man, Titan of Innovation","","","","","","","","0","181","",""
"446","Colorless","","Kozilek, the Great Distortion","","","","","","","","0","180","",""
"447","Colorless","","Optimus Prime, Hero","","","","","","","","0","180","",""
"448","Colorless","","Eshki Dragonclaw","","","","","","","","0","180","",""
"449","Colorless","","The Emperor of Palamecia","","","","","","","","0","180","",""
"450","Colorless","","Elda, Conjurer of Spectacle","","","","","","","","0","180","",""
"451","Colorless","","The Muckslinger Gang","","","","","","","","0","179","",""
"452","Colorless","","Gargos, Vicious Watcher","","","","","","","","0","177","",""
"453","Colorless","","Sméagol, Helpful Guide","","","","","","","","0","177","",""
"454","Colorless","","Selvala, Heart of the Wilds","","","","","","","","0","176","",""
"455","Colorless","","The Lord of Pain","","","","","","","","0","176","",""
"456","Colorless","","Splinter, Radical Rat","","","","","","","","0","176","",""
"457","Colorless","","Mister Negative","","","","","","","","0","175","",""
"458","Colorless","","Noctis, Prince of Lucis","","","","","","","","0","174","",""
"459","Colorless","","Liliana the Repentant","","","","","","","","0","174","",""
"460","Colorless","","Evereth, Viceroy of Plunder","","","","","","","","0","172","",""
"461","Colorless","","Xavier Sal, Infested Captain","","","","","","","","0","171","",""
"462","Colorless","","The Master of Keys","","","","","","","","0","171","",""
"463","Colorless","","The Locust God","","","","","","","","0","170","",""
"464","Colorless","","Ratadrabik of Urborg","","","","","","","","0","170","",""
"465","Colorless","","Quandrix, the Proof","","","","","","","","0","170","",""
"466","Colorless","","Olag and Miau, New Friends","","","","","","","","0","170","",""
"467","Colorless","","Morska, Undersea Sleuth","","","","","","","","0","169","",""
"468","Colorless","","The Gitrog, Ravenous Ride","","","","","","","","0","169","",""
"469","Colorless","","Finneas, Ace Archer","","","","","","","","0","169","",""
"470","Colorless","","Arthur, Marigold Knight","","","","","","","","0","169","",""
"471","Colorless","","The Mimeoplasm","","","","","","","","0","168","",""
"472","Colorless","","Marwyn, the Nurturer","","","","","","","","0","168","",""
"473","Colorless","","Pramikon, Sky Rampart","","","","","","","","0","168","",""
"474","Colorless","","Ghired, Mirror of the Wilds","","","","","","","","0","168","",""
"475","Colorless","","Zoraline, Cosmos Caller","","","","","","","","0","168","",""
"476","Colorless","","Juri, Master of the Revue","","","","","","","","0","167","",""
"477","Colorless","","Myrkul, Lord of Bones","","","","","","","","0","167","",""
"478","Colorless","","Delney, Streetwise Lookout","","","","","","","","0","167","",""
"479","Colorless","","Marchesa, Dealer of Death","","","","","","","","0","167","",""
"480","Colorless","","Felothar, Dawn of the Abzan","","","","","","","","0","167","",""
"481","Colorless","","Syr Vondam, Sunstar Exemplar","","","","","","","","0","167","",""
"482","Colorless","","The Destined Warrior","","","","","","","","0","167","",""
"483","Colorless","","Noctis, Heir Apparent","","","","","","","","0","167","",""
"484","Colorless","","Winter, Cynical Opportunist","","","","","","","","0","166","",""
"485","Colorless","","Tuvasa the Sunlit","","","","","","","","0","165","",""
"486","Colorless","","Emry, Lurker of the Loch","","","","","","","","0","165","",""
"487","Colorless","","Kalamax, the Stormsire","","","","","","","","0","165","",""
"488","Colorless","","The Queen of Dale","","","","","","","","0","165","",""
"489","Colorless","","Emmara, Soul of the Accord","","","","","","","","0","164","",""
"490","Colorless","","Goro-Goro and Satoru","","","","","","","","0","164","",""
"491","Colorless","","Loot, Exuberant Explorer","","","","","","","","0","164","",""
"492","Colorless","","Abaddon the Despoiler","","","","","","","","0","163","",""
"493","Colorless","","Zimone and Dina","","","","","","","","0","163","",""
"494","Colorless","","Fblthp, Impossibly Lost","","","","","","","","0","163","",""
"495","Colorless","","Blor the Impervious","","","","","","","","0","162","",""
"496","Colorless","","Saskia the Unyielding","","","","","","","","0","161","",""
"497","Colorless","","Baral, Chief of Compliance","","","","","","","","0","161","",""
"498","Colorless","","Grist, the Hunger Tide","","","","","","","","0","161","",""
"499","Colorless","","Kenessos, Priest of Thassa","","","","","","","","0","161","",""
"500","Colorless","","Miles Morales","","","","","","","","0","161","",""
"501","Colorless","","Millicent, Restless Revenant","","","","","","","","0","160","",""
"502","Colorless","","Astarion, the Decadent","","","","","","","","0","160","",""
"503","Colorless","","Mr. Foxglove","","","","","","","","0","160","",""
"504","Colorless","","Talrand, Sky Summoner","","","","","","","","0","159","",""
"505","Colorless","","Chishiro, the Shattered Blade","","","","","","","","0","159","",""
"506","Colorless","","Gwenom, Remorseless","","","","","","","","0","159","",""
"507","Colorless","","Sen Triplets","","","","","","","","0","158","",""
"508","Colorless","","Jhoira, Weatherlight Captain","","","","","","","","0","158","",""
"509","Colorless","","Kadena, Slinking Sorcerer","","","","","","","","0","158","",""
"510","Colorless","","Tsagan, Raider Warlord","","","","","","","","0","158","",""
"511","Colorless","","Azusa, Lost but Seeking","","","","","","","","0","157","",""
"512","Colorless","","Skullbriar, the Walking Grave","","","","","","","","0","157","",""
"513","Colorless","","Dargo, the Shipwrecker // Tymna the Weaver","","","","","","","","0","157","",""
"514","Colorless","","Tamiyo, Upriser Crowned","","","","","","","","0","157","",""
"515","Colorless","","Karametra, God of Harvests","","","","","","","","0","156","",""
"516","Colorless","","Hinata, Dawn-Crowned","","","","","","","","0","156","",""
"517","Colorless","","Megatron, Tyrant","","","","","","","","0","156","",""
"518","Colorless","","Sami, Wildcat Captain","","","","","","","","0","156","",""
"519","Colorless","","Ezuri, Claw of Progress","","","","","","","","0","155","",""
"520","Colorless","","Thantis, the Warweaver","","","","","","","","0","155","",""
"521","Colorless","","Haldan, Avid Arcanist // Pako, Arcane Retriever","","","","","","","","0","155","",""
"522","Colorless","","Camellia, the Seedmiser","","","","","","","","0","155","",""
"523","Colorless","","Aang, at the Crossroads","","","","","","","","0","155","",""
"524","Colorless","","Muddle, the Ever-Changing","","","","","","","","0","155","",""
"525","Colorless","","Liliana the Faultless","","","","","","","","0","154","",""
"526","Colorless","","Hamza, Guardian of Arashin","","","","","","","","0","153","",""
"527","Colorless","","Dwalin, Weaponmaster","","","","","","","","0","153","",""
"528","Colorless","","Ghalta the Immovable","","","","","","","","0","153","",""
"529","Colorless","","Atarka, World Render","","","","","","","","0","152","",""
"530","Colorless","","Lynde, Cheerful Tormentor","","","","","","","","0","152","",""
"531","Colorless","","Gluntch, the Bestower","","","","","","","","0","152","",""
"532","Colorless","","Jasmine Boreal of the Seven","","","","","","","","0","152","",""
"533","Colorless","","Clement, the Worrywort","","","","","","","","0","152","",""
"534","Colorless","","Eirdu, Carrier of Dawn","","","","","","","","0","152","",""
"535","Colorless","","Baba Lysaga, Night Witch","","","","","","","","0","151","",""
"536","Colorless","","Ellivere of the Wild Court","","","","","","","","0","151","",""
"537","Colorless","","Slinza, the Spiked Stampede","","","","","","","","0","151","",""
"538","Colorless","","Tasha, the Witch Queen","","","","","","","","0","150","",""
"539","Colorless","","Riku of Many Paths","","","","","","","","0","150","",""
"539","Colorless","","Yuma, Proud Protector","","","","","","","","0","150","",""
"541","Colorless","","Alexios, Deimos of Kosmos","","","","","","","","0","150","",""
"542","Colorless","","Molecule Man","","","","","","","","0","150","",""
"543","Colorless","","Aurelia, the Warleader","","","","","","","","0","149","",""
"544","Colorless","","Anowon, the Ruin Thief","","","","","","","","0","149","",""
"545","Colorless","","Koma, Cosmos Serpent","","","","","","","","0","149","",""
"546","Colorless","","Imoti, Celebrant of Bounty","","","","","","","","0","148","",""
"547","Colorless","","Greasefang, Okiba Boss","","","","","","","","0","148","",""
"548","Colorless","","Magar of the Magic Strings","","","","","","","","0","148","",""
"549","Colorless","","Karn, Legacy Reforged","","","","","","","","0","148","",""
"550","Colorless","","Sin, Spira's Punishment","","","","","","","","0","148","",""
"551","Colorless","","Gwen Stacy","","","","","","","","0","148","",""
"552","Colorless","","Super-Skrull","","","","","","","","0","148","",""
"553","Colorless","","Reaper King","","","","","","","","0","147","",""
"554","Colorless","","Slimefoot, the Stowaway","","","","","","","","0","147","",""
"555","Colorless","","Nikya of the Old Ways","","","","","","","","0","147","",""
"556","Colorless","","Aerith Gainsborough","","","","","","","","0","147","",""
"557","Colorless","","Tamiyo, Inquisitive Student","","","","","","","","0","146","",""
"558","Colorless","","Toxrill, the Corrosive","","","","","","","","0","145","",""
"559","Colorless","","Brimaz, Blight of Oreskos","","","","","","","","0","145","",""
"560","Colorless","","Mister Fantastic","","","","","","","","0","145","",""
"561","Colorless","","Tasigur, the Golden Fang","","","","","","","","0","144","",""
"562","Colorless","","Hapatra, Vizier of Poisons","","","","","","","","0","144","",""
"563","Colorless","","Faldorn, Dread Wolf Herald","","","","","","","","0","144","",""
"564","Colorless","","Laughing Jasper Flint","","","","","","","","0","144","",""
"565","Colorless","","Teval, Arbiter of Virtue","","","","","","","","0","144","",""
"566","Colorless","","Tinybones, Trinket Thief","","","","","","","","0","143","",""
"567","Colorless","","Ruby, Daring Tracker","","","","","","","","0","143","",""
"568","Colorless","","Cayth, Famed Mechanist","","","","","","","","0","143","",""
"569","Colorless","","G'raha Tia, Scion Reborn","","","","","","","","0","143","",""
"570","Colorless","","Savra, Queen of the Golgari","","","","","","","","0","142","",""
"571","Colorless","","Narci, Fable Singer","","","","","","","","0","142","",""
"572","Colorless","","Talion, the Kindly Lord","","","","","","","","0","142","",""
"572","Colorless","","Imodane, the Pyrohammer","","","","","","","","0","142","",""
"574","Colorless","","Bruvac the Grandiloquent","","","","","","","","0","141","",""
"575","Colorless","","Davros, Dalek Creator","","","","","","","","0","141","",""
"576","Colorless","","Don Andres, the Renegade","","","","","","","","0","141","",""
"576","Colorless","","Carmen, Cruel Skymarcher","","","","","","","","0","141","",""
"578","Colorless","","Samut, Hazoret's Champion","","","","","","","","0","141","",""
"579","Colorless","","Mizzix of the Izmagnus","","","","","","","","0","140","",""
"580","Colorless","","General Ferrous Rokiric","","","","","","","","0","140","",""
"581","Colorless","","Nahiri, Forged in Fury","","","","","","","","0","140","",""
"582","Colorless","","Herigast, Erupting Nullkite","","","","","","","","0","140","",""
"583","Colorless","","Jarad, Golgari Lich Lord","","","","","","","","0","139","",""
"584","Colorless","","The Council of Four","","","","","","","","0","139","",""
"585","Colorless","","Niv-Mizzet, Visionary","","","","","","","","0","139","",""
"586","Colorless","","Aziza, Mage Tower Captain","","","","","","","","0","139","",""
"587","Colorless","","Selvala, Explorer Returned","","","","","","","","0","138","",""
"588","Colorless","","Grub, Storied Matriarch","","","","","","","","0","137","",""
"589","Colorless","","Rat King, Verminister","","","","","","","","0","137","",""
"590","Colorless","","Jan Jansen, Chaos Crafter","","","","","","","","0","136","",""
"591","Colorless","","Nelly Borca, Impulsive Accuser","","","","","","","","0","136","",""
"592","Colorless","","Arixmethes, Slumbering Isle","","","","","","","","0","135","",""
"593","Colorless","","Trelasarra, Moon Dancer","","","","","","","","0","135","",""
"594","Colorless","","Anhelo, the Painter","","","","","","","","0","135","",""
"595","Colorless","","Aerith, Last Ancient","","","","","","","","0","135","",""
"596","Colorless","","Azami, Lady of Scrolls","","","","","","","","0","134","",""
"597","Colorless","","Anje Falkenrath","","","","","","","","0","134","",""
"598","Colorless","","Zur, Eternal Schemer","","","","","","","","0","134","",""
"599","Colorless","","Heliod, the Radiant Dawn","","","","","","","","0","134","",""
"600","Colorless","","Loot, the Pathfinder","","","","","","","","0","134","",""
"601","Colorless","","Zurgo, Thunder's Decree","","","","","","","","0","134","",""
"602","Colorless","","Zethi, Arcane Blademaster","","","","","","","","0","133","",""
"603","Colorless","","Nine-Fingers Keene","","","","","","","","0","133","",""
"604","Colorless","","Anim Pakal, Thousandth Moon","","","","","","","","0","133","",""
"605","Colorless","","Ellie, Brick Master // Joel, Resolute Survivor","","","","","","","","0","133","",""
"606","Colorless","","Heliod, Sun-Crowned","","","","","","","","0","132","",""
"607","Colorless","","Asmoranomardicadaistinaculdacar","","","","","","","","0","132","",""
"608","Colorless","","Ixhel, Scion of Atraxa","","","","","","","","0","132","",""
"609","Colorless","","Sauron, Lord of the Rings","","","","","","","","0","132","",""
"610","Colorless","","Xu-Ifit, Osteoharmonist","","","","","","","","0","132","",""
"611","Colorless","","Baron Helmut Zemo","","","","","","","","0","132","",""
"612","Colorless","","Merry, Warden of Isengard // Pippin, Warden of Isengard","","","","","","","","0","130","",""
"613","Colorless","","Black Waltz No. 3","","","","","","","","0","130","",""
"614","Colorless","","Rhys the Redeemed","","","","","","","","0","129","",""
"615","Colorless","","Samwise Gamgee","","","","","","","","0","129","",""
"616","Colorless","","Agatha of the Vile Cauldron","","","","","","","","0","129","",""
"617","Colorless","","Super Shredder","","","","","","","","0","129","",""
"618","Colorless","","Ishai, Ojutai Dragonspeaker // Rograkh, Son of Rohgahh","","","","","","","","0","128","",""
"619","Colorless","","Kyler, Sigardian Emissary","","","","","","","","0","128","",""
"620","Colorless","","Tinybones, Pocket Nuisance","","","","","","","","0","128","",""
"621","Colorless","","Koth, the Geomancer","","","","","","","","0","128","",""
"622","Colorless","","Krark, the Thumbless // Sakashima of a Thousand Faces","","","","","","","","0","127","",""
"623","Colorless","","Osgir, the Reconstructor","","","","","","","","0","127","",""
"624","Colorless","","Lonis, Cryptozoologist","","","","","","","","0","127","",""
"624","Colorless","","Garth One-Eye","","","","","","","","0","127","",""
"626","Colorless","","Bruenor Battlehammer","","","","","","","","0","127","",""
"627","Colorless","","Phelia, Exuberant Shepherd","","","","","","","","0","127","",""
"628","Colorless","","Emet-Selch, Unsundered","","","","","","","","0","127","",""
"629","Colorless","","The Madcap Jester","","","","","","","","0","127","",""
"630","Colorless","","Alesha, Who Smiles at Death","","","","","","","","0","126","",""
"631","Colorless","","Silvar, Devourer of the Free // Trynn, Champion of Freedom","","","","","","","","0","126","",""
"632","Colorless","","The Watcher in the Water","","","","","","","","0","126","",""
"633","Colorless","","Massacre Girl, Known Killer","","","","","","","","0","126","",""
"634","Colorless","","Dr. Madison Li","","","","","","","","0","126","",""
"635","Colorless","","Bumi, Unleashed","","","","","","","","0","126","",""
"636","Colorless","","Itazura, Lingering Wick","","","","","","","","0","126","",""
"637","Colorless","","Minthara, Merciless Soul","","","","","","","","0","125","",""
"638","Colorless","","Magnus the Red","","","","","","","","0","125","",""
"639","Colorless","","Primo, the Unbounded","","","","","","","","0","125","",""
"640","Colorless","","Zilortha, Strength Incarnate","","","","","","","","0","124","",""
"641","Colorless","","Jared Carthalion","","","","","","","","0","124","",""
"642","Colorless","","Leonardo da Vinci","","","","","","","","0","124","",""
"643","Colorless","","Sokrates, Athenian Teacher","","","","","","","","0","124","",""
"644","Colorless","","Plagon, Lord of the Beach","","","","","","","","0","124","",""
"645","Colorless","","Vincent Valentine","","","","","","","","0","124","",""
"646","Colorless","","The Fantastic Four","","","","","","","","0","124","",""
"647","Colorless","","Maular, the Next Evolution","","","","","","","","0","124","",""
"648","Colorless","","Ganax, Astral Hunter // Acolyte of Bahamut","","","","","","","","0","123","",""
"649","Colorless","","Narset, Enlightened Master","","","","","","","","0","122","",""
"650","Colorless","","Kros, Defense Contractor","","","","","","","","0","122","",""
"651","Colorless","","Teysa, Orzhov Scion","","","","","","","","0","121","",""
"652","Colorless","","Grenzo, Dungeon Warden","","","","","","","","0","120","",""
"653","Colorless","","Taii Wakeen, Perfect Shot","","","","","","","","0","120","",""
"654","Colorless","","The Cabbage Merchant","","","","","","","","0","120","",""
"655","Colorless","","Loki, the Deceiver","","","","","","","","0","120","",""
"656","Colorless","","Seluma, Light of Aysen","","","","","","","","0","120","",""
"657","Colorless","","Darien, King of Kjeldor","","","","","","","","0","119","",""
"658","Colorless","","Kruphix, God of Horizons","","","","","","","","0","119","",""
"659","Colorless","","Belbe, Corrupted Observer","","","","","","","","0","119","",""
"659","Colorless","","Araumi of the Dead Tide","","","","","","","","0","119","",""
"661","Colorless","","Vorinclex, Monstrous Raider","","","","","","","","0","119","",""
"662","Colorless","","Cormela, Glamour Thief","","","","","","","","0","119","",""
"663","Colorless","","Oviya, Automech Artisan","","","","","","","","0","119","",""
"664","Colorless","","Ashaya, Soul of the Wild","","","","","","","","0","118","",""
"665","Colorless","","The Beamtown Bullies","","","","","","","","0","118","",""
"665","Colorless","","Oskar, Rubbish Reclaimer","","","","","","","","0","118","",""
"667","Colorless","","Karumonix, the Rat King","","","","","","","","0","118","",""
"668","Colorless","","Imskir Iron-Eater","","","","","","","","0","118","",""
"669","Colorless","","Knuckles the Echidna","","","","","","","","0","118","",""
"670","Colorless","","Chandra, Fire of Kaladesh","","","","","","","","0","117","",""
"671","Colorless","","Kresh the Bloodbraided","","","","","","","","0","116","",""
"672","Colorless","","Malik, Grim Manipulator","","","","","","","","0","116","",""
"673","Colorless","","Blim, Comedic Genius","","","","","","","","0","116","",""
"674","Colorless","","Urabrask","","","","","","","","0","116","",""
"675","Colorless","","Six","","","","","","","","0","116","",""
"676","Colorless","","Niv-Mizzet Reborn","","","","","","","","0","115","",""
"677","Colorless","","Averna, the Chaos Bloom","","","","","","","","0","115","",""
"678","Colorless","","Galazeth Prismari","","","","","","","","0","115","",""
"679","Colorless","","Abdel Adrian, Gorion's Ward // Candlekeep Sage","","","","","","","","0","115","",""
"680","Colorless","","Raphael, Fiendish Savior","","","","","","","","0","114","",""
"681","Colorless","","Maha, Its Feathers Night","","","","","","","","0","114","",""
"682","Colorless","","Gornog, the Red Reaper","","","","","","","","0","114","",""
"683","Colorless","","Heroes in a Half Shell","","","","","","","","0","114","",""
"684","Colorless","","Grizzlegom, Hurloon Hero","","","","","","","","0","114","",""
"685","Colorless","","Anzrag, the Quake-Mole","","","","","","","","0","113","",""
"686","Colorless","","The Scarlet Witch","","","","","","","","0","113","",""
"687","Colorless","","Zurgo Helmsmasher","","","","","","","","0","112","",""
"688","Colorless","","Daretti, Scrap Savant","","","","","","","","0","112","",""
"689","Colorless","","Meria, Scholar of Antiquity","","","","","","","","0","112","",""
"690","Colorless","","Jin-Gitaxias","","","","","","","","0","112","",""
"691","Colorless","","Kutzil, Malamet Exemplar","","","","","","","","0","112","",""
"692","Colorless","","Gonti, Night Minister","","","","","","","","0","112","",""
"693","Colorless","","Bilbo, Thief in the Night","","","","","","","","0","112","",""
"694","Colorless","","Ares, God of War","","","","","","","","0","112","",""
"695","Colorless","","Mogis, God of Slaughter","","","","","","","","0","111","",""
"696","Colorless","","Runo Stromkirk","","","","","","","","0","111","",""
"696","Colorless","","Halana and Alena, Partners","","","","","","","","0","111","",""
"698","Colorless","","Otharri, Suns' Glory","","","","","","","","0","111","",""
"699","Colorless","","Altaïr Ibn-La'Ahad","","","","","","","","0","111","",""
"700","Colorless","","Mayael the Anima","","","","","","","","0","110","",""
"701","Colorless","","Avacyn, Angel of Hope","","","","","","","","0","110","",""
"702","Colorless","","Elsha of the Infinite","","","","","","","","0","110","",""
"703","Colorless","","Vishgraz, the Doomhive","","","","","","","","0","110","",""
"704","Colorless","","Galadriel of Lothlórien","","","","","","","","0","110","",""
"705","Colorless","","Jiang Yanggu, Alone","","","","","","","","0","110","",""
"706","Colorless","","Muerra, Trash Tactician","","","","","","","","0","109","",""
"707","Colorless","","Grimgrin, Corpse-Born","","","","","","","","0","108","",""
"708","Colorless","","Zacama, Primal Calamity","","","","","","","","0","108","",""
"709","Colorless","","Bjorna, Nightfall Alchemist // Wernog, Rider's Chaplain","","","","","","","","0","108","",""
"710","Colorless","","Zask, Skittering Swarmlord","","","","","","","","0","108","",""
"711","Colorless","","Alesha, Who Laughs at Fate","","","","","","","","0","108","",""
"712","Colorless","","Sokka and Suki","","","","","","","","0","108","",""
"713","Colorless","","The Mighty Thor, Jane Foster","","","","","","","","0","108","",""
"714","Colorless","","Braids, Conjurer Adept","","","","","","","","0","107","",""
"715","Colorless","","Ashling, Flame Dancer","","","","","","","","0","107","",""
"716","Colorless","","Kykar, Zephyr Awakener","","","","","","","","0","107","",""
"717","Colorless","","Kami of the Crescent Moon","","","","","","","","0","106","",""
"718","Colorless","","Jolene, the Plunder Queen","","","","","","","","0","106","",""
"719","Colorless","","Vaevictis Asmadi, the Dire","","","","","","","","0","105","",""
"720","Colorless","","Treebeard, Gracious Host","","","","","","","","0","105","",""
"721","Colorless","","Liberty Prime, Recharged","","","","","","","","0","105","",""
"722","Colorless","","Loot, the Key to Everything","","","","","","","","0","105","",""
"723","Colorless","","Ardyn, the Usurper","","","","","","","","0","105","",""
"724","Colorless","","The Ghoul, Gunslinger","","","","","","","","0","105","",""
"725","Colorless","","Ashaya's Enduring Bond","","","","","","","","0","105","",""
"726","Colorless","","Cazur, Ruthless Stalker // Ukkima, Stalking Shadow","","","","","","","","0","104","",""
"726","Colorless","","Kelsien, the Plague","","","","","","","","0","104","",""
"728","Colorless","","Jorn, God of Winter","","","","","","","","0","104","",""
"729","Colorless","","Tatsunari, Toad Rider","","","","","","","","0","104","",""
"730","Colorless","","Nephilim Epochal","","","","","","","","0","104","",""
"731","Colorless","","Thrasios, Triton Hero // Vial Smasher the Fierce","","","","","","","","0","103","",""
"732","Colorless","","Chainer, Nightmare Adept","","","","","","","","0","103","",""
"733","Colorless","","Sovereign Okinec Ahau","","","","","","","","0","103","",""
"734","Colorless","","Olivia, Opulent Outlaw","","","","","","","","0","103","",""
"735","Colorless","","Thorin Oakenshield","","","","","","","","0","103","",""
"736","Colorless","","Riku of Two Reflections","","","","","","","","0","102","",""
"737","Colorless","","Admiral Beckett Brass","","","","","","","","0","102","",""
"738","Colorless","","Ghired, Conclave Exile","","","","","","","","0","102","",""
"739","Colorless","","Beledros Witherbloom","","","","","","","","0","102","",""
"740","Colorless","","Baru, Wurmspeaker","","","","","","","","0","102","",""
"741","Colorless","","Katara, Waterbending Master","","","","","","","","0","102","",""
"742","Colorless","","Wan Shi Tong, All-Knowing","","","","","","","","0","102","",""
"743","Colorless","","Jennifer Walters","","","","","","","","0","102","",""
"744","Colorless","","Thranduil the Strategist","","","","","","","","0","102","",""
"745","Colorless","","Arzakon","","","","","","","","0","102","",""
"746","Colorless","","Marath, Will of the Wild","","","","","","","","0","101","",""
"747","Colorless","","Kumena, Tyrant of Orazca","","","","","","","","0","101","",""
"748","Colorless","","Xantcha, Sleeper Agent","","","","","","","","0","101","",""
"749","Colorless","","Galea, Kindler of Hope","","","","","","","","0","101","",""
"750","Colorless","","Teysa, Opulent Oligarch","","","","","","","","0","101","",""
"751","Colorless","","Felix Five-Boots","","","","","","","","0","101","",""
"752","Colorless","","The Sentry, Golden Guardian","","","","","","","","0","101","",""
"753","Colorless","","Purphoros, God of the Forge","","","","","","","","0","100","",""
"754","Colorless","","Neheb, the Eternal","","","","","","","","0","100","",""
"755","Colorless","","Vito, Thorn of the Dusk Rose","","","","","","","","0","100","",""
"756","Colorless","","Yargle and Multani","","","","","","","","0","100","",""
"757","Colorless","","Odric, Lunarch Marshal","","","","","","","","0","99","",""
"758","Colorless","","Kathril, Aspect Warper","","","","","","","","0","99","",""
"759","Colorless","","Ajani, Nacatl Pariah","","","","","","","","0","99","",""
"760","Colorless","","Amy Rose","","","","","","","","0","99","",""
"761","Colorless","","Jhoira of the Ghitu","","","","","","","","0","98","",""
"762","Colorless","","Frodo, Sauron's Bane","","","","","","","","0","98","",""
"763","Colorless","","Rakdos, the Muscle","","","","","","","","0","98","",""
"763","Colorless","","Bonny Pall, Clearcutter","","","","","","","","0","98","",""
"765","Colorless","","Cloud, Planet's Champion","","","","","","","","0","98","",""
"766","Colorless","","Tellah, Great Sage","","","","","","","","0","98","",""
"767","Colorless","","Roon of the Hidden Realm","","","","","","","","0","97","",""
"768","Colorless","","Zirda, the Dawnwaker","","","","","","","","0","97","",""
"769","Colorless","","Muxus, Goblin Grandee","","","","","","","","0","97","",""
"770","Colorless","","Kediss, Emberclaw Familiar // Malcolm, Keen-Eyed Navigator","","","","","","","","0","97","",""
"771","Colorless","","Adeline, Resplendent Cathar","","","","","","","","0","97","",""
"772","Colorless","","Evelyn, the Covetous","","","","","","","","0","97","",""
"772","Colorless","","Falco Spara, Pactweaver","","","","","","","","0","97","",""
"774","Colorless","","Ivy, Gleeful Spellthief","","","","","","","","0","97","",""
"775","Colorless","","Will, Scion of Peace","","","","","","","","0","97","",""
"776","Colorless","","Owen Grady, Raptor Trainer // Blue, Loyal Raptor","","","","","","","","0","97","",""
"777","Colorless","","Black Panther, Wakandan King","","","","","","","","0","97","",""
"778","Colorless","","Dionus, Elvish Archdruid","","","","","","","","0","97","",""
"779","Colorless","","Iroh, Tea Master","","","","","","","","0","97","",""
"780","Colorless","","Gimbal, Gremlin Prodigy","","","","","","","","0","96","",""
"781","Colorless","","Garnet, Princess of Alexandria","","","","","","","","0","96","",""
"782","Colorless","","Rafiq of the Many","","","","","","","","0","95","",""
"783","Colorless","","Progenitus","","","","","","","","0","95","",""
"784","Colorless","","Rashmi and Ragavan","","","","","","","","0","95","",""
"784","Colorless","","Errant and Giada","","","","","","","","0","95","",""
"786","Colorless","","Yenna, Redtooth Regent","","","","","","","","0","95","",""
"787","Colorless","","Lilah, Undefeated Slickshot","","","","","","","","0","95","",""
"788","Colorless","","Aphelia, Viper Whisperer","","","","","","","","0","95","",""
"789","Colorless","","The Master, Transcendent","","","","","","","","0","94","",""
"790","Colorless","","Mm'menon, the Right Hand","","","","","","","","0","94","",""
"791","Colorless","","The Earth King","","","","","","","","0","94","",""
"792","Colorless","","Moseo, Vein's New Dean","","","","","","","","0","94","",""
"793","Colorless","","Whiplash, Vengeful Engineer","","","","","","","","0","94","",""
"794","Colorless","","Karona, False God","","","","","","","","0","93","",""
"795","Colorless","","Illuna, Apex of Wishes","","","","","","","","0","93","",""
"796","Colorless","","Slicer, Hired Muscle","","","","","","","","0","93","",""
"797","Colorless","","River Song","","","","","","","","0","93","",""
"798","Colorless","","Shiko, Paragon of the Way","","","","","","","","0","93","",""
"799","Colorless","","Olinda the Oblivious","","","","","","","","0","93","",""
"800","Colorless","","Doran, the Siege Tower","","","","","","","","0","92","",""
"801","Colorless","","The Tenth Doctor // Rose Tyler","","","","","","","","0","92","",""
"801","Colorless","","Sergeant John Benton","","","","","","","","0","92","",""
"803","Colorless","","Samut, the Driving Force","","","","","","","","0","92","",""
"804","Colorless","","Nathan Drake, Treasure Hunter","","","","","","","","0","92","",""
"805","Colorless","","Garland, Royal Kidnapper","","","","","","","","0","92","",""
"806","Colorless","","Abigale, Eloquent First-Year","","","","","","","","0","92","",""
"807","Colorless","","Thor, God of Thunder","","","","","","","","0","92","",""
"808","Colorless","","Omnath, Locus of the Roil","","","","","","","","0","91","",""
"809","Colorless","","Gavi, Nest Warden","","","","","","","","0","91","",""
"810","Colorless","","Ranar the Ever-Watchful","","","","","","","","0","91","",""
"811","Colorless","","Octavia, Living Thesis","","","","","","","","0","91","",""
"812","Colorless","","King of the Oathbreakers","","","","","","","","0","91","",""
"813","Colorless","","Commander Mustard","","","","","","","","0","91","",""
"814","Colorless","","The Capitoline Triad","","","","","","","","0","91","",""
"815","Colorless","","Dragonhawk, Fate's Tempest","","","","","","","","0","91","",""
"816","Colorless","","Mazirek, Kraul Death Priest","","","","","","","","0","90","",""
"817","Colorless","","Urza, Lord Protector","","","","","","","","0","90","",""
"818","Colorless","","The Ancient One","","","","","","","","0","90","",""
"819","Colorless","","Eriette, the Beguiler","","","","","","","","0","90","",""
"819","Colorless","","Eris, Roar of the Storm","","","","","","","","0","90","",""
"821","Colorless","","Zidane, Tantalus Thief","","","","","","","","0","90","",""
"822","Colorless","","Arcum Dagsson","","","","","","","","0","89","",""
"823","Colorless","","Alena, Kessig Trapper // Gilanra, Caller of Wirewood","","","","","","","","0","89","",""
"824","Colorless","","Dyadrine, Synthesis Amalgam","","","","","","","","0","89","",""
"825","Colorless","","Captain America, Living Legend","","","","","","","","0","89","",""
"826","Colorless","","Ultron, Unlimited","","","","","","","","0","89","",""
"827","Colorless","","Titania, Protector of Argoth","","","","","","","","0","88","",""
"828","Colorless","","Estrid, the Masked","","","","","","","","0","88","",""
"829","Colorless","","Neera, Wild Mage","","","","","","","","0","88","",""
"830","Colorless","","Zul Ashur, Lich Lord","","","","","","","","0","88","",""
"831","Colorless","","Electro, Assaulting Battery","","","","","","","","0","88","",""
"832","Colorless","","Lyra, Archangel of Dawn","","","","","","","","0","88","",""
"833","Colorless","","Venser, Fervent Forger","","","","","","","","0","88","",""
"834","Colorless","","Uril, the Miststalker","","","","","","","","0","87","",""
"835","Colorless","","Volrath, the Shapestealer","","","","","","","","0","87","",""
"836","Colorless","","Torbran, Thane of Red Fell","","","","","","","","0","87","",""
"837","Colorless","","Brallin, Skyshark Rider // Shabraz, the Skyshark","","","","","","","","0","87","",""
"838","Colorless","","Archelos, Lagoon Mystic","","","","","","","","0","87","",""
"839","Colorless","","Yedora, Grave Gardener","","","","","","","","0","87","",""
"840","Colorless","","Vadrik, Astral Archmage","","","","","","","","0","87","",""
"841","Colorless","","Elenda and Azor","","","","","","","","0","87","",""
"842","Colorless","","The Master, Multiplied","","","","","","","","0","87","",""
"843","Colorless","","Thurid, Mare of Destiny","","","","","","","","0","87","",""
"844","Colorless","","Leonardo, the Balance // Raphael, the Muscle","","","","","","","","0","87","",""
"845","Colorless","","Rielle, the Everwise","","","","","","","","0","86","",""
"846","Colorless","","Liesa, Forgotten Archangel","","","","","","","","0","86","",""
"847","Colorless","","Cadira, Caller of the Small","","","","","","","","0","86","",""
"848","Colorless","","Ashcoat of the Shadow Swarm","","","","","","","","0","86","",""
"848","Colorless","","Preston, the Vanisher","","","","","","","","0","86","",""
"850","Colorless","","Zenos yae Galvus","","","","","","","","0","86","",""
"851","Colorless","","Vazi, Keen Negotiator","","","","","","","","0","85","",""
"851","Colorless","","Kamiz, Obscura Oculus","","","","","","","","0","85","",""
"853","Colorless","","Jhoira, Ageless Innovator","","","","","","","","0","85","",""
"854","Colorless","","Gix, Yawgmoth Praetor","","","","","","","","0","85","",""
"855","Colorless","","Joshua, Phoenix's Dominant","","","","","","","","0","85","",""
"856","Colorless","","Borborygmos Enraged","","","","","","","","0","84","",""
"857","Colorless","","Myra the Magnificent","","","","","","","","0","84","",""
"858","Colorless","","Kasla, the Broken Halo","","","","","","","","0","84","",""
"859","Colorless","","Tetzin, Gnome Champion","","","","","","","","0","84","",""
"859","Colorless","","Bartolomé del Presidio","","","","","","","","0","84","",""
"861","Colorless","","Sephiroth, Fallen Hero","","","","","","","","0","84","",""
"862","Colorless","","Tameshi, Reality Architect","","","","","","","","0","83","",""
"863","Colorless","","Gandalf of the Secret Fire","","","","","","","","0","83","",""
"864","Colorless","","Ian Malcolm, Chaotician","","","","","","","","0","83","",""
"865","Colorless","","Elenda, Saint of Dusk","","","","","","","","0","83","",""
"866","Colorless","","Alisaie Leveilleur // Alphinaud Leveilleur","","","","","","","","0","83","",""
"867","Colorless","","Horobi, Death's Wail","","","","","","","","0","82","",""
"868","Colorless","","Sharuum the Hegemon","","","","","","","","0","82","",""
"869","Colorless","","Ephara, God of the Polis","","","","","","","","0","82","",""
"870","Colorless","","Malcolm, Keen-Eyed Navigator // Vial Smasher the Fierce","","","","","","","","0","82","",""
"871","Colorless","","Firesong and Sunspeaker","","","","","","","","0","82","",""
"872","Colorless","","Orah, Skyclave Hierophant","","","","","","","","0","82","",""
"873","Colorless","","Jared Carthalion, True Heir","","","","","","","","0","82","",""
"874","Colorless","","Xira, the Golden Sting","","","","","","","","0","82","",""
"875","Colorless","","Gogo, Master of Mimicry","","","","","","","","0","82","",""
"876","Colorless","","Squall, Gunblade Duelist","","","","","","","","0","82","",""
"877","Colorless","","Glissa, the Traitor","","","","","","","","0","81","",""
"878","Colorless","","Old Stickfingers","","","","","","","","0","81","",""
"879","Colorless","","Balmor, Battlemage Captain","","","","","","","","0","81","",""
"880","Colorless","","Taskmaster, Mercenary Mimic","","","","","","","","0","81","",""
"881","Colorless","","Zevlor, Elturel Exile","","","","","","","","0","80","",""
"882","Colorless","","Yarus, Roar of the Old Gods","","","","","","","","0","80","",""
"883","Colorless","","Zimone, Paradox Sculptor","","","","","","","","0","80","",""
"884","Colorless","","Toph, Greatest Earthbender","","","","","","","","0","80","",""
"885","Colorless","","Gandalf, Goblins' Bane","","","","","","","","0","80","",""
"886","Colorless","","Jandor, Fortuned Traveler","","","","","","","","0","80","",""
"887","Colorless","","Phage the Untouchable","","","","","","","","0","79","",""
"888","Colorless","","Reyhan, Last of the Abzan // Yoshimaru, Ever Faithful","","","","","","","","0","79","",""
"889","Colorless","","Gyruda, Doom of Depths","","","","","","","","0","79","",""
"890","Colorless","","Burakos, Party Leader // Folk Hero","","","","","","","","0","79","",""
"891","Colorless","","Tinybones, the Pickpocket","","","","","","","","0","79","",""
"892","Colorless","","Grist, Voracious Larva","","","","","","","","0","79","",""
"893","Colorless","","Emet-Selch of the Third Seat","","","","","","","","0","79","",""
"894","Colorless","","Willie Lumpkin, Postman","","","","","","","","0","79","",""
"895","Colorless","","Balan, Wandering Knight","","","","","","","","0","78","",""
"896","Colorless","","Kethis, the Hidden Hand","","","","","","","","0","78","",""
"897","Colorless","","Zurzoth, Chaos Rider","","","","","","","","0","78","",""
"898","Colorless","","Gyome, Master Chef","","","","","","","","0","78","",""
"898","Colorless","","Shadrix Silverquill","","","","","","","","0","78","",""
"900","Colorless","","Katilda, Dawnhart Prime","","","","","","","","0","78","",""
"901","Colorless","","Olivia, Crimson Bride","","","","","","","","0","78","",""
"902","Colorless","","Shanna, Purifying Blade","","","","","","","","0","78","",""
"903","Colorless","","Rona, Herald of Invasion","","","","","","","","0","78","",""
"904","Colorless","","Rukarumel, Biologist","","","","","","","","0","78","",""
"905","Colorless","","Etrata, Deadly Fugitive","","","","","","","","0","78","",""
"906","Colorless","","Lyse Hext","","","","","","","","0","78","",""
"907","Colorless","","The Master of Lake-town","","","","","","","","0","78","",""
"908","Colorless","","Lyna, Veil of Vengeance","","","","","","","","0","78","",""
"908","Colorless","","Zagorka, Mother of Sanctum","","","","","","","","0","78","",""
"910","Colorless","","Ruxa, Patient Professor","","","","","","","","0","77","",""
"911","Colorless","","Me, the Immortal","","","","","","","","0","77","",""
"912","Colorless","","Scriv, the Obligator","","","","","","","","0","77","",""
"913","Colorless","","Shang-Chi, Master of Kung Fu","","","","","","","","0","77","",""
"914","Colorless","","Samut, Tyrant of Naktamun","","","","","","","","0","77","",""
"915","Colorless","","Endrek Sahr, Master Breeder","","","","","","","","0","76","",""
"916","Colorless","","Kroxa, Titan of Death's Hunger","","","","","","","","0","76","",""
"917","Colorless","","Esix, Fractal Bloom","","","","","","","","0","76","",""
"918","Colorless","","Alandra, Sky Dreamer","","","","","","","","0","76","",""
"919","Colorless","","Valgavoth, Terror Eater","","","","","","","","0","76","",""
"920","Colorless","","Minwu, White Mage","","","","","","","","0","76","",""
"921","Colorless","","Grothama, All-Devouring","","","","","","","","0","75","",""
"922","Colorless","","Obuun, Mul Daya Ancestor","","","","","","","","0","75","",""
"923","Colorless","","Svella, Ice Shaper","","","","","","","","0","75","",""
"924","Colorless","","Inquisitor Greyfax","","","","","","","","0","75","",""
"925","Colorless","","Elesh Norn","","","","","","","","0","75","",""
"926","Colorless","","Rionya, Fire Dancer","","","","","","","","0","74","",""
"927","Colorless","","Ragavan, Nimble Pilferer","","","","","","","","0","74","",""
"928","Colorless","","Calix, Guided by Fate","","","","","","","","0","74","",""
"929","Colorless","","Legolas, Master Archer","","","","","","","","0","74","",""
"930","Colorless","","Leori, Sparktouched Hunter","","","","","","","","0","74","",""
"931","Colorless","","Wildsear, Scouring Maw","","","","","","","","0","74","",""
"932","Colorless","","Rev, Tithe Extractor","","","","","","","","0","74","",""
"933","Colorless","","Lucy MacLean, Positively Armed","","","","","","","","0","74","",""
"934","Colorless","","Sydri, Galvanic Genius","","","","","","","","0","73","",""
"935","Colorless","","Sarulf, Realm Eater","","","","","","","","0","73","",""
"936","Colorless","","Chiss-Goria, Forge Tyrant","","","","","","","","0","73","",""
"937","Colorless","","Niv-Mizzet, Guildpact","","","","","","","","0","73","",""
"937","Colorless","","Aurelia, the Law Above","","","","","","","","0","73","",""
"939","Colorless","","Mog, Moogle Warrior","","","","","","","","0","73","",""
"940","Colorless","","Dark Leo & Shredder","","","","","","","","0","73","",""
"941","Colorless","","Gorma, the Gullet","","","","","","","","0","73","",""
"942","Colorless","","Unesh, Criosphinx Sovereign","","","","","","","","0","72","",""
"943","Colorless","","Mishra, Claimed by Gix","","","","","","","","0","72","",""
"943","Colorless","","Ashnod, Flesh Mechanist","","","","","","","","0","72","",""
"945","Colorless","","Pia Nalaar, Consul of Revival","","","","","","","","0","72","",""
"946","Colorless","","Círdan the Shipwright","","","","","","","","0","72","",""
"947","Colorless","","Monk Gyatso","","","","","","","","0","72","",""
"948","Colorless","","Belladonna Took","","","","","","","","0","72","",""
"949","Colorless","","The Unluckiest Planeswalker","","","","","","","","0","72","",""
"950","Colorless","","Jeleva, Nephalia's Scourge","","","","","","","","0","71","",""
"951","Colorless","","Feldon of the Third Path","","","","","","","","0","71","",""
"952","Colorless","","Hogaak, Arisen Necropolis","","","","","","","","0","71","",""
"953","Colorless","","Lurrus of the Dream-Den","","","","","","","","0","71","",""
"954","Colorless","","Klauth, Unrivaled Ancient","","","","","","","","0","71","",""
"955","Colorless","","Titania, Nature's Force","","","","","","","","0","71","",""
"956","Colorless","","Tyvar the Bellicose","","","","","","","","0","71","",""
"957","Colorless","","Aragorn, Hornburg Hero","","","","","","","","0","71","",""
"958","Colorless","","Jyoti, Moag Ancient","","","","","","","","0","71","",""
"959","Colorless","","Miles ""Tails"" Prower","","","","","","","","0","71","",""
"960","Colorless","","Mass of Mysteries","","","","","","","","0","71","",""
"961","Colorless","","Karolina Dean, Runaway","","","","","","","","0","71","",""
"962","Colorless","","Merieke Ri Berit","","","","","","","","0","70","",""
"963","Colorless","","Gisela, Blade of Goldnight","","","","","","","","0","70","",""
"964","Colorless","","Vrondiss, Rage of Ancients","","","","","","","","0","70","",""
"965","Colorless","","Ganax, Astral Hunter // Feywild Visitor","","","","","","","","0","70","",""
"966","Colorless","","Shanid, Sleepers' Scourge","","","","","","","","0","70","",""
"967","Colorless","","Gandalf the White","","","","","","","","0","70","",""
"968","Colorless","","Dawnsire, Sunstar Dreadnought","","","","","","","","0","70","",""
"969","Colorless","","Thromok the Insatiable","","","","","","","","0","69","",""
"970","Colorless","","Traxos, Scourge of Kroog","","","","","","","","0","69","",""
"971","Colorless","","Jenson Carthalion, Druid Exile","","","","","","","","0","69","",""
"972","Colorless","","Polukranos Reborn","","","","","","","","0","69","",""
"973","Colorless","","Sephiroth, Planet's Heir","","","","","","","","0","69","",""
"974","Colorless","","The Everforger","","","","","","","","0","69","",""
"975","Colorless","","Mabel, Valley Hero","","","","","","","","0","69","",""
"976","Colorless","","Memnarch, the Warden","","","","","","","","0","69","",""
"977","Colorless","","Iroas, God of Victory","","","","","","","","0","68","",""
"978","Colorless","","Mathas, Fiend Seeker","","","","","","","","0","68","",""
"979","Colorless","","Breeches, Brazen Plunderer // Malcolm, Keen-Eyed Navigator","","","","","","","","0","68","",""
"980","Colorless","","Aeve, Progenitor Ooze","","","","","","","","0","68","",""
"981","Colorless","","Delina, Wild Mage","","","","","","","","0","68","",""
"982","Colorless","","The Howling Abomination","","","","","","","","0","68","",""
"983","Colorless","","Sab-Sunen, Luxa Embodied","","","","","","","","0","68","",""
"984","Colorless","","Doctor Doom","","","","","","","","0","68","",""
"985","Colorless","","Phelddagrif","","","","","","","","0","67","",""
"986","Colorless","","Captain Sisay","","","","","","","","0","67","",""
"987","Colorless","","Lazav, Dimir Mastermind","","","","","","","","0","67","",""
"988","Colorless","","Sliver Hivelord","","","","","","","","0","67","",""
"989","Colorless","","Otrimi, the Ever-Playful","","","","","","","","0","67","",""
"990","Colorless","","Alaundo the Seer","","","","","","","","0","67","",""
"991","Colorless","","Ashnod the Uncaring","","","","","","","","0","67","",""
"992","Colorless","","Graaz, Unstoppable Juggernaut","","","","","","","","0","67","",""
"993","Colorless","","The Celestial Toymaker","","","","","","","","0","67","",""
"994","Colorless","","Gilgamesh, Master-at-Arms","","","","","","","","0","67","",""
"995","Colorless","","Mica, Reader of Ruins","","","","","","","","0","67","",""
"996","Colorless","","Council of Reeds","","","","","","","","0","67","",""
"997","Colorless","","Titanbones, Towering Heart","","","","","","","","0","67","",""
"998","Colorless","","Damia, Sage of Stone","","","","","","","","0","66","",""
"999","Colorless","","Bruna, Light of Alabaster","","","","","","","","0","66","",""
"1000","Colorless","","Saheeli, the Gifted","","","","","","","","0","66","",""
"1001","Colorless","","Lavinia, Azorius Renegade","","","","","","","","0","66","",""
"1002","Colorless","","Felisa, Fang of Silverquill","","","","","","","","0","66","",""
"1002","Colorless","","Alibou, Ancient Witness","","","","","","","","0","66","",""
"1004","Colorless","","Raiyuu, Storm's Edge","","","","","","","","0","66","",""
"1005","Colorless","","Bright-Palm, Soul Awakener","","","","","","","","0","66","",""
"1006","Colorless","","The Rani","","","","","","","","0","66","",""
"1007","Colorless","","Princess Yue","","","","","","","","0","66","",""
"1008","Colorless","","Lluwen, Imperfect Naturalist","","","","","","","","0","66","",""
"1009","Colorless","","Wort, the Raidmother","","","","","","","","0","65","",""
"1010","Colorless","","Skithiryx, the Blight Dragon","","","","","","","","0","65","",""
"1011","Colorless","","General Tazri","","","","","","","","0","65","",""
"1012","Colorless","","Pir, Imaginative Rascal // Toothy, Imaginary Friend","","","","","","","","0","65","",""
"1013","Colorless","","Keleth, Sunmane Familiar // Yoshimaru, Ever Faithful","","","","","","","","0","65","",""
"1014","Colorless","","Lotho, Corrupt Shirriff","","","","","","","","0","65","",""
"1015","Colorless","","Lara Croft, Tomb Raider","","","","","","","","0","65","",""
"1016","Colorless","","Kirri, Talented Sprout","","","","","","","","0","65","",""
"1017","Colorless","","Cecil, Dark Knight","","","","","","","","0","65","",""
"1018","Colorless","","Invisible Woman","","","","","","","","0","65","",""
"1019","Colorless","","Samut, Voice of Dissent","","","","","","","","0","64","",""
"1020","Colorless","","God-Eternal Oketra","","","","","","","","0","64","",""
"1021","Colorless","","Uro, Titan of Nature's Wrath","","","","","","","","0","64","",""
"1021","Colorless","","Gallia of the Endless Dance","","","","","","","","0","64","",""
"1023","Colorless","","Neyith of the Dire Hunt","","","","","","","","0","64","",""
"1024","Colorless","","Calamity, Galloping Inferno","","","","","","","","0","64","",""
"1025","Colorless","","Arahbo, the First Fang","","","","","","","","0","64","",""
"1026","Colorless","","Spider-Man 2099","","","","","","","","0","64","",""
"1027","Colorless","","Abigale, Poet Laureate","","","","","","","","0","64","",""
"1028","Colorless","","Yume, Chronicler of Valor","","","","","","","","0","64","",""
"1029","Colorless","","Memnarch","","","","","","","","0","63","",""
"1030","Colorless","","Brion Stoutarm","","","","","","","","0","63","",""
"1031","Colorless","","Greymond, Avacyn's Stalwart","","","","","","","","0","63","",""
"1032","Colorless","","Gor Muldrak, Amphinologist","","","","","","","","0","63","",""
"1033","Colorless","","Syrix, Carrier of the Flame","","","","","","","","0","63","",""
"1033","Colorless","","Lord Xander, the Collector","","","","","","","","0","63","",""
"1035","Colorless","","Tor Wauki the Younger","","","","","","","","0","63","",""
"1036","Colorless","","The Most Dangerous Gamer","","","","","","","","0","63","",""
"1037","Colorless","","Glissa Sunslayer","","","","","","","","0","63","",""
"1038","Colorless","","Balthier and Fran","","","","","","","","0","63","",""
"1039","Colorless","","Avatar Roku, Firebender","","","","","","","","0","63","",""
"1040","Colorless","","Kiora of Salt and Sand","","","","","","","","0","63","",""
"1041","Colorless","","Chainer, Dementia Master","","","","","","","","0","62","",""
"1042","Colorless","","Edric, Spymaster of Trest","","","","","","","","0","62","",""
"1043","Colorless","","Olivia Voldaren","","","","","","","","0","62","",""
"1044","Colorless","","Licia, Sanguine Tribune","","","","","","","","0","62","",""
"1045","Colorless","","Etali, Primal Storm","","","","","","","","0","62","",""
"1046","Colorless","","Zabaz, the Glimmerwasp","","","","","","","","0","62","",""
"1047","Colorless","","Tetsuo, Imperial Champion","","","","","","","","0","62","",""
"1048","Colorless","","The Balrog, Durin's Bane","","","","","","","","0","62","",""
"1049","Colorless","","Xolatoyac, the Smiling Flood","","","","","","","","0","62","",""
"1050","Colorless","","The Pride of Hull Clade","","","","","","","","0","62","",""
"1051","Colorless","","Eladamri, Korvecdal","","","","","","","","0","62","",""
"1052","Colorless","","Y'shtola Rhul","","","","","","","","0","62","",""
"1053","Colorless","","Ezuri, Renegade Leader","","","","","","","","0","61","",""
"1054","Colorless","","Ghen, Arcanum Weaver","","","","","","","","0","61","",""
"1055","Colorless","","Aegar, the Freezing Flame","","","","","","","","0","61","",""
"1056","Colorless","","Nalia de'Arnise","","","","","","","","0","61","",""
"1057","Colorless","","Vohar, Vodalian Desecrator","","","","","","","","0","61","",""
"1058","Colorless","","Niv-Mizzet, Supreme","","","","","","","","0","61","",""
"1059","Colorless","","The Lord of the Eagles","","","","","","","","0","61","",""
"1060","Colorless","","Edgar, Moonlit Sovereign","","","","","","","","0","61","",""
"1061","Colorless","","Grismold, the Dreadsower","","","","","","","","0","60","",""
"1062","Colorless","","Yorion, Sky Nomad","","","","","","","","0","60","",""
"1063","Colorless","","Oswald Fiddlebender","","","","","","","","0","60","",""
"1064","Colorless","","Gale, Waterdeep Prodigy // Scion of Halaster","","","","","","","","0","60","",""
"1065","Colorless","","Runadi, Behemoth Caller","","","","","","","","0","60","",""
"1066","Colorless","","Amarant Coral","","","","","","","","0","60","",""
"1067","Colorless","","April O'Neil, Live on the Scene // Leonardo, the Balance","","","","","","","","0","60","",""
"1068","Colorless","","Daredevil, Man Without Fear","","","","","","","","0","60","",""
"1069","Colorless","","Doctor Doom, Unrivaled","","","","","","","","0","60","",""
"1070","Colorless","","Wort, Boggart Auntie","","","","","","","","0","59","",""
"1071","Colorless","","Thraximundar","","","","","","","","0","59","",""
"1072","Colorless","","Ruhan of the Fomori","","","","","","","","0","59","",""
"1073","Colorless","","Rashmi, Eternities Crafter","","","","","","","","0","59","",""
"1074","Colorless","","Rograkh, Son of Rohgahh // Yoshimaru, Ever Faithful","","","","","","","","0","59","",""
"1075","Colorless","","Lagrella, the Magpie","","","","","","","","0","59","",""
"1076","Colorless","","Firkraag, Cunning Instigator","","","","","","","","0","59","",""
"1077","Colorless","","Soul of Windgrace","","","","","","","","0","59","",""
"1078","Colorless","","Trostani, Three Whispers","","","","","","","","0","59","",""
"1079","Colorless","","Feroz, Ulgrotha's Warden","","","","","","","","0","59","",""
"1080","Colorless","","Lae'zel, Vlaakith's Champion // Master Chef","","","","","","","","0","58","",""
"1081","Colorless","","Hidetsugu and Kairi","","","","","","","","0","58","",""
"1082","Colorless","","Cynette, Jelly Drover","","","","","","","","0","58","",""
"1083","Colorless","","Nissa, Worldsoul Speaker","","","","","","","","0","58","",""
"1084","Colorless","","Aang and Katara","","","","","","","","0","58","",""
"1085","Colorless","","Longshot, Rebel Bowman","","","","","","","","0","58","",""
"1086","Colorless","","Winter Soldier, Icy Assassin","","","","","","","","0","58","",""
"1087","Colorless","","Kuroki, Thief of Talents","","","","","","","","0","58","",""
"1088","Colorless","","Bruna, the Fading Light","","","","","","","","0","57","",""
"1089","Colorless","","Baeloth Barrityl, Entertainer // Noble Heritage","","","","","","","","0","57","",""
"1090","Colorless","","Urza, Prince of Kroog","","","","","","","","0","57","",""
"1091","Colorless","","Tekuthal, Inquiry Dominus","","","","","","","","0","57","",""
"1092","Colorless","","Aclazotz, Deepest Betrayal","","","","","","","","0","57","",""
"1093","Colorless","","Koma, World-Eater","","","","","","","","0","57","",""
"1094","Colorless","","Kraven the Hunter","","","","","","","","0","57","",""
"1095","Colorless","","Sanar, Unfinished Genius","","","","","","","","0","57","",""
"1096","Colorless","","Scarlet Witch, Chaotic Avenger","","","","","","","","0","57","",""
"1097","Colorless","","Radha, Heir to Keld","","","","","","","","0","56","",""
"1098","Colorless","","Sedris, the Traitor King","","","","","","","","0","56","",""
"1099","Colorless","","Yisan, the Wanderer Bard","","","","","","","","0","56","",""
"1100","Colorless","","Freyalise, Llanowar's Fury","","","","","","","","0","56","",""
"1101","Colorless","","Wyleth, Soul of Steel","","","","","","","","0","56","",""
"1102","Colorless","","Killian, Ink Duelist","","","","","","","","0","56","",""
"1103","Colorless","","Tadeas, Juniper Ascendant","","","","","","","","0","56","",""
"1104","Colorless","","Greensleeves, Maro-Sorcerer","","","","","","","","0","56","",""
"1105","Colorless","","The Swarmlord","","","","","","","","0","56","",""
"1106","Colorless","","Abby, Merciless Soldier // Ellie, Vengeful Hunter","","","","","","","","0","56","",""
"1107","Colorless","","Storm, Windrider","","","","","","","","0","56","",""
"1108","Colorless","","Mirri, Weatherlight Duelist","","","","","","","","0","55","",""
"1109","Colorless","","Athreos, Shroud-Veiled","","","","","","","","0","55","",""
"1110","Colorless","","Francisco, Fowl Marauder // Malcolm, Keen-Eyed Navigator","","","","","","","","0","55","",""
"1111","Colorless","","Mr. Orfeo, the Boulder","","","","","","","","0","55","",""
"1112","Colorless","","Khârn the Betrayer","","","","","","","","0","55","",""
"1113","Colorless","","Sarkhan, Dragon Ascendant","","","","","","","","0","55","",""
"1114","Colorless","","Haliya, Guided by Light","","","","","","","","0","55","",""
"1115","Colorless","","Momo, Friendly Flier","","","","","","","","0","55","",""
"1116","Colorless","","Sygg, Wanderwine Wisdom","","","","","","","","0","55","",""
"1117","Colorless","","Berta, Wise Extrapolator","","","","","","","","0","55","",""
"1118","Colorless","","Daredevil, Fearless Fighter","","","","","","","","0","55","",""
"1119","Colorless","","Jalira, Master Polymorphist","","","","","","","","0","54","",""
"1120","Colorless","","Hofri Ghostforge","","","","","","","","0","54","",""
"1121","Colorless","","Gretchen Titchwillow","","","","","","","","0","54","",""
"1122","Colorless","","Cecily, Haunted Mage // Othelm, Sigardian Outcast","","","","","","","","0","54","",""
"1123","Colorless","","Toluz, Clever Conductor","","","","","","","","0","54","",""
"1124","Colorless","","Erinis, Gloom Stalker // Street Urchin","","","","","","","","0","54","",""
"1125","Colorless","","Ghalta and Mavren","","","","","","","","0","54","",""
"1126","Colorless","","Jolrael, Voice of Zhalfir","","","","","","","","0","54","",""
"1127","Colorless","","Vannifar, Evolved Enigma","","","","","","","","0","54","",""
"1128","Colorless","","Hermes, Overseer of Elpis","","","","","","","","0","54","",""
"1129","Colorless","","Nico Minoru, Runaway","","","","","","","","0","54","",""
"1130","Colorless","","Akiri, Line-Slinger // Thrasios, Triton Hero","","","","","","","","0","53","",""
"1131","Colorless","","Tetsuko Umezawa, Fugitive","","","","","","","","0","53","",""
"1132","Colorless","","Xanathar, Guild Kingpin","","","","","","","","0","53","",""
"1133","Colorless","","Sivitri, Dragon Master","","","","","","","","0","53","",""
"1133","Colorless","","General Marhault Elsdragon","","","","","","","","0","53","",""
"1135","Colorless","","Liberator, Urza's Battlethopter","","","","","","","","0","53","",""
"1136","Colorless","","Nissa, Resurgent Animist","","","","","","","","0","53","",""
"1137","Colorless","","Kellan, the Fae-Blooded","","","","","","","","0","53","",""
"1138","Colorless","","Dion, Bahamut's Dominant","","","","","","","","0","53","",""
"1139","Colorless","","Horde of Notions","","","","","","","","0","52","",""
"1140","Colorless","","Malcolm, Keen-Eyed Navigator // Tymna the Weaver","","","","","","","","0","52","",""
"1141","Colorless","","Mairsil, the Pretender","","","","","","","","0","52","",""
"1142","Colorless","","Chromium, the Mutable","","","","","","","","0","52","",""
"1143","Colorless","","Inniaz, the Gale Force","","","","","","","","0","52","",""
"1144","Colorless","","Thalisse, Reverent Medium","","","","","","","","0","52","",""
"1145","Colorless","","Karazikar, the Eye Tyrant","","","","","","","","0","52","",""
"1146","Colorless","","Kosei, Penitent Warlord","","","","","","","","0","52","",""
"1147","Colorless","","Shadowheart, Dark Justiciar // Master Chef","","","","","","","","0","52","",""
"1148","Colorless","","Queen Kayla bin-Kroog","","","","","","","","0","52","",""
"1148","Colorless","","Tocasia, Dig Site Mentor","","","","","","","","0","52","",""
"1150","Colorless","","Vraska, the Silencer","","","","","","","","0","52","",""
"1151","Colorless","","Ratonhnhaké꞉ton","","","","","","","","0","52","",""
"1152","Colorless","","Absolute Virtue","","","","","","","","0","52","",""
"1153","Colorless","","Setzer, Wandering Gambler","","","","","","","","0","52","",""
"1154","Colorless","","Ultron the Annihilator","","","","","","","","0","52","",""
"1155","Colorless","","Selenia, the Cursed Heart","","","","","","","","0","52","",""
"1156","Colorless","","Zo-Zu the Punisher","","","","","","","","0","51","",""
"1157","Colorless","","Sygg, River Cutthroat","","","","","","","","0","51","",""
"1158","Colorless","","Yeva, Nature's Herald","","","","","","","","0","51","",""
"1159","Colorless","","Tana, the Bloodsower // Tymna the Weaver","","","","","","","","0","51","",""
"1160","Colorless","","Etrata, the Silencer","","","","","","","","0","51","",""
"1161","Colorless","","Klothys, God of Destiny","","","","","","","","0","51","",""
"1162","Colorless","","Phylath, World Sculptor","","","","","","","","0","51","",""
"1163","Colorless","","Hansk, Slayer Zealot","","","","","","","","0","51","",""
"1164","Colorless","","Saint Traft and Rem Karolus","","","","","","","","0","51","",""
"1165","Colorless","","MacCready, Lamplight Mayor","","","","","","","","0","51","",""
"1166","Colorless","","Basim Ibn Ishaq","","","","","","","","0","51","",""
"1167","Colorless","","Aatchik, Emerald Radian","","","","","","","","0","51","",""
"1168","Colorless","","Mikaeus, the Unhallowed","","","","","","","","0","50","",""
"1169","Colorless","","Sigarda, Host of Herons","","","","","","","","0","50","",""
"1170","Colorless","","Ayli, Eternal Pilgrim","","","","","","","","0","50","",""
"1171","Colorless","","Lyra Dawnbringer","","","","","","","","0","50","",""
"1171","Colorless","","Valduk, Keeper of the Flame","","","","","","","","0","50","",""
"1173","Colorless","","Sephara, Sky's Blade","","","","","","","","0","50","",""
"1174","Colorless","","Kediss, Emberclaw Familiar // Yoshimaru, Ever Faithful","","","","","","","","0","50","",""
"1175","Colorless","","Jin-Gitaxias, Progress Tyrant","","","","","","","","0","50","",""
"1176","Colorless","","Karlach, Fury of Avernus // Raised by Giants","","","","","","","","0","50","",""
"1177","Colorless","","Rith, Liberated Primeval","","","","","","","","0","50","",""
"1178","Colorless","","Shay Cormac","","","","","","","","0","50","",""
"1179","Colorless","","Venat, Heart of Hydaelyn","","","","","","","","0","50","",""
"1180","Colorless","","Dakkon Blackblade","","","","","","","","0","49","",""
"1181","Colorless","","Shattergang Brothers","","","","","","","","0","49","",""
"1182","Colorless","","Kodama of the West Tree","","","","","","","","0","49","",""
"1182","Colorless","","Shigeki, Jukai Visionary","","","","","","","","0","49","",""
"1184","Colorless","","Bess, Soul Nourisher","","","","","","","","0","49","",""
"1185","Colorless","","Vorinclex","","","","","","","","0","49","",""
"1186","Colorless","","Kolodin, Triumph Caster","","","","","","","","0","49","",""
"1187","Colorless","","The Thing","","","","","","","","0","49","",""
"1188","Colorless","","Bifur, Melodic Rider","","","","","","","","0","49","",""
"1189","Colorless","","Edgar, Ancient Bloodlord","","","","","","","","0","49","",""
"1190","Colorless","","Sethron, Hurloon General","","","","","","","","0","48","",""
"1191","Colorless","","Abomination of Llanowar","","","","","","","","0","48","",""
"1192","Colorless","","Celestine, the Living Saint","","","","","","","","0","48","",""
"1193","Colorless","","Soundwave, Sonic Spy","","","","","","","","0","48","",""
"1194","Colorless","","Borborygmos and Fblthp","","","","","","","","0","48","",""
"1195","Colorless","","Elrond, Master of Healing","","","","","","","","0","48","",""
"1196","Colorless","","Obyra, Dreaming Duelist","","","","","","","","0","48","",""
"1197","Colorless","","The Cyber-Controller","","","","","","","","0","48","",""
"1198","Colorless","","Ellie and Alan, Paleontologists","","","","","","","","0","48","",""
"1199","Colorless","","Melek, Reforged Researcher","","","","","","","","0","48","",""
"1200","Colorless","","Phlage, Titan of Fire's Fury","","","","","","","","0","48","",""
"1201","Colorless","","Sigurd, Jarl of Ravensthorpe","","","","","","","","0","48","",""
"1202","Colorless","","Tataru Taru","","","","","","","","0","48","",""
"1203","Colorless","","Donatello, the Brains // Leonardo, the Balance","","","","","","","","0","48","",""
"1204","Colorless","","The Kingpin of Crime","","","","","","","","0","48","",""
"1205","Colorless","","Arcanis the Omnipotent","","","","","","","","0","47","",""
"1206","Colorless","","Toshiro Umezawa","","","","","","","","0","47","",""
"1207","Colorless","","Rune-Tail, Kitsune Ascendant","","","","","","","","0","47","",""
"1208","Colorless","","Kambal, Consul of Allocation","","","","","","","","0","47","",""
"1209","Colorless","","Sakashima of a Thousand Faces // Vial Smasher the Fierce","","","","","","","","0","47","",""
"1210","Colorless","","Prime Speaker Vannifar","","","","","","","","0","47","",""
"1211","Colorless","","Kodama of the East Tree // Toggo, Goblin Weaponsmith","","","","","","","","0","47","",""
"1212","Colorless","","Firja, Judge of Valor","","","","","","","","0","47","",""
"1212","Colorless","","Varragoth, Bloodsky Sire","","","","","","","","0","47","",""
"1214","Colorless","","Mahadi, Emporium Master","","","","","","","","0","47","",""
"1215","Colorless","","Stangg, Echo Warrior","","","","","","","","0","47","",""
"1216","Colorless","","Sarkhan, Soul Aflame","","","","","","","","0","47","",""
"1217","Colorless","","Red Death, Shipwrecker","","","","","","","","0","47","",""
"1218","Colorless","","Aveline de Grandpré","","","","","","","","0","47","",""
"1219","Colorless","","Lulu, Stern Guardian","","","","","","","","0","47","",""
"1220","Colorless","","Rydia, Summoner of Mist","","","","","","","","0","47","",""
"1221","Colorless","","Mole Man, Moloid Master","","","","","","","","0","47","",""
"1222","Colorless","","Ashling the Pilgrim","","","","","","","","0","46","",""
"1223","Colorless","","Ishai, Ojutai Dragonspeaker // Reyhan, Last of the Abzan","","","","","","","","0","46","",""
"1223","Colorless","","Tevesh Szat, Doom of Fools // Thrasios, Triton Hero","","","","","","","","0","46","",""
"1225","Colorless","","Sram, Senior Edificer","","","","","","","","0","46","",""
"1226","Colorless","","Willowdusk, Essence Seer","","","","","","","","0","46","",""
"1227","Colorless","","Kitt Kanto, Mayhem Diva","","","","","","","","0","46","",""
"1228","Colorless","","The Archimandrite","","","","","","","","0","46","",""
"1229","Colorless","","Skrelv, Defector Mite","","","","","","","","0","46","",""
"1229","Colorless","","Mondrak, Glory Dominus","","","","","","","","0","46","",""
"1231","Colorless","","Orthion, Hero of Lavabrink","","","","","","","","0","46","",""
"1232","Colorless","","Beluna Grandsquall","","","","","","","","0","46","",""
"1233","Colorless","","Missy","","","","","","","","0","46","",""
"1234","Colorless","","Akul the Unrepentant","","","","","","","","0","46","",""
"1235","Colorless","","Arbaaz Mir","","","","","","","","0","46","",""
"1236","Colorless","","General Kreat, the Boltbringer","","","","","","","","0","46","",""
"1237","Colorless","","Zell Dincht","","","","","","","","0","46","",""
"1238","Colorless","","Serah Farron","","","","","","","","0","46","",""
"1239","Colorless","","The Regalia","","","","","","","","0","46","",""
"1240","Colorless","","Balthor the Defiled","","","","","","","","0","45","",""
"1241","Colorless","","Kaza, Roil Chaser","","","","","","","","0","45","",""
"1242","Colorless","","Kangee, Sky Warden","","","","","","","","0","45","",""
"1243","Colorless","","Acererak the Archlich","","","","","","","","0","45","",""
"1244","Colorless","","Kyodai, Soul of Kamigawa","","","","","","","","0","45","",""
"1245","Colorless","","Commissar Severina Raine","","","","","","","","0","45","",""
"1245","Colorless","","Mortarion, Daemon Primarch","","","","","","","","0","45","",""
"1247","Colorless","","Thrun, Breaker of Silence","","","","","","","","0","45","",""
"1248","Colorless","","Themberchaud","","","","","","","","0","45","",""
"1249","Colorless","","Tazri, Stalwart Survivor","","","","","","","","0","45","",""
"1250","Colorless","","Galadriel, Elven-Queen","","","","","","","","0","45","",""
"1251","Colorless","","Tegwyll, Duke of Splendor","","","","","","","","0","45","",""
"1252","Colorless","","Zoyowa Lava-Tongue","","","","","","","","0","45","",""
"1253","Colorless","","Satoru, the Infiltrator","","","","","","","","0","45","",""
"1254","Colorless","","Pearl-Ear, Imperial Advisor","","","","","","","","0","45","",""
"1255","Colorless","","Victor, Valgavoth's Seneschal","","","","","","","","0","45","",""
"1256","Colorless","","Mimeoplasm, Revered One","","","","","","","","0","45","",""
"1257","Colorless","","Fandaniel, Telophoroi Ascian","","","","","","","","0","45","",""
"1258","Colorless","","Hawkeye, Young Avenger","","","","","","","","0","45","",""
"1259","Colorless","","Valko Indorian","","","","","","","","0","45","",""
"1259","Colorless","","Worzel, the Protector","","","","","","","","0","45","",""
"1261","Colorless","","Tazri, Beacon of Unity","","","","","","","","0","44","",""
"1262","Colorless","","Piru, the Volatile","","","","","","","","0","44","",""
"1263","Colorless","","Eruth, Tormented Prophet","","","","","","","","0","44","",""
"1264","Colorless","","Wyll, Blade of Frontiers // Sword Coast Sailor","","","","","","","","0","44","",""
"1265","Colorless","","Ojer Kaslem, Deepest Growth","","","","","","","","0","44","",""
"1266","Colorless","","Zahur, Glory's Past","","","","","","","","0","44","",""
"1267","Colorless","","Narset, Jeskai Waymaster","","","","","","","","0","44","",""
"1268","Colorless","","Matoya, Archon Elder","","","","","","","","0","44","",""
"1269","Colorless","","Iron Spider, Stark Upgrade","","","","","","","","0","44","",""
"1270","Colorless","","Emiel the Blessed","","","","","","","","0","43","",""
"1271","Colorless","","Slogurk, the Overslime","","","","","","","","0","43","",""
"1271","Colorless","","Leinore, Autumn Sovereign","","","","","","","","0","43","",""
"1273","Colorless","","Edgar, Charmed Groom","","","","","","","","0","43","",""
"1274","Colorless","","Gorion, Wise Mentor","","","","","","","","0","43","",""
"1275","Colorless","","Garna, Bloodfist of Keld","","","","","","","","0","43","",""
"1276","Colorless","","Fangorn, Tree Shepherd","","","","","","","","0","43","",""
"1277","Colorless","","Gylwain, Casting Director","","","","","","","","0","43","",""
"1278","Colorless","","Saheeli, the Sun's Brilliance","","","","","","","","0","43","",""
"1279","Colorless","","Tomik, Wielder of Law","","","","","","","","0","43","",""
"1280","Colorless","","Fblthp, Lost on the Range","","","","","","","","0","43","",""
"1281","Colorless","","Neriv, Crackling Vanguard","","","","","","","","0","43","",""
"1282","Colorless","","Vanille, Cheerful l'Cie","","","","","","","","0","43","",""
"1283","Colorless","","Bast, Panther Goddess","","","","","","","","0","43","",""
"1284","Colorless","","Atogatog","","","","","","","","0","42","",""
"1285","Colorless","","Erebos, God of the Dead","","","","","","","","0","42","",""
"1286","Colorless","","Dragonlord Ojutai","","","","","","","","0","42","",""
"1287","Colorless","","Atemsis, All-Seeing","","","","","","","","0","42","",""
"1288","Colorless","","Taborax, Hope's Demise","","","","","","","","0","42","",""
"1289","Colorless","","Rograkh, Son of Rohgahh // Tevesh Szat, Doom of Fools","","","","","","","","0","42","",""
"1290","Colorless","","Kotori, Pilot Prodigy","","","","","","","","0","42","",""
"1291","Colorless","","Baeloth Barrityl, Entertainer // Raised by Giants","","","","","","","","0","42","",""
"1291","Colorless","","Zellix, Sanity Flayer // Haunted One","","","","","","","","0","42","",""
"1293","Colorless","","Belisarius Cawl","","","","","","","","0","42","",""
"1294","Colorless","","Titania, Voice of Gaea","","","","","","","","0","42","",""
"1295","Colorless","","Ria Ivor, Bane of Bladehold","","","","","","","","0","42","",""
"1296","Colorless","","Huatli, Poet of Unity","","","","","","","","0","42","",""
"1296","Colorless","","Ghalta, Stampede Tyrant","","","","","","","","0","42","",""
"1298","Colorless","","Fumulus, the Infestation","","","","","","","","0","42","",""
"1299","Colorless","","Ureni, the Song Unending","","","","","","","","0","42","",""
"1300","Colorless","","Locke, Treasure Hunter","","","","","","","","0","42","",""
"1301","Colorless","","Krang, Utrom Warlord","","","","","","","","0","42","",""
"1302","Colorless","","Director Nick Fury","","","","","","","","0","42","",""
"1302","Colorless","","Kang Prime","","","","","","","","0","42","",""
"1302","Colorless","","Thor Odinson","","","","","","","","0","42","",""
"1305","Colorless","","Sliver Queen","","","","","","","","0","41","",""
"1306","Colorless","","Kaervek the Merciless","","","","","","","","0","41","",""
"1307","Colorless","","Rograkh, Son of Rohgahh // Tymna the Weaver","","","","","","","","0","41","",""
"1308","Colorless","","O-Kagachi, Vengeful Kami","","","","","","","","0","41","",""
"1309","Colorless","","Krav, the Unredeemed // Regna, the Redeemer","","","","","","","","0","41","",""
"1310","Colorless","","Laelia, the Blade Reforged","","","","","","","","0","41","",""
"1311","Colorless","","Wilson, Refined Grizzly // Noble Heritage","","","","","","","","0","41","",""
"1312","Colorless","","Trazyn the Infinite","","","","","","","","0","41","",""
"1313","Colorless","","Isu the Abominable","","","","","","","","0","41","",""
"1314","Colorless","","Neyali, Suns' Vanguard","","","","","","","","0","41","",""
"1315","Colorless","","The Goose Mother","","","","","","","","0","41","",""
"1316","Colorless","","Ashad, the Lone Cyberman","","","","","","","","0","41","",""
"1317","Colorless","","Hulk, Gamma Goliath","","","","","","","","0","41","",""
"1318","Colorless","","Astonishing Spider-Man","","","","","","","","0","41","",""
"1319","Colorless","","Loki, God of Lies","","","","","","","","0","41","",""
"1320","Colorless","","Heartless Hidetsugu","","","","","","","","0","40","",""
"1321","Colorless","","Tariel, Reckoner of Souls","","","","","","","","0","40","",""
"1322","Colorless","","Purphoros, Bronze-Blooded","","","","","","","","0","40","",""
"1323","Colorless","","Akiri, Fearless Voyager","","","","","","","","0","40","",""
"1324","Colorless","","Bane, Lord of Darkness","","","","","","","","0","40","",""
"1325","Colorless","","Ramses, Assassin Lord","","","","","","","","0","40","",""
"1326","Colorless","","Zurgo and Ojutai","","","","","","","","0","40","",""
"1327","Colorless","","Gandalf the Grey","","","","","","","","0","40","",""
"1327","Colorless","","Shadowfax, Lord of Horses","","","","","","","","0","40","",""
"1329","Colorless","","Agent Frank Horrigan","","","","","","","","0","40","",""
"1330","Colorless","","Ulamog, the Defiler","","","","","","","","0","40","",""
"1331","Colorless","","Eivor, Wolf-Kissed","","","","","","","","0","40","",""
"1332","Colorless","","Sensational Spider-Man","","","","","","","","0","40","",""
"1333","Colorless","","Katara, Water Tribe's Hope","","","","","","","","0","40","",""
"1334","Colorless","","Zuko, Firebending Master","","","","","","","","0","40","",""
"1335","Colorless","","Hit-Monkey","","","","","","","","0","40","",""
"1336","Colorless","","Sash and Waistcoat, Unmen","","","","","","","","0","40","",""
"1337","Colorless","","Angus Mackenzie","","","","","","","","0","39","",""
"1338","Colorless","","Oona, Queen of the Fae","","","","","","","","0","39","",""
"1339","Colorless","","Kemba, Kha Regent","","","","","","","","0","39","",""
"1340","Colorless","","Elesh Norn, Grand Cenobite","","","","","","","","0","39","",""
"1341","Colorless","","Varolz, the Scar-Striped","","","","","","","","0","39","",""
"1342","Colorless","","Arjun, the Shifting Flame","","","","","","","","0","39","",""
"1342","Colorless","","Daxos the Returned","","","","","","","","0","39","",""
"1344","Colorless","","The Scorpion God","","","","","","","","0","39","",""
"1345","Colorless","","Obosh, the Preypiercer","","","","","","","","0","39","",""
"1346","Colorless","","Drizzt Do'Urden","","","","","","","","0","39","",""
"1347","Colorless","","Bohn, Beguiling Balladeer","","","","","","","","0","39","",""
"1348","Colorless","","Inga and Esika","","","","","","","","0","39","",""
"1349","Colorless","","Omarthis, Ghostfire Initiate","","","","","","","","0","39","",""
"1350","Colorless","","The Thirteenth Doctor // Yasmin Khan","","","","","","","","0","39","",""
"1351","Colorless","","Kaust, Eyes of the Glade","","","","","","","","0","39","",""
"1352","Colorless","","Cleopatra, Exiled Pharaoh","","","","","","","","0","39","",""
"1353","Colorless","","Genku, Future Shaper","","","","","","","","0","39","",""
"1354","Colorless","","Black Cat, Cunning Thief","","","","","","","","0","39","",""
"1355","Colorless","","Wan Shi Tong, Librarian","","","","","","","","0","39","",""
"1356","Colorless","","Lo and Li, Royal Advisors","","","","","","","","0","39","",""
"1357","Colorless","","Jhoira, Weatherlight Corsair","","","","","","","","0","39","",""
"1358","Colorless","","Sek'Kuar, Deathkeeper","","","","","","","","0","38","",""
"1359","Colorless","","Vorinclex, Voice of Hunger","","","","","","","","0","38","",""
"1360","Colorless","","Teshar, Ancestor's Apostle","","","","","","","","0","38","",""
"1361","Colorless","","Brokkos, Apex of Forever","","","","","","","","0","38","",""
"1362","Colorless","","Charix, the Raging Isle","","","","","","","","0","38","",""
"1363","Colorless","","Wulfgar of Icewind Dale","","","","","","","","0","38","",""
"1364","Colorless","","Anje, Maid of Dishonor","","","","","","","","0","38","",""
"1365","Colorless","","Jaxis, the Troublemaker","","","","","","","","0","38","",""
"1366","Colorless","","Mazzy, Truesword Paladin","","","","","","","","0","38","",""
"1367","Colorless","","Verrak, Warped Sengir","","","","","","","","0","38","",""
"1367","Colorless","","Ohabi Caleria","","","","","","","","0","38","",""
"1369","Colorless","","Starscream, Power Hungry","","","","","","","","0","38","",""
"1370","Colorless","","The Valeyard","","","","","","","","0","38","",""
"1371","Colorless","","Three Dog, Galaxy News DJ","","","","","","","","0","38","",""
"1372","Colorless","","Magda, the Hoardmaster","","","","","","","","0","38","",""
"1373","Colorless","","Hurska Sweet-Tooth","","","","","","","","0","38","",""
"1374","Colorless","","Venom, Deadly Devourer","","","","","","","","0","38","",""
"1375","Colorless","","Cid, Timeless Artificer","","","","","","","","0","38","",""
"1376","Colorless","","Superior Spider-Man","","","","","","","","0","38","",""
"1377","Colorless","","Gandalf, Shadow's Foe","","","","","","","","0","38","",""
"1378","Colorless","","Godo, Bandit Warlord","","","","","","","","0","37","",""
"1379","Colorless","","Sheoldred, Whispering One","","","","","","","","0","37","",""
"1380","Colorless","","Shalai, Voice of Plenty","","","","","","","","0","37","",""
"1380","Colorless","","Naban, Dean of Iteration","","","","","","","","0","37","",""
"1382","Colorless","","Greven, Predator Captain","","","","","","","","0","37","",""
"1383","Colorless","","Amareth, the Lustrous","","","","","","","","0","37","",""
"1384","Colorless","","Cadric, Soul Kindler","","","","","","","","0","37","",""
"1384","Colorless","","Queen Allenal of Ruadach","","","","","","","","0","37","",""
"1386","Colorless","","Tawnos, Solemn Survivor","","","","","","","","0","37","",""
"1387","Colorless","","Kroxa and Kunoros","","","","","","","","0","37","",""
"1388","Colorless","","Gandalf, Westward Voyager","","","","","","","","0","37","",""
"1389","Colorless","","The Sixth Doctor // Romana II","","","","","","","","0","37","",""
"1389","Colorless","","Jenny Flint // Madame Vastra","","","","","","","","0","37","",""
"1389","Colorless","","Alistair, the Brigadier","","","","","","","","0","37","",""
"1392","Colorless","","Kaervek, the Punisher","","","","","","","","0","37","",""
"1393","Colorless","","Brigone, Soldier of Meletis","","","","","","","","0","37","",""
"1394","Colorless","","Vincent, Vengeful Atoner","","","","","","","","0","37","",""
"1395","Colorless","","Exdeath, Void Warlock","","","","","","","","0","37","",""
"1396","Colorless","","Avatar Kyoshi, Earthbender","","","","","","","","0","37","",""
"1397","Colorless","","Monica Rambeau","","","","","","","","0","37","",""
"1398","Colorless","","Fin Fang Foom","","","","","","","","0","37","",""
"1399","Colorless","","Ant-Man, Elusive Avenger","","","","","","","","0","37","",""
"1400","Colorless","","Ghalta the Unstoppable","","","","","","","","0","37","",""
"1401","Colorless","","Emrakul, the Exigent Doom","","","","","","","","0","37","",""
"1402","Colorless","","Yuriko, Blade of the Mighty","","","","","","","","0","37","",""
"1403","Colorless","","Ob Nixilis, the Ascended","","","","","","","","0","37","",""
"1404","Colorless","","Karn, Silver Golem","","","","","","","","0","36","",""
"1405","Colorless","","Braids, Cabal Minion","","","","","","","","0","36","",""
"1406","Colorless","","Sasaya, Orochi Ascendant","","","","","","","","0","36","",""
"1407","Colorless","","Mina and Denn, Wildborn","","","","","","","","0","36","",""
"1408","Colorless","","Depala, Pilot Exemplar","","","","","","","","0","36","",""
"1409","Colorless","","Rakdos, the Showstopper","","","","","","","","0","36","",""
"1410","Colorless","","Rankle, Master of Pranks","","","","","","","","0","36","",""
"1411","Colorless","","Nevinyrral, Urborg Tyrant","","","","","","","","0","36","",""
"1412","Colorless","","Jacob Hauken, Inspector","","","","","","","","0","36","",""
"1412","Colorless","","Torens, Fist of the Angels","","","","","","","","0","36","",""
"1414","Colorless","","Zeriam, Golden Wind","","","","","","","","0","36","",""
"1415","Colorless","","Auntie Blyte, Bad Influence","","","","","","","","0","36","",""
"1416","Colorless","","Doctor Octopus, Master Planner","","","","","","","","0","36","",""
"1417","Colorless","","Jackal, Genius Geneticist","","","","","","","","0","36","",""
"1418","Colorless","","Scientist Supreme of A.I.M.","","","","","","","","0","36","",""
"1419","Colorless","","Koth of the Homestead","","","","","","","","0","36","",""
"1420","Colorless","","Kokusho, the Evening Star","","","","","","","","0","35","",""
"1421","Colorless","","Patron of the Moon","","","","","","","","0","35","",""
"1422","Colorless","","Archangel Avacyn","","","","","","","","0","35","",""
"1423","Colorless","","Lazav, the Multifarious","","","","","","","","0","35","",""
"1424","Colorless","","Vadrok, Apex of Thunder","","","","","","","","0","35","",""
"1425","Colorless","","Jadzi, Oracle of Arcavios","","","","","","","","0","35","",""
"1426","Colorless","","Elmar, Ulvenwald Informant // Wernog, Rider's Chaplain","","","","","","","","0","35","",""
"1427","Colorless","","Rigo, Streetwise Mentor","","","","","","","","0","35","",""
"1428","Colorless","","Bhaal, Lord of Murder","","","","","","","","0","35","",""
"1429","Colorless","","Szarekh, the Silent King","","","","","","","","0","35","",""
"1430","Colorless","","Ratchet, Field Medic","","","","","","","","0","35","",""
"1431","Colorless","","Nashi, Moon's Legacy","","","","","","","","0","35","",""
"1432","Colorless","","Sliver Gravemother","","","","","","","","0","35","",""
"1433","Colorless","","Syr Ginger, the Meal Ender","","","","","","","","0","35","",""
"1434","Colorless","","The Fourteenth Doctor // Clara Oswald","","","","","","","","0","35","",""
"1435","Colorless","","Preston Garvey, Minuteman","","","","","","","","0","35","",""
"1436","Colorless","","Breeches, the Blastmaker","","","","","","","","0","35","",""
"1437","Colorless","","Neerdiv, Devious Diver","","","","","","","","0","35","",""
"1438","Colorless","","Far Fortune, End Boss","","","","","","","","0","35","",""
"1439","Colorless","","Urianger Augurelt","","","","","","","","0","35","",""
"1440","Colorless","","Leonardo, the Balance","","","","","","","","0","35","",""
"1441","Colorless","","Kirol, Attentive First-Year","","","","","","","","0","35","",""
"1442","Colorless","","Don & Leo, Problem Solvers","","","","","","","","0","35","",""
"1443","Colorless","","Ms. Marvel, Kamala Khan","","","","","","","","0","35","",""
"1444","Colorless","","Traxos, Academy Guardian","","","","","","","","0","35","",""
"1445","Colorless","","Momir Vig, Simic Visionary","","","","","","","","0","34","",""
"1446","Colorless","","Ob Nixilis, the Fallen","","","","","","","","0","34","",""
"1447","Colorless","","Yasova Dragonclaw","","","","","","","","0","34","",""
"1448","Colorless","","Massacre Girl","","","","","","","","0","34","",""
"1449","Colorless","","Vilis, Broker of Blood","","","","","","","","0","34","",""
"1450","Colorless","","Grumgully, the Generous","","","","","","","","0","34","",""
"1451","Colorless","","Nikara, Lair Scavenger // Yannik, Scavenging Sentinel","","","","","","","","0","34","",""
"1451","Colorless","","Jirina Kudro","","","","","","","","0","34","",""
"1453","Colorless","","Jegantha, the Wellspring","","","","","","","","0","34","",""
"1454","Colorless","","Lagomos, Hand of Hatred","","","","","","","","0","34","",""
"1455","Colorless","","Inquisitor Eisenhorn","","","","","","","","0","34","",""
"1456","Colorless","","Katilda and Lier","","","","","","","","0","34","",""
"1456","Colorless","","Ayara, Widow of the Realm","","","","","","","","0","34","",""
"1458","Colorless","","Samut, Vizier of Naktamun","","","","","","","","0","34","",""
"1459","Colorless","","Totentanz, Swarm Piper","","","","","","","","0","34","",""
"1460","Colorless","","The Tenth Doctor // Susan Foreman","","","","","","","","0","34","",""
"1461","Colorless","","Geralf, the Fleshwright","","","","","","","","0","34","",""
"1462","Colorless","","Nashi, Searcher in the Dark","","","","","","","","0","34","",""
"1463","Colorless","","Redshift, Rocketeer Chief","","","","","","","","0","34","",""
"1464","Colorless","","Stiltzkin, Moogle Merchant","","","","","","","","0","34","",""
"1465","Colorless","","Taigam, Master Opportunist","","","","","","","","0","34","",""
"1466","Colorless","","Suki, Kyoshi Warrior","","","","","","","","0","34","",""
"1467","Colorless","","Wraith, Vicious Vigilante","","","","","","","","0","34","",""
"1468","Colorless","","Sauron, Dino Devotee","","","","","","","","0","34","",""
"1469","Colorless","","The Chief Warg","","","","","","","","0","34","",""
"1470","Colorless","","Eight-and-a-Half-Tails","","","","","","","","0","33","",""
"1471","Colorless","","Obzedat, Ghost Council","","","","","","","","0","33","",""
"1472","Colorless","","Vorel of the Hull Clade","","","","","","","","0","33","",""
"1473","Colorless","","Akiri, Line-Slinger // Silas Renn, Seeker Adept","","","","","","","","0","33","",""
"1474","Colorless","","Narfi, Betrayer King","","","","","","","","0","33","",""
"1475","Colorless","","Cecily, Haunted Mage // Elmar, Ulvenwald Informant","","","","","","","","0","33","",""
"1476","Colorless","","The Ever-Changing 'Dane","","","","","","","","0","33","",""
"1477","Colorless","","Ultra Magnus, Tactician","","","","","","","","0","33","",""
"1478","Colorless","","Drana and Linvala","","","","","","","","0","33","",""
"1479","Colorless","","Ojer Pakpatiq, Deepest Epoch","","","","","","","","0","33","",""
"1480","Colorless","","Kylox, Visionary Inventor","","","","","","","","0","33","",""
"1481","Colorless","","Havi, the All-Father","","","","","","","","0","33","",""
"1482","Colorless","","Yue, the Moon Spirit","","","","","","","","0","33","",""
"1483","Colorless","","Appa, Steadfast Guardian","","","","","","","","0","33","",""
"1484","Colorless","","Songbird, Sonic Screamer","","","","","","","","0","33","",""
"1484","Colorless","","Loki, Lord of Misrule","","","","","","","","0","33","",""
"1486","Colorless","","Rubinia Soulsinger","","","","","","","","0","32","",""
"1487","Colorless","","Gahiji, Honored One","","","","","","","","0","32","",""
"1488","Colorless","","Surrak Dragonclaw","","","","","","","","0","32","",""
"1489","Colorless","","Teferi, Temporal Archmage","","","","","","","","0","32","",""
"1490","Colorless","","Hallar, the Firefletcher","","","","","","","","0","32","",""
"1491","Colorless","","Valki, God of Lies","","","","","","","","0","32","",""
"1492","Colorless","","Gisa, Glorious Resurrector","","","","","","","","0","32","",""
"1493","Colorless","","Wilson, Refined Grizzly // Raised by Giants","","","","","","","","0","32","",""
"1494","Colorless","","Bladewing, Deathless Tyrant","","","","","","","","0","32","",""
"1495","Colorless","","Flamewar, Brash Veteran","","","","","","","","0","32","",""
"1496","Colorless","","Rodolf Duskbringer","","","","","","","","0","32","",""
"1497","Colorless","","Gollum, Obsessed Stalker","","","","","","","","0","32","",""
"1498","Colorless","","Greta, Sweettooth Scourge","","","","","","","","0","32","",""
"1499","Colorless","","Byrke, Long Ear of the Law","","","","","","","","0","32","",""
"1500","Colorless","","Silk, Web Weaver","","","","","","","","0","32","",""
"1501","Colorless","","Azula, Cunning Usurper","","","","","","","","0","32","",""
"1502","Colorless","","Madame Null, Power Broker","","","","","","","","0","32","",""
"1503","Colorless","","Gideon the Oathless","","","","","","","","0","32","",""
"1504","Colorless","","Lord of Tresserhorn","","","","","","","","0","31","",""
"1505","Colorless","","Saffi Eriksdotter","","","","","","","","0","31","",""
"1506","Colorless","","Maralen of the Mornsong","","","","","","","","0","31","",""
"1507","Colorless","","Geist of Saint Traft","","","","","","","","0","31","",""
"1508","Colorless","","Prime Speaker Zegana","","","","","","","","0","31","",""
"1509","Colorless","","Melek, Izzet Paragon","","","","","","","","0","31","",""
"1510","Colorless","","Ikra Shidiqi, the Usurper // Tymna the Weaver","","","","","","","","0","31","",""
"1510","Colorless","","Reyhan, Last of the Abzan // Rograkh, Son of Rohgahh","","","","","","","","0","31","",""
"1512","Colorless","","Thassa, Deep-Dwelling","","","","","","","","0","31","",""
"1512","Colorless","","Dalakos, Crafter of Wonders","","","","","","","","0","31","",""
"1514","Colorless","","Toski, Bearer of Secrets","","","","","","","","0","31","",""
"1515","Colorless","","Lier, Disciple of the Drowned","","","","","","","","0","31","",""
"1516","Colorless","","Rhoda, Geist Avenger // Timin, Youthful Geist","","","","","","","","0","31","",""
"1517","Colorless","","Kura, the Boundless Sky","","","","","","","","0","31","",""
"1517","Colorless","","Aisha of Sparks and Smoke","","","","","","","","0","31","",""
"1517","Colorless","","Kaima, the Fractured Calm","","","","","","","","0","31","",""
"1517","Colorless","","The Reality Chip","","","","","","","","0","31","",""
"1521","Colorless","","Parnesse, the Subtle Brush","","","","","","","","0","31","",""
"1522","Colorless","","Ezuri, Stalker of Spheres","","","","","","","","0","31","",""
"1522","Colorless","","Venser, Corpse Puppet","","","","","","","","0","31","",""
"1524","Colorless","","Aragorn and Arwen, Wed","","","","","","","","0","31","",""
"1525","Colorless","","Vrestin, Menoptra Leader","","","","","","","","0","31","",""
"1526","Colorless","","Rakdos, Patron of Chaos","","","","","","","","0","31","",""
"1526","Colorless","","Lazav, Wearer of Faces","","","","","","","","0","31","",""
"1528","Colorless","","Rosheen, Roaring Prophet","","","","","","","","0","31","",""
"1529","Colorless","","Hugs, Grisly Guardian","","","","","","","","0","31","",""
"1530","Colorless","","The Speed Demon","","","","","","","","0","31","",""
"1531","Colorless","","Zodiark, Umbral God","","","","","","","","0","31","",""
"1532","Colorless","","Aang, Swift Savior","","","","","","","","0","31","",""
"1533","Colorless","","Human Torch","","","","","","","","0","31","",""
"1534","Colorless","","Iron Man, Master of Machines","","","","","","","","0","31","",""
"1535","Colorless","","Istvan, Butcher of Eln","","","","","","","","0","31","",""
"1535","Colorless","","Tresserhorn's Lord, Returned","","","","","","","","0","31","",""
"1537","Colorless","","Ertai, the Corrupted","","","","","","","","0","30","",""
"1538","Colorless","","Seizan, Perverter of Truth","","","","","","","","0","30","",""
"1539","Colorless","","Reki, the History of Kamigawa","","","","","","","","0","30","",""
"1540","Colorless","","Niv-Mizzet, the Firemind","","","","","","","","0","30","",""
"1541","Colorless","","Gaddock Teeg","","","","","","","","0","30","",""
"1542","Colorless","","Olivia, Mobilized for War","","","","","","","","0","30","",""
"1543","Colorless","","Kydele, Chosen of Kruphix // Vial Smasher the Fierce","","","","","","","","0","30","",""
"1543","Colorless","","Bruse Tarl, Boorish Herder // Ikra Shidiqi, the Usurper","","","","","","","","0","30","",""
"1545","Colorless","","Yahenni, Undying Partisan","","","","","","","","0","30","",""
"1546","Colorless","","Nezahal, Primal Tide","","","","","","","","0","30","",""
"1547","Colorless","","Ilharg, the Raze-Boar","","","","","","","","0","30","",""
"1547","Colorless","","Tolsimir, Friend to Wolves","","","","","","","","0","30","",""
"1549","Colorless","","Nymris, Oona's Trickster","","","","","","","","0","30","",""
"1550","Colorless","","Zaffai, Thunder Conductor","","","","","","","","0","30","",""
"1550","Colorless","","Plargg, Dean of Chaos","","","","","","","","0","30","",""
"1552","Colorless","","Phabine, Boss's Confidant","","","","","","","","0","30","",""
"1553","Colorless","","Wilson, Refined Grizzly // Flaming Fist","","","","","","","","0","30","",""
"1554","Colorless","","Agrus Kos, Eternal Soldier","","","","","","","","0","30","",""
"1555","Colorless","","Drivnod, Carnage Dominus","","","","","","","","0","30","",""
"1556","Colorless","","Sheoldred","","","","","","","","0","30","",""
"1557","Colorless","","Abuelo, Ancestral Echo","","","","","","","","0","30","",""
"1557","Colorless","","Malcolm, Alluring Scoundrel","","","","","","","","0","30","",""
"1559","Colorless","","Wylie Duke, Atiin Hero","","","","","","","","0","30","",""
"1560","Colorless","","Kassandra, Eagle Bearer","","","","","","","","0","30","",""
"1561","Colorless","","Mm'menon, Uthros Exile","","","","","","","","0","30","",""
"1562","Colorless","","Donatello, the Brains // Michelangelo, the Heart","","","","","","","","0","30","",""
"1563","Colorless","","Mikey & Leo, Chaos & Order","","","","","","","","0","30","",""
"1564","Colorless","","Blind Seer","","","","","","","","0","29","",""
"1565","Colorless","","Cromat","","","","","","","","0","29","",""
"1566","Colorless","","Experiment Kraj","","","","","","","","0","29","",""
"1567","Colorless","","Isperia, Supreme Judge","","","","","","","","0","29","",""
"1568","Colorless","","Nahiri, the Lithomancer","","","","","","","","0","29","",""
"1569","Colorless","","Kytheon, Hero of Akros","","","","","","","","0","29","",""
"1570","Colorless","","Dargo, the Shipwrecker // Reyhan, Last of the Abzan","","","","","","","","0","29","",""
"1570","Colorless","","Gilanra, Caller of Wirewood // Vial Smasher the Fierce","","","","","","","","0","29","",""
"1572","Colorless","","Yorvo, Lord of Garenbrig","","","","","","","","0","29","",""
"1573","Colorless","","Atris, Oracle of Half-Truths","","","","","","","","0","29","",""
"1574","Colorless","","Gilanra, Caller of Wirewood // Kodama of the East Tree","","","","","","","","0","29","",""
"1575","Colorless","","Grazilaxx, Illithid Scholar","","","","","","","","0","29","",""
"1576","Colorless","","Gut, True Soul Zealot // Agent of the Iron Throne","","","","","","","","0","29","",""
"1577","Colorless","","Tatyova, Steward of Tides","","","","","","","","0","29","",""
"1578","Colorless","","Mishra, Tamer of Mak Fawa","","","","","","","","0","29","",""
"1579","Colorless","","Gríma, Saruman's Footman","","","","","","","","0","29","",""
"1579","Colorless","","Bill the Pony","","","","","","","","0","29","",""
"1581","Colorless","","The Second Doctor // Vislor Turlough","","","","","","","","0","29","",""
"1582","Colorless","","Kimahri, Valiant Guardian","","","","","","","","0","29","",""
"1583","Colorless","","Vaan, Street Thief","","","","","","","","0","29","",""
"1584","Colorless","","Ellie, Vengeful Hunter // Joel, Resolute Survivor","","","","","","","","0","29","",""
"1585","Colorless","","The Walls of Ba Sing Se","","","","","","","","0","29","",""
"1586","Colorless","","Excava, the Risen Past","","","","","","","","0","29","",""
"1587","Colorless","","Ironheart, Clever Champion","","","","","","","","0","29","",""
"1588","Colorless","","Chira, All In","","","","","","","","0","29","",""
"1589","Colorless","","Rith, the Awakener","","","","","","","","0","28","",""
"1590","Colorless","","Karrthus, Tyrant of Jund","","","","","","","","0","28","",""
"1591","Colorless","","Odric, Master Tactician","","","","","","","","0","28","",""
"1592","Colorless","","Teysa, Envoy of Ghosts","","","","","","","","0","28","",""
"1593","Colorless","","Thrasios, Triton Hero // Toggo, Goblin Weaponsmith","","","","","","","","0","28","",""
"1593","Colorless","","Ikra Shidiqi, the Usurper // Ishai, Ojutai Dragonspeaker","","","","","","","","0","28","",""
"1593","Colorless","","Ishai, Ojutai Dragonspeaker // Jeska, Thrice Reborn","","","","","","","","0","28","",""
"1596","Colorless","","Taigam, Ojutai Master","","","","","","","","0","28","",""
"1597","Colorless","","Yasharn, Implacable Earth","","","","","","","","0","28","",""
"1598","Colorless","","Moritte of the Frost","","","","","","","","0","28","",""
"1599","Colorless","","Svyelun of Sea and Sky","","","","","","","","0","28","",""
"1600","Colorless","","Perrie, the Pulverizer","","","","","","","","0","28","",""
"1601","Colorless","","Rilsa Rael, Kingpin","","","","","","","","0","28","",""
"1602","Colorless","","Radagast the Brown","","","","","","","","0","28","",""
"1603","Colorless","","Rose, Cutthroat Raider","","","","","","","","0","28","",""
"1603","Colorless","","Cass, Hand of Vengeance","","","","","","","","0","28","",""
"1605","Colorless","","Honest Rutstein","","","","","","","","0","28","",""
"1606","Colorless","","Shao Jun","","","","","","","","0","28","",""
"1607","Colorless","","Ivora, Insatiable Heir","","","","","","","","0","28","",""
"1608","Colorless","","Kotis, Sibsig Champion","","","","","","","","0","28","",""
"1609","Colorless","","Estinien Varlineau","","","","","","","","0","28","",""
"1609","Colorless","","Kefka, Dancing Mad","","","","","","","","0","28","",""
"1611","Colorless","","Omega, Heartless Evolution","","","","","","","","0","28","",""
"1612","Colorless","","J. Jonah Jameson","","","","","","","","0","28","",""
"1613","Colorless","","Bilbo, Luckwearer","","","","","","","","0","28","",""
"1614","Colorless","","Namor, Atlantean King","","","","","","","","0","28","",""
"1615","Colorless","","Thomil, the Destroyer","","","","","","","","0","28","",""
"1616","Colorless","","Massacre Girl, Most Wanted","","","","","","","","0","28","",""
"1617","Colorless","","Korlash, Heir to Blackblade","","","","","","","","0","27","",""
"1618","Colorless","","Thada Adel, Acquisitor","","","","","","","","0","27","",""
"1619","Colorless","","Noyan Dar, Roil Shaper","","","","","","","","0","27","",""
"1620","Colorless","","Wasitora, Nekoru Queen","","","","","","","","0","27","",""
"1621","Colorless","","Rowan Kenrith // Will Kenrith","","","","","","","","0","27","",""
"1622","Colorless","","Krenko, Tin Street Kingpin","","","","","","","","0","27","",""
"1623","Colorless","","Chevill, Bane of Monsters","","","","","","","","0","27","",""
"1624","Colorless","","Mangara, the Diplomat","","","","","","","","0","27","",""
"1625","Colorless","","Birgi, God of Storytelling","","","","","","","","0","27","",""
"1626","Colorless","","Hama Pashar, Ruin Seeker","","","","","","","","0","27","",""
"1627","Colorless","","Sophina, Spearsage Deserter // Wernog, Rider's Chaplain","","","","","","","","0","27","",""
"1628","Colorless","","Old Rutstein","","","","","","","","0","27","",""
"1629","Colorless","","Abdel Adrian, Gorion's Ward // Far Traveler","","","","","","","","0","27","",""
"1629","Colorless","","Karlach, Fury of Avernus // Hardy Outlander","","","","","","","","0","27","",""
"1629","Colorless","","Gut, True Soul Zealot // Inspiring Leader","","","","","","","","0","27","",""
"1629","Colorless","","Duke Ulder Ravengard","","","","","","","","0","27","",""
"1633","Colorless","","Casal, Lurkwood Pathfinder","","","","","","","","0","27","",""
"1634","Colorless","","Ojer Taq, Deepest Foundation","","","","","","","","0","27","",""
"1634","Colorless","","Henry Wu, InGen Geneticist","","","","","","","","0","27","",""
"1636","Colorless","","Beza, the Bounding Spring","","","","","","","","0","27","",""
"1637","Colorless","","Pia Nalaar, Chief Mechanic","","","","","","","","0","27","",""
"1638","Colorless","","Gladiolus Amicitia","","","","","","","","0","27","",""
"1639","Colorless","","Bugenhagen, Wise Elder","","","","","","","","0","27","",""
"1640","Colorless","","Arnyn, Deathbloom Botanist","","","","","","","","0","27","",""
"1641","Colorless","","Grandmother Goby","","","","","","","","0","27","",""
"1642","Colorless","","Vraska, the Cutting Glare","","","","","","","","0","27","",""
"1643","Colorless","","Zirilan of the Claw","","","","","","","","0","26","",""
"1644","Colorless","","Lin Sivvi, Defiant Hero","","","","","","","","0","26","",""
"1645","Colorless","","Nath of the Gilt-Leaf","","","","","","","","0","26","",""
"1646","Colorless","","Kozilek, Butcher of Truth","","","","","","","","0","26","",""
"1647","Colorless","","Mirko Vosk, Mind Drinker","","","","","","","","0","26","",""
"1648","Colorless","","Keranos, God of Storms","","","","","","","","0","26","",""
"1649","Colorless","","Nissa, Vastwood Seer","","","","","","","","0","26","",""
"1650","Colorless","","Drana, Liberator of Malakir","","","","","","","","0","26","",""
"1651","Colorless","","Krark, the Thumbless // Thrasios, Triton Hero","","","","","","","","0","26","",""
"1651","Colorless","","Malcolm, Keen-Eyed Navigator // Tana, the Bloodsower","","","","","","","","0","26","",""
"1653","Colorless","","Gyrus, Waker of Corpses","","","","","","","","0","26","",""
"1654","Colorless","","Questing Beast","","","","","","","","0","26","",""
"1655","Colorless","","Snapdax, Apex of the Hunt","","","","","","","","0","26","",""
"1656","Colorless","","Koll, the Forgemaster","","","","","","","","0","26","",""
"1657","Colorless","","Kalain, Reclusive Painter","","","","","","","","0","26","",""
"1658","Colorless","","Hargilde, Kindly Runechanter // Wernog, Rider's Chaplain","","","","","","","","0","26","",""
"1659","Colorless","","Durnan of the Yawning Portal // Passionate Archaeologist","","","","","","","","0","26","",""
"1659","Colorless","","Renari, Merchant of Marvels // Acolyte of Bahamut","","","","","","","","0","26","",""
"1661","Colorless","","Raff, Weatherlight Stalwart","","","","","","","","0","26","",""
"1662","Colorless","","Lucius the Eternal","","","","","","","","0","26","",""
"1662","Colorless","","Dee Kay, Finder of the Lost","","","","","","","","0","26","",""
"1664","Colorless","","Faramir, Steward of Gondor","","","","","","","","0","26","",""
"1665","Colorless","","Lazav, Familiar Stranger","","","","","","","","0","26","",""
"1665","Colorless","","Doc Aurlock, Grizzled Genius","","","","","","","","0","26","",""
"1667","Colorless","","Mary Read and Anne Bonny","","","","","","","","0","26","",""
"1668","Colorless","","Mu Yanling, Wind Rider","","","","","","","","0","26","",""
"1669","Colorless","","Papalymo Totolymo","","","","","","","","0","26","",""
"1670","Colorless","","The Seriema","","","","","","","","0","26","",""
"1671","Colorless","","Pizza Face, Gastromancer","","","","","","","","0","26","",""
"1672","Colorless","","Lucky the Pizza Dog","","","","","","","","0","26","",""
"1673","Colorless","","Shang-Chi and the Ten Rings","","","","","","","","0","26","",""
"1674","Colorless","","Glava, Five-Advents Mage","","","","","","","","0","26","",""
"1675","Colorless","","Karn, Argent Defender","","","","","","","","0","26","",""
"1676","Colorless","","Ruric Thar, Biomagus","","","","","","","","0","26","",""
"1677","Colorless","","Numot, the Devastator","","","","","","","","0","25","",""
"1678","Colorless","","Jenara, Asura of War","","","","","","","","0","25","",""
"1679","Colorless","","Jin-Gitaxias, Core Augur","","","","","","","","0","25","",""
"1680","Colorless","","King Macar, the Gold-Cursed","","","","","","","","0","25","",""
"1681","Colorless","","Kalitas, Traitor of Ghet","","","","","","","","0","25","",""
"1682","Colorless","","Emrakul, the Promised End","","","","","","","","0","25","",""
"1683","Colorless","","Gonti, Lord of Luxury","","","","","","","","0","25","",""
"1684","Colorless","","Ravos, Soultender // Tana, the Bloodsower","","","","","","","","0","25","",""
"1685","Colorless","","Rhonas the Indomitable","","","","","","","","0","25","",""
"1686","Colorless","","Kaalia, Zenith Seeker","","","","","","","","0","25","",""
"1687","Colorless","","Siona, Captain of the Pyleas","","","","","","","","0","25","",""
"1688","Colorless","","Dargo, the Shipwrecker // Malcolm, Keen-Eyed Navigator","","","","","","","","0","25","",""
"1689","Colorless","","Donal, Herald of Wings","","","","","","","","0","25","",""
"1690","Colorless","","Erinis, Gloom Stalker // Scion of Halaster","","","","","","","","0","25","",""
"1691","Colorless","","Rohgahh, Kher Keep Overlord","","","","","","","","0","25","",""
"1692","Colorless","","Quintorius, Loremaster","","","","","","","","0","25","",""
"1693","Colorless","","The Third Doctor // Sarah Jane Smith","","","","","","","","0","25","",""
"1693","Colorless","","The War Doctor // Clara Oswald","","","","","","","","0","25","",""
"1695","Colorless","","Cait, Cage Brawler","","","","","","","","0","25","",""
"1696","Colorless","","Zimone, All-Questioning","","","","","","","","0","25","",""
"1697","Colorless","","Marvin, Murderous Mimic","","","","","","","","0","25","",""
"1698","Colorless","","Daretti, Rocketeer Engineer","","","","","","","","0","25","",""
"1699","Colorless","","Caradora, Heart of Alacria","","","","","","","","0","25","",""
"1700","Colorless","","Kain, Traitorous Dragoon","","","","","","","","0","25","",""
"1701","Colorless","","SP//dr, Piloted by Peni","","","","","","","","0","25","",""
"1702","Colorless","","Mai and Zuko","","","","","","","","0","25","",""
"1703","Colorless","","Red Hulk","","","","","","","","0","25","",""
"1704","Colorless","","Selenia, Dark Angel","","","","","","","","0","24","",""
"1705","Colorless","","Intet, the Dreamer","","","","","","","","0","24","",""
"1706","Colorless","","Heliod, God of the Sun","","","","","","","","0","24","",""
"1707","Colorless","","Anafenza, the Foremost","","","","","","","","0","24","",""
"1708","Colorless","","Jeska, Thrice Reborn // Tymna the Weaver","","","","","","","","0","24","",""
"1708","Colorless","","Ishai, Ojutai Dragonspeaker // Vial Smasher the Fierce","","","","","","","","0","24","",""
"1710","Colorless","","Daxos, Blessed by the Sun","","","","","","","","0","24","",""
"1711","Colorless","","Radha, Heart of Keld","","","","","","","","0","24","",""
"1712","Colorless","","Kels, Fight Fixer","","","","","","","","0","24","",""
"1713","Colorless","","Eligeth, Crossroads Augur // Siani, Eye of the Storm","","","","","","","","0","24","",""
"1713","Colorless","","Anara, Wolvid Familiar // Yoshimaru, Ever Faithful","","","","","","","","0","24","",""
"1715","Colorless","","Velomachus Lorehold","","","","","","","","0","24","",""
"1716","Colorless","","Rem Karolus, Stalwart Slayer","","","","","","","","0","24","",""
"1717","Colorless","","Dynaheir, Invoker Adept","","","","","","","","0","24","",""
"1717","Colorless","","Shadowheart, Dark Justiciar // Haunted One","","","","","","","","0","24","",""
"1719","Colorless","","Jedit Ojanen, Mercenary","","","","","","","","0","24","",""
"1719","Colorless","","Stenn, Paranoid Partisan","","","","","","","","0","24","",""
"1719","Colorless","","The Raven Man","","","","","","","","0","24","",""
"1719","Colorless","","The Peregrine Dynamo","","","","","","","","0","24","",""
"1723","Colorless","","Gwenna, Eyes of Gaea","","","","","","","","0","24","",""
"1723","Colorless","","Urza, Powerstone Prodigy","","","","","","","","0","24","",""
"1723","Colorless","","Tawnos, the Toymaker","","","","","","","","0","24","",""
"1726","Colorless","","Arwen, Mortal Queen","","","","","","","","0","24","",""
"1726","Colorless","","Sauron, the Necromancer","","","","","","","","0","24","",""
"1728","Colorless","","The Tenth Doctor // Clara Oswald","","","","","","","","0","24","",""
"1729","Colorless","","Vito, Fanatic of Aclazotz","","","","","","","","0","24","",""
"1730","Colorless","","Piper Wright, Publick Reporter","","","","","","","","0","24","",""
"1730","Colorless","","Rex, Cyber-Hound","","","","","","","","0","24","",""
"1732","Colorless","","Eivor, Battle-Ready","","","","","","","","0","24","",""
"1733","Colorless","","Sin, Unending Cataclysm","","","","","","","","0","24","",""
"1734","Colorless","","Giott, King of the Dwarves","","","","","","","","0","24","",""
"1735","Colorless","","Scarlet Spider, Ben Reilly","","","","","","","","0","24","",""
"1736","Colorless","","Tui and La, Moon and Ocean","","","","","","","","0","24","",""
"1737","Colorless","","Koh, the Face Stealer","","","","","","","","0","24","",""
"1738","Colorless","","Donatello, Mutant Mechanic","","","","","","","","0","24","",""
"1739","Colorless","","Bebop, Skull & Crossbones // Rocksteady, Mutant Marauder","","","","","","","","0","24","",""
"1740","Colorless","","The Neutrinos","","","","","","","","0","24","",""
"1741","Colorless","","Speedball, New Warrior","","","","","","","","0","24","",""
"1742","Colorless","","Rasputin Dreamweaver","","","","","","","","0","23","",""
"1743","Colorless","","Sliver Legion","","","","","","","","0","23","",""
"1744","Colorless","","Esior, Wardwing Familiar // Ishai, Ojutai Dragonspeaker","","","","","","","","0","23","",""
"1745","Colorless","","Raff Capashen, Ship's Mage","","","","","","","","0","23","",""
"1746","Colorless","","Kestia, the Cultivator","","","","","","","","0","23","",""
"1747","Colorless","","Umori, the Collector","","","","","","","","0","23","",""
"1748","Colorless","","Sakashima of a Thousand Faces // Yoshimaru, Ever Faithful","","","","","","","","0","23","",""
"1748","Colorless","","Jeska, Thrice Reborn // Yoshimaru, Ever Faithful","","","","","","","","0","23","",""
"1750","Colorless","","Maja, Bretagard Protector","","","","","","","","0","23","",""
"1751","Colorless","","Inferno of the Star Mounts","","","","","","","","0","23","",""
"1752","Colorless","","Sigarda, Champion of Light","","","","","","","","0","23","",""
"1753","Colorless","","Cecily, Haunted Mage // Wernog, Rider's Chaplain","","","","","","","","0","23","",""
"1754","Colorless","","Mari, the Killing Quill","","","","","","","","0","23","",""
"1755","Colorless","","Gut, True Soul Zealot // Haunted One","","","","","","","","0","23","",""
"1755","Colorless","","Volo, Itinerant Scholar // Master Chef","","","","","","","","0","23","",""
"1755","Colorless","","Ganax, Astral Hunter // Haunted One","","","","","","","","0","23","",""
"1758","Colorless","","Neyam Shai Murad","","","","","","","","0","23","",""
"1759","Colorless","","Glissa, Herald of Predation","","","","","","","","0","23","",""
"1759","Colorless","","Djeru and Hazoret","","","","","","","","0","23","",""
"1761","Colorless","","Arwen, Weaver of Hope","","","","","","","","0","23","",""
"1761","Colorless","","Witch-king of Angmar","","","","","","","","0","23","",""
"1761","Colorless","","Gimli, Mournful Avenger","","","","","","","","0","23","",""
"1764","Colorless","","The Fifth Doctor // Susan Foreman","","","","","","","","0","23","",""
"1765","Colorless","","Rip, Spawn Hunter","","","","","","","","0","23","",""
"1766","Colorless","","Shantotto, Tactician Magician","","","","","","","","0","23","",""
"1767","Colorless","","Symbiote Spider-Man","","","","","","","","0","23","",""
"1768","Colorless","","Trystan, Callous Cultivator","","","","","","","","0","23","",""
"1769","Colorless","","Iron Man, Bleeding Edge","","","","","","","","0","23","",""
"1770","Colorless","","Silver Surfer, Galactus's Herald","","","","","","","","0","23","",""
"1771","Colorless","","Bolg, Erebor's Reckoning","","","","","","","","0","23","",""
"1772","Colorless","","Seton, Krosan Protector","","","","","","","","0","22","",""
"1773","Colorless","","Kamahl, Fist of Krosa","","","","","","","","0","22","",""
"1774","Colorless","","Kiki-Jiki, Mirror Breaker","","","","","","","","0","22","",""
"1775","Colorless","","Teneb, the Harvester","","","","","","","","0","22","",""
"1776","Colorless","","Pharika, God of Affliction","","","","","","","","0","22","",""
"1777","Colorless","","Kalemne, Disciple of Iroas","","","","","","","","0","22","",""
"1778","Colorless","","Rebbec, Architect of Ascension // Silas Renn, Seeker Adept","","","","","","","","0","22","",""
"1779","Colorless","","Grand Warlord Radha","","","","","","","","0","22","",""
"1780","Colorless","","Judith, the Scourge Diva","","","","","","","","0","22","",""
"1781","Colorless","","Rayami, First of the Fallen","","","","","","","","0","22","",""
"1781","Colorless","","Sevinne, the Chronoclasm","","","","","","","","0","22","",""
"1783","Colorless","","Eloise, Nephalia Sleuth","","","","","","","","0","22","",""
"1784","Colorless","","Torsten, Founder of Benalia","","","","","","","","0","22","",""
"1785","Colorless","","Malcator, Purity Overseer","","","","","","","","0","22","",""
"1785","Colorless","","Unctus, Grand Metatect","","","","","","","","0","22","",""
"1787","Colorless","","Faramir, Prince of Ithilien","","","","","","","","0","22","",""
"1788","Colorless","","The Twelfth Doctor // Susan Foreman","","","","","","","","0","22","",""
"1788","Colorless","","RMS Titanic","","","","","","","","0","22","",""
"1790","Colorless","","Yes Man, Personal Securitron","","","","","","","","0","22","",""
"1791","Colorless","","Qala, Ajani's Pridemate","","","","","","","","0","22","",""
"1792","Colorless","","Diamond Weapon","","","","","","","","0","22","",""
"1793","Colorless","","Lluwen, Exchange Student","","","","","","","","0","22","",""
"1794","Colorless","","Thorin, Mountain-king","","","","","","","","0","22","",""
"1795","Colorless","","Madame Hydra","","","","","","","","0","22","",""
"1796","Colorless","","Seven of Nine","","","","","","","","0","22","",""
"1797","Colorless","","Sahir, Visitor in Darkness","","","","","","","","0","22","",""
"1798","Colorless","","Crosis, the Purger","","","","","","","","0","21","",""
"1799","Colorless","","Grenzo, Havoc Raiser","","","","","","","","0","21","",""
"1800","Colorless","","Kraum, Ludevic's Opus // Vial Smasher the Fierce","","","","","","","","0","21","",""
"1800","Colorless","","Krark, the Thumbless // Vial Smasher the Fierce","","","","","","","","0","21","",""
"1800","Colorless","","Ikra Shidiqi, the Usurper // Prava of the Steel Legion","","","","","","","","0","21","",""
"1800","Colorless","","Kodama of the East Tree // Tymna the Weaver","","","","","","","","0","21","",""
"1800","Colorless","","Sakashima of a Thousand Faces // Tymna the Weaver","","","","","","","","0","21","",""
"1805","Colorless","","Khorvath Brightflame // Sylvia Brightspear","","","","","","","","0","21","",""
"1806","Colorless","","Zagras, Thief of Heartbeats","","","","","","","","0","21","",""
"1807","Colorless","","Falthis, Shadowcat Familiar // Yoshimaru, Ever Faithful","","","","","","","","0","21","",""
"1808","Colorless","","Vega, the Watcher","","","","","","","","0","21","",""
"1808","Colorless","","Toralf, God of Fury","","","","","","","","0","21","",""
"1810","Colorless","","Jerren, Corrupted Bishop","","","","","","","","0","21","",""
"1810","Colorless","","Florian, Voldaren Scion","","","","","","","","0","21","",""
"1812","Colorless","","Junji, the Midnight Sky","","","","","","","","0","21","",""
"1812","Colorless","","Hidetsugu, Devouring Chaos","","","","","","","","0","21","",""
"1812","Colorless","","Immard, the Stormcleaver","","","","","","","","0","21","",""
"1815","Colorless","","Lozhan, Dragons' Legacy","","","","","","","","0","21","",""
"1815","Colorless","","Karlach, Fury of Avernus // Flaming Fist","","","","","","","","0","21","",""
"1815","Colorless","","Shadowheart, Dark Justiciar // Acolyte of Bahamut","","","","","","","","0","21","",""
"1818","Colorless","","Astor, Bearer of Blades","","","","","","","","0","21","",""
"1819","Colorless","","Kethek, Crucible Goliath","","","","","","","","0","21","",""
"1819","Colorless","","Slobad, Iron Goblin","","","","","","","","0","21","",""
"1821","Colorless","","Surrak and Goreclaw","","","","","","","","0","21","",""
"1822","Colorless","","Danitha, New Benalia's Light","","","","","","","","0","21","",""
"1823","Colorless","","Craig Boone, Novac Guard","","","","","","","","0","21","",""
"1824","Colorless","","Miriam, Herd Whisperer","","","","","","","","0","21","",""
"1824","Colorless","","Ertha Jo, Frontier Mentor","","","","","","","","0","21","",""
"1826","Colorless","","Toby, Beastie Befriender","","","","","","","","0","21","",""
"1827","Colorless","","Norin, Swift Survivalist","","","","","","","","0","21","",""
"1828","Colorless","","Garland, Knight of Cornelia","","","","","","","","0","21","",""
"1829","Colorless","","Tidus, Blitzball Star","","","","","","","","0","21","",""
"1830","Colorless","","Aang, Airbending Master","","","","","","","","0","21","",""
"1831","Colorless","","Hei Bai, Spirit of Balance","","","","","","","","0","21","",""
"1832","Colorless","","Absorbing Man and Titania","","","","","","","","0","21","",""
"1833","Colorless","","Gollum, Riddle Master","","","","","","","","0","21","",""
"1834","Colorless","","Miss Highwater","","","","","","","","0","21","",""
"1835","Colorless","","Winter, Team Player","","","","","","","","0","21","",""
"1836","Colorless","","Fblthp, Knows the Way","","","","","","","","0","21","",""
"1837","Colorless","","Nicol Bolas","","","","","","","","0","20","",""
"1837","Colorless","","Hazezon Tamar","","","","","","","","0","20","",""
"1839","Colorless","","Skeleton Ship","","","","","","","","0","20","",""
"1840","Colorless","","Bosh, Iron Golem","","","","","","","","0","20","",""
"1841","Colorless","","Masako the Humorless","","","","","","","","0","20","",""
"1842","Colorless","","Kazuul, Tyrant of the Cliffs","","","","","","","","0","20","",""
"1842","Colorless","","Wrexial, the Risen Deep","","","","","","","","0","20","",""
"1844","Colorless","","Vela the Night-Clad","","","","","","","","0","20","",""
"1845","Colorless","","Thassa, God of the Sea","","","","","","","","0","20","",""
"1846","Colorless","","Dragonlord Dromoka","","","","","","","","0","20","",""
"1847","Colorless","","Jori En, Ruin Diver","","","","","","","","0","20","",""
"1848","Colorless","","Gisela, the Broken Blade","","","","","","","","0","20","",""
"1849","Colorless","","Adeliz, the Cinder Wind","","","","","","","","0","20","",""
"1850","Colorless","","Reyav, Master Smith","","","","","","","","0","20","",""
"1850","Colorless","","Kodama of the East Tree // Sakashima of a Thousand Faces","","","","","","","","0","20","",""
"1852","Colorless","","Nadaar, Selfless Paladin","","","","","","","","0","20","",""
"1853","Colorless","","Othelm, Sigardian Outcast // Wernog, Rider's Chaplain","","","","","","","","0","20","",""
"1854","Colorless","","Oji, the Exquisite Blade","","","","","","","","0","20","",""
"1854","Colorless","","Safana, Calimport Cutthroat // Dungeon Delver","","","","","","","","0","20","",""
"1856","Colorless","","Farid, Enterprising Salvager","","","","","","","","0","20","",""
"1857","Colorless","","The Gaffer","","","","","","","","0","20","",""
"1858","Colorless","","Korvold, Gleeful Glutton","","","","","","","","0","20","",""
"1858","Colorless","","Sharae of Numbing Depths","","","","","","","","0","20","",""
"1860","Colorless","","The Fourth Doctor // Sarah Jane Smith","","","","","","","","0","20","",""
"1860","Colorless","","The Twelfth Doctor // Clara Oswald","","","","","","","","0","20","",""
"1862","Colorless","","The Meep","","","","","","","","0","20","",""
"1863","Colorless","","Kellan, Inquisitive Prodigy","","","","","","","","0","20","",""
"1864","Colorless","","Apothecary White","","","","","","","","0","20","",""
"1865","Colorless","","The Swarmweaver","","","","","","","","0","20","",""
"1866","Colorless","","Gau, Feral Youth","","","","","","","","0","20","",""
"1866","Colorless","","Gogo, Mysterious Mime","","","","","","","","0","20","",""
"1868","Colorless","","Torgal, A Fine Hound","","","","","","","","0","20","",""
"1869","Colorless","","Alpharael, Stonechosen","","","","","","","","0","20","",""
"1870","Colorless","","Long Feng, Grand Secretariat","","","","","","","","0","20","",""
"1871","Colorless","","Sandman, Shifting Scoundrel","","","","","","","","0","20","",""
"1872","Colorless","","Iroh, Dragon of the West","","","","","","","","0","20","",""
"1873","Colorless","","Zaffai and the Tempests","","","","","","","","0","20","",""
"1874","Colorless","","Wolverine, Fierce Fighter","","","","","","","","0","20","",""
"1875","Colorless","","Impossible Man","","","","","","","","0","20","",""
"1876","Colorless","","Rescue Girl, First Responder","","","","","","","","0","20","",""
"1877","Colorless","","Sakashima the Impostor","","","","","","","","0","19","",""
"1878","Colorless","","Malfegor","","","","","","","","0","19","",""
"1879","Colorless","","Thalia, Guardian of Thraben","","","","","","","","0","19","",""
"1880","Colorless","","Ulamog, the Ceaseless Hunger","","","","","","","","0","19","",""
"1881","Colorless","","Halana, Kessig Ranger // Tymna the Weaver","","","","","","","","0","19","",""
"1881","Colorless","","Krark, the Thumbless // Silas Renn, Seeker Adept","","","","","","","","0","19","",""
"1881","Colorless","","Kydele, Chosen of Kruphix // Tymna the Weaver","","","","","","","","0","19","",""
"1881","Colorless","","Ishai, Ojutai Dragonspeaker // Kediss, Emberclaw Familiar","","","","","","","","0","19","",""
"1885","Colorless","","Izoni, Thousand-Eyed","","","","","","","","0","19","",""
"1886","Colorless","","Mowu, Loyal Companion","","","","","","","","0","19","",""
"1886","Colorless","","Neheb, Dreadhorde Champion","","","","","","","","0","19","",""
"1888","Colorless","","Verazol, the Split Current","","","","","","","","0","19","",""
"1889","Colorless","","Enkira, Hostile Scavenger","","","","","","","","0","19","",""
"1890","Colorless","","Ich-Tekik, Salvage Splicer // Toggo, Goblin Weaponsmith","","","","","","","","0","19","",""
"1891","Colorless","","Krydle of Baldur's Gate","","","","","","","","0","19","",""
"1891","Colorless","","Farideh, Devil's Chosen","","","","","","","","0","19","",""
"1893","Colorless","","Baldin, Century Herdmaster","","","","","","","","0","19","",""
"1894","Colorless","","Burakos, Party Leader // Sword Coast Sailor","","","","","","","","0","19","",""
"1894","Colorless","","Karlach, Fury of Avernus // Sword Coast Sailor","","","","","","","","0","19","",""
"1894","Colorless","","Ganax, Astral Hunter // Agent of the Iron Throne","","","","","","","","0","19","",""
"1897","Colorless","","King Darien XLVIII","","","","","","","","0","19","",""
"1898","Colorless","","Anrakyr the Traveller","","","","","","","","0","19","",""
"1898","Colorless","","Captain Rex Nebula","","","","","","","","0","19","",""
"1900","Colorless","","Drafna, Founder of Lat-Nam","","","","","","","","0","19","",""
"1901","Colorless","","Zopandrel, Hunger Dominus","","","","","","","","0","19","",""
"1902","Colorless","","Plargg and Nassari","","","","","","","","0","19","",""
"1903","Colorless","","The Master, Formed Anew","","","","","","","","0","19","",""
"1903","Colorless","","The Thirteenth Doctor // Ryan Sinclair","","","","","","","","0","19","",""
"1905","Colorless","","Nicanzil, Current Conductor","","","","","","","","0","19","",""
"1906","Colorless","","Feather, Radiant Arbiter","","","","","","","","0","19","",""
"1906","Colorless","","Alquist Proft, Master Sleuth","","","","","","","","0","19","",""
"1908","Colorless","","Amzu, Swarm's Hunger","","","","","","","","0","19","",""
"1909","Colorless","","Kozilek, the Broken Reality","","","","","","","","0","19","",""
"1910","Colorless","","Sidisi, Regent of the Mire","","","","","","","","0","19","",""
"1911","Colorless","","Ultimecia, Time Sorceress","","","","","","","","0","19","",""
"1912","Colorless","","Shadow, Mysterious Assassin","","","","","","","","0","19","",""
"1913","Colorless","","Ultimate Green Goblin","","","","","","","","0","19","",""
"1914","Colorless","","Mai, Scornful Striker","","","","","","","","0","19","",""
"1915","Colorless","","Living Laser","","","","","","","","0","19","",""
"1916","Colorless","","Tolabow, Loch Rascal","","","","","","","","0","19","",""
"1917","Colorless","","Balin, Loremaster","","","","","","","","0","19","",""
"1917","Colorless","","Great Goblin, Foul-Hearted","","","","","","","","0","19","",""
"1919","Colorless","","Nivea, Beloved Battlemage","","","","","","","","0","19","",""
"1920","Colorless","","Soraya the Falconer","","","","","","","","0","18","",""
"1921","Colorless","","Sun Quan, Lord of Wu","","","","","","","","0","18","",""
"1922","Colorless","","Empress Galina","","","","","","","","0","18","",""
"1923","Colorless","","Ulasht, the Hate Seed","","","","","","","","0","18","",""
"1924","Colorless","","Isperia the Inscrutable","","","","","","","","0","18","",""
"1925","Colorless","","Muzzio, Visionary Architect","","","","","","","","0","18","",""
"1926","Colorless","","Ikra Shidiqi, the Usurper // Sidar Kondo of Jamuraa","","","","","","","","0","18","",""
"1927","Colorless","","Tahngarth, First Mate","","","","","","","","0","18","",""
"1928","Colorless","","Moraug, Fury of Akoum","","","","","","","","0","18","",""
"1929","Colorless","","Vikya, Scorching Stalwart","","","","","","","","0","18","",""
"1930","Colorless","","Urabrask, Heretic Praetor","","","","","","","","0","18","",""
"1931","Colorless","","Baeloth Barrityl, Entertainer // Clan Crafter","","","","","","","","0","18","",""
"1931","Colorless","","Shadowheart, Dark Justiciar // Cloakwood Hermit","","","","","","","","0","18","",""
"1931","Colorless","","Ganax, Astral Hunter // Guild Artisan","","","","","","","","0","18","",""
"1934","Colorless","","Nogi, Draco-Zealot","","","","","","","","0","18","",""
"1935","Colorless","","Goldbug, Humanity's Ally","","","","","","","","0","18","",""
"1936","Colorless","","Baral and Kari Zev","","","","","","","","0","18","",""
"1937","Colorless","","Shagrat, Loot Bearer","","","","","","","","0","18","",""
"1937","Colorless","","Bilbo, Retired Burglar","","","","","","","","0","18","",""
"1939","Colorless","","Inti, Seneschal of the Sun","","","","","","","","0","18","",""
"1940","Colorless","","Bruse Tarl, Roving Rancher","","","","","","","","0","18","",""
"1941","Colorless","","Evie Frye // Jacob Frye","","","","","","","","0","18","",""
"1942","Colorless","","Tyvar, the Pummeler","","","","","","","","0","18","",""
"1943","Colorless","","Hildibrand Manderville","","","","","","","","0","18","",""
"1944","Colorless","","Quina, Qu Gourmet","","","","","","","","0","18","",""
"1945","Colorless","","Prowler, Clawed Thief","","","","","","","","0","18","",""
"1946","Colorless","","Combustion Man","","","","","","","","0","18","",""
"1947","Colorless","","Moon Girl and Devil Dinosaur","","","","","","","","0","18","",""
"1948","Colorless","","Tam, Mindful First-Year","","","","","","","","0","18","",""
"1949","Colorless","","Bob, Reluctant HYDRA Agent","","","","","","","","0","18","",""
"1950","Colorless","","Elrond, Moon-Reader","","","","","","","","0","18","",""
"1951","Colorless","","Matoc, Lavamancer","","","","","","","","0","18","",""
"1951","Colorless","","The Weaver King","","","","","","","","0","18","",""
"1953","Colorless","","Hanna, Ship's Navigator","","","","","","","","0","17","",""
"1954","Colorless","","Hokori, Dust Drinker","","","","","","","","0","17","",""
"1955","Colorless","","Kaho, Minamo Historian","","","","","","","","0","17","",""
"1956","Colorless","","Jaya Ballard, Task Mage","","","","","","","","0","17","",""
"1957","Colorless","","Rosheen Meanderer","","","","","","","","0","17","",""
"1958","Colorless","","Triad of Fates","","","","","","","","0","17","",""
"1959","Colorless","","Ob Nixilis of the Black Oath","","","","","","","","0","17","",""
"1960","Colorless","","Shu Yun, the Silent Tempest","","","","","","","","0","17","",""
"1961","Colorless","","Akiri, Line-Slinger // Ardenn, Intrepid Archaeologist","","","","","","","","0","17","",""
"1961","Colorless","","Dargo, the Shipwrecker // Thrasios, Triton Hero","","","","","","","","0","17","",""
"1961","Colorless","","Francisco, Fowl Marauder // Thrasios, Triton Hero","","","","","","","","0","17","",""
"1964","Colorless","","Grunn, the Lonely King","","","","","","","","0","17","",""
"1965","Colorless","","Gregor, Shrewd Magistrate","","","","","","","","0","17","",""
"1966","Colorless","","Jeska, Thrice Reborn // Tevesh Szat, Doom of Fools","","","","","","","","0","17","",""
"1967","Colorless","","Esika's Chariot","","","","","","","","0","17","",""
"1968","Colorless","","Zimone, Quandrix Prodigy","","","","","","","","0","17","",""
"1969","Colorless","","Varis, Silverymoon Ranger","","","","","","","","0","17","",""
"1970","Colorless","","Elmar, Ulvenwald Informant // Hargilde, Kindly Runechanter","","","","","","","","0","17","",""
"1971","Colorless","","Geralf, Visionary Stitcher","","","","","","","","0","17","",""
"1972","Colorless","","Risona, Asari Commander","","","","","","","","0","17","",""
"1973","Colorless","","Jaheira, Friend of the Forest // Street Urchin","","","","","","","","0","17","",""
"1973","Colorless","","Vhal, Candlekeep Researcher // Raised by Giants","","","","","","","","0","17","",""
"1975","Colorless","","Ertai Resurrected","","","","","","","","0","17","",""
"1976","Colorless","","Migloz, Maze Crusher","","","","","","","","0","17","",""
"1977","Colorless","","Prince Imrahil the Fair","","","","","","","","0","17","",""
"1978","Colorless","","Troyan, Gutsy Explorer","","","","","","","","0","17","",""
"1979","Colorless","","Witch-king, Sky Scourge","","","","","","","","0","17","",""
"1980","Colorless","","Captain Storm, Cosmium Raider","","","","","","","","0","17","",""
"1981","Colorless","","Izoni, Center of the Web","","","","","","","","0","17","",""
"1981","Colorless","","Ezrim, Agency Chief","","","","","","","","0","17","",""
"1983","Colorless","","Moira Brown, Guide Author","","","","","","","","0","17","",""
"1984","Colorless","","Kitsa, Otterball Elite","","","","","","","","0","17","",""
"1985","Colorless","","Firion, Wild Rose Warrior","","","","","","","","0","17","",""
"1986","Colorless","","Tromell, Seymour's Butler","","","","","","","","0","17","",""
"1987","Colorless","","Spider-Man, Peter Parker","","","","","","","","0","17","",""
"1988","Colorless","","Carnage, Crimson Chaos","","","","","","","","0","17","",""
"1989","Colorless","","Abby, Merciless Soldier // Joel, Resolute Survivor","","","","","","","","0","17","",""
"1990","Colorless","","Krang, Master Mind","","","","","","","","0","17","",""
"1991","Colorless","","Dr. Beverly Crusher","","","","","","","","0","17","",""
"1992","Colorless","","Multani, Maro-Sorcerer","","","","","","","","0","16","",""
"1993","Colorless","","Iname, Death Aspect","","","","","","","","0","16","",""
"1994","Colorless","","Patron of the Orochi","","","","","","","","0","16","",""
"1995","Colorless","","Ib Halfheart, Goblin Tactician","","","","","","","","0","16","",""
"1995","Colorless","","Thelon of Havenwood","","","","","","","","0","16","",""
"1995","Colorless","","Mishra, Artificer Prodigy","","","","","","","","0","16","",""
"1998","Colorless","","Sygg, River Guide","","","","","","","","0","16","",""
"1999","Colorless","","Ishkanah, Grafwidow","","","","","","","","0","16","",""
"2000","Colorless","","Bruse Tarl, Boorish Herder // Thrasios, Triton Hero","","","","","","","","0","16","",""
"2000","Colorless","","Ravos, Soultender // Tymna the Weaver","","","","","","","","0","16","",""
"2002","Colorless","","Tishana, Voice of Thunder","","","","","","","","0","16","",""
"2003","Colorless","","Multani, Yavimaya's Avatar","","","","","","","","0","16","",""
"2003","Colorless","","Aryel, Knight of Windgrace","","","","","","","","0","16","",""
"2005","Colorless","","Aurelia, Exemplar of Justice","","","","","","","","0","16","",""
"2006","Colorless","","Fblthp, the Lost","","","","","","","","0","16","",""
"2007","Colorless","","Rienne, Angel of Rebirth","","","","","","","","0","16","",""
"2008","Colorless","","Linden, the Steadfast Queen","","","","","","","","0","16","",""
"2008","Colorless","","Syr Elenora, the Discerning","","","","","","","","0","16","",""
"2010","Colorless","","Nylea, Keen-Eyed","","","","","","","","0","16","",""
"2011","Colorless","","Colfenor, the Last Yew","","","","","","","","0","16","",""
"2012","Colorless","","Mila, Crafty Companion","","","","","","","","0","16","",""
"2012","Colorless","","Mavinda, Students' Advocate","","","","","","","","0","16","",""
"2012","Colorless","","Blex, Vexing Pest","","","","","","","","0","16","",""
"2015","Colorless","","Denry Klin, Editor in Chief","","","","","","","","0","16","",""
"2016","Colorless","","Kagha, Shadow Archdruid","","","","","","","","0","16","",""
"2016","Colorless","","Wilson, Refined Grizzly // Cultist of the Absolute","","","","","","","","0","16","",""
"2018","Colorless","","Nemata, Primeval Warden","","","","","","","","0","16","",""
"2019","Colorless","","Deathleaper, Terror Weapon","","","","","","","","0","16","",""
"2020","Colorless","","Blaster, Combat DJ","","","","","","","","0","16","",""
"2021","Colorless","","Jor Kadeen, First Goldwarden","","","","","","","","0","16","",""
"2022","Colorless","","The Second Doctor // Leela, Sevateem Warrior","","","","","","","","0","16","",""
"2023","Colorless","","Krenko, Baron of Tin Street","","","","","","","","0","16","",""
"2024","Colorless","","Lonis, Genetics Expert","","","","","","","","0","16","",""
"2025","Colorless","","The Odd Acorn Gang","","","","","","","","0","16","",""
"2026","Colorless","","Ozox, the Clattering King","","","","","","","","0","16","",""
"2027","Colorless","","Tersa Lightshatter","","","","","","","","0","16","",""
"2028","Colorless","","Sabin, Master Monk","","","","","","","","0","16","",""
"2028","Colorless","","Krile Baldesion","","","","","","","","0","16","",""
"2030","Colorless","","Fire Lord Ozai","","","","","","","","0","16","",""
"2031","Colorless","","Donatello, Gadget Master","","","","","","","","0","16","",""
"2032","Colorless","","Shredder, Shadow Master","","","","","","","","0","16","",""
"2033","Colorless","","Tam, Observant Sequencer","","","","","","","","0","16","",""
"2034","Colorless","","The Vision","","","","","","","","0","16","",""
"2035","Colorless","","Shuri, Wakandan Inventor","","","","","","","","0","16","",""
"2035","Colorless","","Loki, God of Mischief","","","","","","","","0","16","",""
"2035","Colorless","","Okoye, Mighty and Adored","","","","","","","","0","16","",""
"2038","Colorless","","Black Widow, Agile Avenger","","","","","","","","0","16","",""
"2039","Colorless","","Power Pack","","","","","","","","0","16","",""
"2040","Colorless","","Meatsqueak, Hoard Lord","","","","","","","","0","16","",""
"2041","Colorless","","Circu, Dimir Lobotomist","","","","","","","","0","15","",""
"2042","Colorless","","Sapling of Colfenor","","","","","","","","0","15","",""
"2043","Colorless","","Thrun, the Last Troll","","","","","","","","0","15","",""
"2044","Colorless","","Nin, the Pain Artist","","","","","","","","0","15","",""
"2045","Colorless","","Dromoka, the Eternal","","","","","","","","0","15","",""
"2046","Colorless","","Kaseto, Orochi Archmage","","","","","","","","0","15","",""
"2047","Colorless","","Sidar Kondo of Jamuraa // Tymna the Weaver","","","","","","","","0","15","",""
"2047","Colorless","","Ardenn, Intrepid Archaeologist // Kraum, Ludevic's Opus","","","","","","","","0","15","",""
"2047","Colorless","","Kodama of the East Tree // Vial Smasher the Fierce","","","","","","","","0","15","",""
"2047","Colorless","","Ludevic, Necro-Alchemist // Vial Smasher the Fierce","","","","","","","","0","15","",""
"2051","Colorless","","Neheb, the Worthy","","","","","","","","0","15","",""
"2052","Colorless","","God-Eternal Kefnet","","","","","","","","0","15","",""
"2053","Colorless","","Eutropia the Twice-Favored","","","","","","","","0","15","",""
"2053","Colorless","","Callaphe, Beloved of the Sea","","","","","","","","0","15","",""
"2053","Colorless","","Renata, Called to the Hunt","","","","","","","","0","15","",""
"2056","Colorless","","General Kudro of Drannith","","","","","","","","0","15","",""
"2057","Colorless","","Ardenn, Intrepid Archaeologist // Esior, Wardwing Familiar","","","","","","","","0","15","",""
"2058","Colorless","","Catti-brie of Mithral Hall","","","","","","","","0","15","",""
"2058","Colorless","","The Tarrasque","","","","","","","","0","15","",""
"2060","Colorless","","Volo, Itinerant Scholar // Folk Hero","","","","","","","","0","15","",""
"2060","Colorless","","Ganax, Astral Hunter // Dragon Cultist","","","","","","","","0","15","",""
"2060","Colorless","","Ganax, Astral Hunter // Far Traveler","","","","","","","","0","15","",""
"2063","Colorless","","Uglúk of the White Hand","","","","","","","","0","15","",""
"2063","Colorless","","Arwen Undómiel","","","","","","","","0","15","",""
"2065","Colorless","","Cult of Skaro","","","","","","","","0","15","",""
"2065","Colorless","","The Ninth Doctor // Clara Oswald","","","","","","","","0","15","",""
"2067","Colorless","","Raul, Trouble Shooter","","","","","","","","0","15","",""
"2068","Colorless","","Green Goblin, Nemesis","","","","","","","","0","15","",""
"2069","Colorless","","Professor Hojo","","","","","","","","0","15","",""
"2070","Colorless","","Ellie, Brick Master // Ellie, Vengeful Hunter","","","","","","","","0","15","",""
"2071","Colorless","","Bebop & Rocksteady","","","","","","","","0","15","",""
"2072","Colorless","","Azula, Ruthless Firebender","","","","","","","","0","15","",""
"2073","Colorless","","Gran-Gran","","","","","","","","0","15","",""
"2074","Colorless","","The Unagi of Kyoshi Island","","","","","","","","0","15","",""
"2075","Colorless","","Raph & Leo, Sibling Rivals","","","","","","","","0","15","",""
"2076","Colorless","","M.O.D.O.K.","","","","","","","","0","15","",""
"2077","Colorless","","Doctor Strange, Surgeon","","","","","","","","0","15","",""
"2077","Colorless","","Immortus, Master of Eternity","","","","","","","","0","15","",""
"2079","Colorless","","Davvol, Evincar of Rath","","","","","","","","0","15","",""
"2080","Colorless","","Kiora of Fire and Ashes","","","","","","","","0","15","",""
"2081","Colorless","","Marwyn, the Preserver","","","","","","","","0","15","",""
"2082","Colorless","","Tomik, Izzet Sparkmage","","","","","","","","0","15","",""
"2083","Colorless","","Eladamri, Lord of Leaves","","","","","","","","0","14","",""
"2084","Colorless","","Keiga, the Tide Star","","","","","","","","0","14","",""
"2085","Colorless","","Lovisa Coldeyes","","","","","","","","0","14","",""
"2086","Colorless","","Akroma, Angel of Fury","","","","","","","","0","14","",""
"2087","Colorless","","Sidisi, Undead Vizier","","","","","","","","0","14","",""
"2088","Colorless","","Oviya Pashiri, Sage Lifecrafter","","","","","","","","0","14","",""
"2089","Colorless","","Armix, Filigree Thrasher // Silas Renn, Seeker Adept","","","","","","","","0","14","",""
"2089","Colorless","","Kydele, Chosen of Kruphix // Ravos, Soultender","","","","","","","","0","14","",""
"2089","Colorless","","Ishai, Ojutai Dragonspeaker // Kraum, Ludevic's Opus","","","","","","","","0","14","",""
"2092","Colorless","","Djeru, With Eyes Open","","","","","","","","0","14","",""
"2093","Colorless","","Kwende, Pride of Femeref","","","","","","","","0","14","",""
"2093","Colorless","","Squee, the Immortal","","","","","","","","0","14","",""
"2093","Colorless","","Evra, Halcyon Witness","","","","","","","","0","14","",""
"2096","Colorless","","Haktos the Unscarred","","","","","","","","0","14","",""
"2097","Colorless","","Sakashima of a Thousand Faces // Tormod, the Desecrator","","","","","","","","0","14","",""
"2097","Colorless","","Ardenn, Intrepid Archaeologist // Kediss, Emberclaw Familiar","","","","","","","","0","14","",""
"2097","Colorless","","Francisco, Fowl Marauder // Rograkh, Son of Rohgahh","","","","","","","","0","14","",""
"2097","Colorless","","Krark, the Thumbless // Rograkh, Son of Rohgahh","","","","","","","","0","14","",""
"2101","Colorless","","Alrund, God of the Cosmos","","","","","","","","0","14","",""
"2101","Colorless","","Cosima, God of the Voyage","","","","","","","","0","14","",""
"2103","Colorless","","Tourach, Dread Cantor","","","","","","","","0","14","",""
"2104","Colorless","","Nihiloor","","","","","","","","0","14","",""
"2104","Colorless","","Minsc, Beloved Ranger","","","","","","","","0","14","",""
"2104","Colorless","","Storvald, Frost Giant Jarl","","","","","","","","0","14","",""
"2107","Colorless","","Odric, Blood-Cursed","","","","","","","","0","14","",""
"2107","Colorless","","Kamber, the Plunderer // Laurine, the Diversion","","","","","","","","0","14","",""
"2109","Colorless","","Ao, the Dawn Sky","","","","","","","","0","14","",""
"2110","Colorless","","Commander Liara Portyr","","","","","","","","0","14","",""
"2110","Colorless","","Sivriss, Nightmare Speaker // Cloakwood Hermit","","","","","","","","0","14","",""
"2110","Colorless","","Jaheira, Friend of the Forest // Agent of the Iron Throne","","","","","","","","0","14","",""
"2110","Colorless","","Jaheira, Friend of the Forest // Clan Crafter","","","","","","","","0","14","",""
"2110","Colorless","","Lae'zel, Vlaakith's Champion // Noble Heritage","","","","","","","","0","14","",""
"2115","Colorless","","Rosnakht, Heir of Rohgahh","","","","","","","","0","14","",""
"2115","Colorless","","Baird, Argivian Recruiter","","","","","","","","0","14","",""
"2115","Colorless","","Ayesha Tanaka, Armorer","","","","","","","","0","14","",""
"2118","Colorless","","Illuminor Szeras","","","","","","","","0","14","",""
"2119","Colorless","","Mathise, Surge Channeler","","","","","","","","0","14","",""
"2120","Colorless","","Erestor of the Council","","","","","","","","0","14","",""
"2120","Colorless","","Radagast, Wizard of Wilds","","","","","","","","0","14","",""
"2120","Colorless","","Théoden, King of Rohan","","","","","","","","0","14","",""
"2123","Colorless","","The Eleventh Doctor // Amy Pond","","","","","","","","0","14","",""
"2123","Colorless","","The War Doctor // Susan Foreman","","","","","","","","0","14","",""
"2123","Colorless","","The Beast, Deathless Prince","","","","","","","","0","14","",""
"2126","Colorless","","Strong, the Brutish Thespian","","","","","","","","0","14","",""
"2127","Colorless","","Ezio, Blade of Vengeance","","","","","","","","0","14","",""
"2128","Colorless","","Kianne, Corrupted Memory","","","","","","","","0","14","",""
"2129","Colorless","","Hazoret, Godseeker","","","","","","","","0","14","",""
"2130","Colorless","","Rinoa Heartilly","","","","","","","","0","14","",""
"2131","Colorless","","Rikku, Resourceful Guardian","","","","","","","","0","14","",""
"2131","Colorless","","Barret, Avalanche Leader","","","","","","","","0","14","",""
"2133","Colorless","","Freya Crescent","","","","","","","","0","14","",""
"2134","Colorless","","Haliya, Ascendant Cadet","","","","","","","","0","14","",""
"2135","Colorless","","Sanar, Innovative First-Year","","","","","","","","0","14","",""
"2136","Colorless","","Mondo Gecko","","","","","","","","0","14","",""
"2136","Colorless","","Mikey & Don, Party Planners","","","","","","","","0","14","",""
"2136","Colorless","","Don & Raph, Hard Science","","","","","","","","0","14","",""
"2139","Colorless","","Baxter Stockman","","","","","","","","0","14","",""
"2140","Colorless","","The Dawning Archaic","","","","","","","","0","14","",""
"2141","Colorless","","Page, Loose Leaf","","","","","","","","0","14","",""
"2142","Colorless","","Kang, Temporal Tyrant","","","","","","","","0","14","",""
"2143","Colorless","","Wolverine, Claws Out","","","","","","","","0","14","",""
"2143","Colorless","","Iron Man, Tony Stark","","","","","","","","0","14","",""
"2145","Colorless","","Arni, Humble Scribe","","","","","","","","0","14","",""
"2145","Colorless","","Loot, the Nexus","","","","","","","","0","14","",""
"2147","Colorless","","Sol'kanar the Swamp King","","","","","","","","0","13","",""
"2148","Colorless","","Asmira, Holy Avenger","","","","","","","","0","13","",""
"2149","Colorless","","Mageta the Lion","","","","","","","","0","13","",""
"2150","Colorless","","Kira, Great Glass-Spinner","","","","","","","","0","13","",""
"2150","Colorless","","Chisei, Heart of Oceans","","","","","","","","0","13","",""
"2152","Colorless","","Adamaro, First to Desire","","","","","","","","0","13","",""
"2152","Colorless","","Sekki, Seasons' Guide","","","","","","","","0","13","",""
"2154","Colorless","","Sisters of Stone Death","","","","","","","","0","13","",""
"2155","Colorless","","Stonebrow, Krosan Hero","","","","","","","","0","13","",""
"2156","Colorless","","Mikaeus, the Lunarch","","","","","","","","0","13","",""
"2157","Colorless","","Anax and Cymede","","","","","","","","0","13","",""
"2157","Colorless","","Tymaret, the Murder King","","","","","","","","0","13","",""
"2159","Colorless","","Sidar Kondo of Jamuraa // Vial Smasher the Fierce","","","","","","","","0","13","",""
"2159","Colorless","","Krark, the Thumbless // Tymna the Weaver","","","","","","","","0","13","",""
"2159","Colorless","","Sidar Kondo of Jamuraa // Silas Renn, Seeker Adept","","","","","","","","0","13","",""
"2159","Colorless","","Bruse Tarl, Boorish Herder // Tymna the Weaver","","","","","","","","0","13","",""
"2159","Colorless","","Ishai, Ojutai Dragonspeaker // Kodama of the East Tree","","","","","","","","0","13","",""
"2159","Colorless","","Ravos, Soultender // Tormod, the Desecrator","","","","","","","","0","13","",""
"2159","Colorless","","Reyhan, Last of the Abzan // Tymna the Weaver","","","","","","","","0","13","",""
"2159","Colorless","","Bruse Tarl, Boorish Herder // Kamahl, Heart of Krosa","","","","","","","","0","13","",""
"2167","Colorless","","Danitha Capashen, Paragon","","","","","","","","0","13","",""
"2168","Colorless","","Varchild, Betrayer of Kjeldor","","","","","","","","0","13","",""
"2169","Colorless","","Syr Carah, the Bold","","","","","","","","0","13","",""
"2170","Colorless","","Kogla, the Titan Ape","","","","","","","","0","13","",""
"2171","Colorless","","Ghost of Ramirez DePietro // Tormod, the Desecrator","","","","","","","","0","13","",""
"2171","Colorless","","Dargo, the Shipwrecker // Jeska, Thrice Reborn","","","","","","","","0","13","",""
"2171","Colorless","","Falthis, Shadowcat Familiar // Jeska, Thrice Reborn","","","","","","","","0","13","",""
"2174","Colorless","","Tivash, Gloom Summoner","","","","","","","","0","13","",""
"2174","Colorless","","Valentin, Dean of the Vein","","","","","","","","0","13","",""
"2174","Colorless","","Tanazir Quandrix","","","","","","","","0","13","",""
"2177","Colorless","","Saryth, the Viper's Fang","","","","","","","","0","13","",""
"2177","Colorless","","Jadar, Ghoulcaller of Nephalia","","","","","","","","0","13","",""
"2179","Colorless","","Cecily, Haunted Mage","","","","","","","","0","13","",""
"2179","Colorless","","Cecily, Haunted Mage // Sophina, Spearsage Deserter","","","","","","","","0","13","",""
"2179","Colorless","","Arvinox, the Mind Flail","","","","","","","","0","13","",""
"2182","Colorless","","Wilson, Refined Grizzly // Agent of the Shadow Thieves","","","","","","","","0","13","",""
"2183","Colorless","","Rulik Mons, Warren Chief","","","","","","","","0","13","",""
"2183","Colorless","","Emperor Mihail II","","","","","","","","0","13","",""
"2183","Colorless","","Rasputin, the Oneiromancer","","","","","","","","0","13","",""
"2183","Colorless","","Uurg, Spawn of Turg","","","","","","","","0","13","",""
"2187","Colorless","","Frodo Baggins","","","","","","","","0","13","",""
"2188","Colorless","","The Fourteenth Doctor // K-9, Mark I","","","","","","","","0","13","",""
"2189","Colorless","","The Fourteenth Doctor // Rose Noble","","","","","","","","0","13","",""
"2190","Colorless","","The Prydwen, Steel Flagship","","","","","","","","0","13","",""
"2191","Colorless","","Selvala, Eager Trailblazer","","","","","","","","0","13","",""
"2192","Colorless","","Shaun & Rebecca, Agents","","","","","","","","0","13","",""
"2193","Colorless","","Winter, Cursed Rider","","","","","","","","0","13","",""
"2194","Colorless","","Edgar, Master Machinist","","","","","","","","0","13","",""
"2195","Colorless","","Spider-Punk","","","","","","","","0","13","",""
"2196","Colorless","","Mutagen Man, Living Ooze","","","","","","","","0","13","",""
"2197","Colorless","","Krang & Shredder","","","","","","","","0","13","",""
"2198","Colorless","","Nita, Forum Conciliator","","","","","","","","0","13","",""
"2199","Colorless","","Black Widow, Double Agent","","","","","","","","0","13","",""
"2200","Colorless","","The Vision and Scarlet Witch","","","","","","","","0","13","",""
"2201","Colorless","","H.E.R.B.I.E., Lovable Robot","","","","","","","","0","13","",""
"2202","Colorless","","Rikala, Homarid King","","","","","","","","0","13","",""
"2202","Colorless","","Venser, Visionary Traveler","","","","","","","","0","13","",""
"2202","Colorless","","Boss Uramon, Shadow's Reach","","","","","","","","0","13","",""
"2205","Colorless","","Jiang Yanggu, Never Alone","","","","","","","","0","13","",""
"2206","Colorless","","Mabel, Bitter Recluse","","","","","","","","0","13","",""
"2207","Colorless","","Saheeli, Consul of Oversight","","","","","","","","0","13","",""
"2208","Colorless","","Xira Arien","","","","","","","","0","12","",""
"2209","Colorless","","Márton Stromgald","","","","","","","","0","12","",""
"2210","Colorless","","Treva, the Renewer","","","","","","","","0","12","",""
"2211","Colorless","","Seshiro the Anointed","","","","","","","","0","12","",""
"2212","Colorless","","Celestial Kirin","","","","","","","","0","12","",""
"2213","Colorless","","Dralnu, Lich Lord","","","","","","","","0","12","",""
"2214","Colorless","","Gwafa Hazid, Profiteer","","","","","","","","0","12","",""
"2215","Colorless","","Lavinia of the Tenth","","","","","","","","0","12","",""
"2216","Colorless","","Ob Nixilis, Unshackled","","","","","","","","0","12","",""
"2217","Colorless","","Ardenn, Intrepid Archaeologist // Tana, the Bloodsower","","","","","","","","0","12","",""
"2217","Colorless","","Kodama of the East Tree // Ravos, Soultender","","","","","","","","0","12","",""
"2217","Colorless","","Dargo, the Shipwrecker // Silas Renn, Seeker Adept","","","","","","","","0","12","",""
"2217","Colorless","","Ikra Shidiqi, the Usurper // Sakashima of a Thousand Faces","","","","","","","","0","12","",""
"2217","Colorless","","Ravos, Soultender // Thrasios, Triton Hero","","","","","","","","0","12","",""
"2222","Colorless","","Taigam, Sidisi's Hand","","","","","","","","0","12","",""
"2223","Colorless","","Zetalpa, Primal Dawn","","","","","","","","0","12","",""
"2224","Colorless","","Gorm the Great // Virtus the Veiled","","","","","","","","0","12","",""
"2225","Colorless","","Thryx, the Sudden Storm","","","","","","","","0","12","",""
"2226","Colorless","","Jolrael, Mwonvuli Recluse","","","","","","","","0","12","",""
"2227","Colorless","","Ormos, Archive Keeper","","","","","","","","0","12","",""
"2228","Colorless","","Kediss, Emberclaw Familiar // Rograkh, Son of Rohgahh","","","","","","","","0","12","",""
"2228","Colorless","","Kodama of the East Tree // Yoshimaru, Ever Faithful","","","","","","","","0","12","",""
"2228","Colorless","","Esior, Wardwing Familiar // Yoshimaru, Ever Faithful","","","","","","","","0","12","",""
"2228","Colorless","","Zara, Renegade Recruiter","","","","","","","","0","12","",""
"2228","Colorless","","Dargo, the Shipwrecker // Tevesh Szat, Doom of Fools","","","","","","","","0","12","",""
"2228","Colorless","","Hans Eriksson","","","","","","","","0","12","",""
"2234","Colorless","","Nils, Discipline Enforcer","","","","","","","","0","12","",""
"2235","Colorless","","Timothar, Baron of Bats","","","","","","","","0","12","",""
"2236","Colorless","","Jaheira, Friend of the Forest // Inspiring Leader","","","","","","","","0","12","",""
"2236","Colorless","","Korlessa, Scale Singer","","","","","","","","0","12","",""
"2236","Colorless","","Zellix, Sanity Flayer // Scion of Halaster","","","","","","","","0","12","",""
"2236","Colorless","","Volo, Itinerant Scholar // Haunted One","","","","","","","","0","12","",""
"2236","Colorless","","Burakos, Party Leader // Guild Artisan","","","","","","","","0","12","",""
"2236","Colorless","","Shadowheart, Dark Justiciar // Noble Heritage","","","","","","","","0","12","",""
"2242","Colorless","","Rona, Sheoldred's Faithful","","","","","","","","0","12","",""
"2243","Colorless","","Ambassador Blorpityblorpboop","","","","","","","","0","12","",""
"2244","Colorless","","Harbin, Vanguard Aviator","","","","","","","","0","12","",""
"2245","Colorless","","Moira and Teshar","","","","","","","","0","12","",""
"2246","Colorless","","Mauhúr, Uruk-hai Captain","","","","","","","","0","12","",""
"2247","Colorless","","The Sixth Doctor // Peri Brown","","","","","","","","0","12","",""
"2247","Colorless","","The War Doctor // K-9, Mark I","","","","","","","","0","12","",""
"2249","Colorless","","The Indomitable","","","","","","","","0","12","",""
"2250","Colorless","","Tesak, Judith's Hellhound","","","","","","","","0","12","",""
"2251","Colorless","","Sierra, Nuka's Biggest Fan","","","","","","","","0","12","",""
"2252","Colorless","","Annie Flash, the Veteran","","","","","","","","0","12","",""
"2253","Colorless","","The Last Ride","","","","","","","","0","12","",""
"2254","Colorless","","The Falcon, Airship Restored","","","","","","","","0","12","",""
"2255","Colorless","","Adelbert Steiner","","","","","","","","0","12","",""
"2256","Colorless","","Judge Magister Gabranth","","","","","","","","0","12","",""
"2257","Colorless","","Seifer Almasy","","","","","","","","0","12","",""
"2258","Colorless","","Molten Man, Inferno Incarnate","","","","","","","","0","12","",""
"2259","Colorless","","Leonardo, Sewer Samurai","","","","","","","","0","12","",""
"2259","Colorless","","Michelangelo, the Heart // Raphael, the Muscle","","","","","","","","0","12","",""
"2261","Colorless","","Groundchuck & Dirtbag","","","","","","","","0","12","",""
"2261","Colorless","","Tokka & Rahzar, Terrible Twos","","","","","","","","0","12","",""
"2263","Colorless","","Krang, the All-Powerful","","","","","","","","0","12","",""
"2264","Colorless","","Absorbing Man","","","","","","","","0","12","",""
"2265","Colorless","","Falcon and Redwing","","","","","","","","0","12","",""
"2266","Colorless","","Red Ghost, Intangible Genius","","","","","","","","0","12","",""
"2267","Colorless","","M'Baku, Jabari Chieftain","","","","","","","","0","12","",""
"2268","Colorless","","Bard the Bowman","","","","","","","","0","12","",""
"2269","Colorless","","Maraxus of Keld","","","","","","","","0","11","",""
"2270","Colorless","","Bladewing the Risen","","","","","","","","0","11","",""
"2271","Colorless","","Michiko Konda, Truth Seeker","","","","","","","","0","11","",""
"2272","Colorless","","Teferi, Mage of Zhalfir","","","","","","","","0","11","",""
"2273","Colorless","","Drana, Kalastria Bloodchief","","","","","","","","0","11","",""
"2274","Colorless","","Urabrask the Hidden","","","","","","","","0","11","",""
"2275","Colorless","","Tajic, Blade of the Legion","","","","","","","","0","11","",""
"2276","Colorless","","Kamahl, Heart of Krosa // Tymna the Weaver","","","","","","","","0","11","",""
"2276","Colorless","","Jeska, Thrice Reborn // Thrasios, Triton Hero","","","","","","","","0","11","",""
"2276","Colorless","","Esior, Wardwing Familiar // Tymna the Weaver","","","","","","","","0","11","",""
"2276","Colorless","","Ludevic, Necro-Alchemist // Sidar Kondo of Jamuraa","","","","","","","","0","11","",""
"2280","Colorless","","Kefnet the Mindful","","","","","","","","0","11","",""
"2281","Colorless","","Shanna, Sisay's Legacy","","","","","","","","0","11","",""
"2281","Colorless","","Whisper, Blood Liturgist","","","","","","","","0","11","",""
"2283","Colorless","","Tajic, Legion's Edge","","","","","","","","0","11","",""
"2284","Colorless","","Gerrard, Weatherlight Hero","","","","","","","","0","11","",""
"2285","Colorless","","Akim, the Soaring Wind","","","","","","","","0","11","",""
"2286","Colorless","","Niambi, Esteemed Speaker","","","","","","","","0","11","",""
"2287","Colorless","","Jeska, Thrice Reborn // Rograkh, Son of Rohgahh","","","","","","","","0","11","",""
"2287","Colorless","","Keskit, the Flesh Sculptor // Toggo, Goblin Weaponsmith","","","","","","","","0","11","",""
"2287","Colorless","","Akroma, Vision of Ixidor // Rograkh, Son of Rohgahh","","","","","","","","0","11","",""
"2290","Colorless","","Losheel, Clockwork Scholar","","","","","","","","0","11","",""
"2291","Colorless","","Old Gnawbone","","","","","","","","0","11","",""
"2292","Colorless","","Gorex, the Tombshell","","","","","","","","0","11","",""
"2293","Colorless","","Henrika Domnathi","","","","","","","","0","11","",""
"2294","Colorless","","Satsuki, the Living Lore","","","","","","","","0","11","",""
"2294","Colorless","","Kairi, the Swirling Sky","","","","","","","","0","11","",""
"2296","Colorless","","Shadowheart, Dark Justiciar // Agent of the Iron Throne","","","","","","","","0","11","",""
"2296","Colorless","","Rasaad yn Bashir // Dungeon Delver","","","","","","","","0","11","",""
"2296","Colorless","","Thrakkus the Butcher","","","","","","","","0","11","",""
"2296","Colorless","","Wilson, Refined Grizzly // Tavern Brawler","","","","","","","","0","11","",""
"2296","Colorless","","Sarevok, Deathbringer // Raised by Giants","","","","","","","","0","11","",""
"2301","Colorless","","Sauron, the Lidless Eye","","","","","","","","0","11","",""
"2301","Colorless","","Elrond of the White Council","","","","","","","","0","11","",""
"2303","Colorless","","The War Doctor // Ryan Sinclair","","","","","","","","0","11","",""
"2303","Colorless","","The Twelfth Doctor // Vislor Turlough","","","","","","","","0","11","",""
"2305","Colorless","","Itzquinth, Firstborn of Gishath","","","","","","","","0","11","",""
"2306","Colorless","","Lavinia, Foil to Conspiracy","","","","","","","","0","11","",""
"2307","Colorless","","Kellogg, Dangerous Mind","","","","","","","","0","11","",""
"2308","Colorless","","Malcolm, the Eyes","","","","","","","","0","11","",""
"2309","Colorless","","The Wandering Rescuer","","","","","","","","0","11","",""
"2310","Colorless","","Jill, Shiva's Dominant","","","","","","","","0","11","",""
"2311","Colorless","","Wakka, Devoted Guardian","","","","","","","","0","11","",""
"2312","Colorless","","Cait Sith, Fortune Teller","","","","","","","","0","11","",""
"2313","Colorless","","Syr Vondam, the Lucent","","","","","","","","0","11","",""
"2314","Colorless","","Spider-Ham, Peter Porker","","","","","","","","0","11","",""
"2315","Colorless","","Rhino, Barreling Brute","","","","","","","","0","11","",""
"2316","Colorless","","The Destined Black Mage","","","","","","","","0","11","",""
"2317","Colorless","","Zhao, the Moon Slayer","","","","","","","","0","11","",""
"2318","Colorless","","Maximus, Knight Apparent","","","","","","","","0","11","",""
"2319","Colorless","","Slash, Reptile Rampager","","","","","","","","0","11","",""
"2320","Colorless","","Shuri, the Black Panther","","","","","","","","0","11","",""
"2321","Colorless","","Wiccan, Rising Magician","","","","","","","","0","11","",""
"2322","Colorless","","Silver Surfer, Cosmic Voyager","","","","","","","","0","11","",""
"2322","Colorless","","Professor Hulk","","","","","","","","0","11","",""
"2322","Colorless","","Bullseye, Death Dealer","","","","","","","","0","11","",""
"2325","Colorless","","Grakk the Pacifist","","","","","","","","0","11","",""
"2325","Colorless","","Balefang the Unslayable","","","","","","","","0","11","",""
"2327","Colorless","","Danitha, Spear of Agony","","","","","","","","0","11","",""
"2328","Colorless","","Yoshimaru, Beloved Companion","","","","","","","","0","11","",""
"2329","Colorless","","Marwyn, the Clearcutter","","","","","","","","0","11","",""
"2330","Colorless","","Chromium","","","","","","","","0","10","",""
"2330","Colorless","","Gwendlyn Di Corci","","","","","","","","0","10","",""
"2332","Colorless","","Rayne, Academy Chancellor","","","","","","","","0","10","",""
"2333","Colorless","","Volrath the Fallen","","","","","","","","0","10","",""
"2334","Colorless","","Fumiko the Lowblood","","","","","","","","0","10","",""
"2335","Colorless","","Tana, the Bloodsower // Tevesh Szat, Doom of Fools","","","","","","","","0","10","",""
"2335","Colorless","","Kraum, Ludevic's Opus // Ludevic, Necro-Alchemist","","","","","","","","0","10","",""
"2335","Colorless","","Bruse Tarl, Boorish Herder // Ishai, Ojutai Dragonspeaker","","","","","","","","0","10","",""
"2335","Colorless","","Kraum, Ludevic's Opus // Tevesh Szat, Doom of Fools","","","","","","","","0","10","",""
"2335","Colorless","","Akroma, Vision of Ixidor // Ikra Shidiqi, the Usurper","","","","","","","","0","10","",""
"2335","Colorless","","Sidar Kondo of Jamuraa // Toggo, Goblin Weaponsmith","","","","","","","","0","10","",""
"2335","Colorless","","Kydele, Chosen of Kruphix // Thrasios, Triton Hero","","","","","","","","0","10","",""
"2335","Colorless","","Kodama of the East Tree // Kraum, Ludevic's Opus","","","","","","","","0","10","",""
"2335","Colorless","","Reyhan, Last of the Abzan // Slurrk, All-Ingesting","","","","","","","","0","10","",""
"2335","Colorless","","Ishai, Ojutai Dragonspeaker // Thrasios, Triton Hero","","","","","","","","0","10","",""
"2345","Colorless","","Rishkar, Peema Renegade","","","","","","","","0","10","",""
"2346","Colorless","","Torgaar, Famine Incarnate","","","","","","","","0","10","",""
"2347","Colorless","","God-Eternal Bontu","","","","","","","","0","10","",""
"2348","Colorless","","Drakuseth, Maw of Flames","","","","","","","","0","10","",""
"2349","Colorless","","Lutri, the Spellchaser","","","","","","","","0","10","",""
"2350","Colorless","","Ich-Tekik, Salvage Splicer // Rebbec, Architect of Ascension","","","","","","","","0","10","",""
"2350","Colorless","","Francisco, Fowl Marauder // Kediss, Emberclaw Familiar","","","","","","","","0","10","",""
"2350","Colorless","","Keleth, Sunmane Familiar // Rograkh, Son of Rohgahh","","","","","","","","0","10","",""
"2350","Colorless","","Akroma, Vision of Ixidor // Sakashima of a Thousand Faces","","","","","","","","0","10","",""
"2350","Colorless","","Nadier, Agent of the Duskenel // Numa, Joraga Chieftain","","","","","","","","0","10","",""
"2355","Colorless","","Thrasta, Tempest's Roar","","","","","","","","0","10","",""
"2356","Colorless","","Asmodeus the Archfiend","","","","","","","","0","10","",""
"2357","Colorless","","Nashi, Moon Sage's Scion","","","","","","","","0","10","",""
"2357","Colorless","","Norika Yamazaki, the Poet","","","","","","","","0","10","",""
"2359","Colorless","","Zellix, Sanity Flayer // Agent of the Iron Throne","","","","","","","","0","10","",""
"2359","Colorless","","Karlach, Fury of Avernus // Agent of the Shadow Thieves","","","","","","","","0","10","",""
"2359","Colorless","","Karlach, Fury of Avernus // Cultist of the Absolute","","","","","","","","0","10","",""
"2359","Colorless","","Karlach, Fury of Avernus // Tavern Brawler","","","","","","","","0","10","",""
"2359","Colorless","","Burakos, Party Leader // Haunted One","","","","","","","","0","10","",""
"2364","Colorless","","Weatherlight Compleated","","","","","","","","0","10","",""
"2364","Colorless","","Tori D'Avenant, Fury Rider","","","","","","","","0","10","",""
"2366","Colorless","","Rashel, Fist of Torm","","","","","","","","0","10","",""
"2367","Colorless","","Gimli of the Glittering Caves","","","","","","","","0","10","",""
"2367","Colorless","","Bill Ferny, Bree Swindler","","","","","","","","0","10","",""
"2367","Colorless","","Goldberry, River-Daughter","","","","","","","","0","10","",""
"2367","Colorless","","Farmer Cotton","","","","","","","","0","10","",""
"2371","Colorless","","Neva, Stalked by Nightmares","","","","","","","","0","10","",""
"2371","Colorless","","Lord Skitter, Sewer King","","","","","","","","0","10","",""
"2373","Colorless","","The Dalek Emperor","","","","","","","","0","10","",""
"2373","Colorless","","The Second Doctor","","","","","","","","0","10","",""
"2375","Colorless","","Vial Smasher, Gleeful Grenadier","","","","","","","","0","10","",""
"2375","Colorless","","Fortune, Loyal Steed","","","","","","","","0","10","",""
"2377","Colorless","","Emrakul, the World Anew","","","","","","","","0","10","",""
"2378","Colorless","","Senu, Keen-Eyed Protector","","","","","","","","0","10","",""
"2379","Colorless","","Jackdaw","","","","","","","","0","10","",""
"2380","Colorless","","Rusko, Clockmaker","","","","","","","","0","10","",""
"2381","Colorless","","Kiora, the Rising Tide","","","","","","","","0","10","",""
"2382","Colorless","","Xande, Dark Mage","","","","","","","","0","10","",""
"2383","Colorless","","Green Goblin, Revenant","","","","","","","","0","10","",""
"2384","Colorless","","Donatello, the Brains // Raphael, the Muscle","","","","","","","","0","10","",""
"2385","Colorless","","Zuko, Conflicted","","","","","","","","0","10","",""
"2386","Colorless","","Kitsune, Dragon's Daughter","","","","","","","","0","10","",""
"2386","Colorless","","Raphael, Ninja Destroyer","","","","","","","","0","10","",""
"2388","Colorless","","Karai, Future of the Foot","","","","","","","","0","10","",""
"2389","Colorless","","Mona Lisa, Science Geek","","","","","","","","0","10","",""
"2390","Colorless","","Kirol, History Buff","","","","","","","","0","10","",""
"2391","Colorless","","Ant-Man, Colony Commander","","","","","","","","0","10","",""
"2392","Colorless","","Doc Samson, Super Psychiatrist","","","","","","","","0","10","",""
"2393","Colorless","","Devil Dinosaur","","","","","","","","0","10","",""
"2394","Colorless","","The Fantasticar","","","","","","","","0","10","",""
"2395","Colorless","","Captain Kathryn Janeway","","","","","","","","0","10","",""
"2396","Colorless","","The Sackville-Bagginses","","","","","","","","0","10","",""
"2397","Colorless","","Sifa Grent","","","","","","","","0","10","",""
"2398","Colorless","","Winter, Tormented Loner","","","","","","","","0","10","",""
"2399","Colorless","","Vaevictis Asmadi","","","","","","","","0","9","",""
"2400","Colorless","","Vhati il-Dal","","","","","","","","0","9","",""
"2401","Colorless","","Ixidor, Reality Sculptor","","","","","","","","0","9","",""
"2402","Colorless","","Sachi, Daughter of Seshiro","","","","","","","","0","9","",""
"2403","Colorless","","Tomorrow, Azami's Familiar","","","","","","","","0","9","",""
"2403","Colorless","","Ink-Eyes, Servant of Oni","","","","","","","","0","9","",""
"2405","Colorless","","Nylea, God of the Hunt","","","","","","","","0","9","",""
"2406","Colorless","","Silumgar, the Drifting Death","","","","","","","","0","9","",""
"2406","Colorless","","Kolaghan, the Storm's Fury","","","","","","","","0","9","",""
"2408","Colorless","","Reyhan, Last of the Abzan // Tana, the Bloodsower","","","","","","","","0","9","",""
"2408","Colorless","","Akiri, Line-Slinger // Malcolm, Keen-Eyed Navigator","","","","","","","","0","9","",""
"2408","Colorless","","Ravos, Soultender // Reyhan, Last of the Abzan","","","","","","","","0","9","",""
"2408","Colorless","","Ludevic, Necro-Alchemist // Tymna the Weaver","","","","","","","","0","9","",""
"2408","Colorless","","Silas Renn, Seeker Adept // Yoshimaru, Ever Faithful","","","","","","","","0","9","",""
"2408","Colorless","","Ishai, Ojutai Dragonspeaker // Tevesh Szat, Doom of Fools","","","","","","","","0","9","",""
"2408","Colorless","","Tymna the Weaver","","","","","","","","0","9","",""
"2408","Colorless","","Eligeth, Crossroads Augur // Kydele, Chosen of Kruphix","","","","","","","","0","9","",""
"2416","Colorless","","Hazoret the Fervent","","","","","","","","0","9","",""
"2417","Colorless","","Josu Vess, Lich Knight","","","","","","","","0","9","",""
"2418","Colorless","","The Haunt of Hightower","","","","","","","","0","9","",""
"2419","Colorless","","Pashalik Mons","","","","","","","","0","9","",""
"2420","Colorless","","Kunoros, Hound of Athreos","","","","","","","","0","9","",""
"2421","Colorless","","Shabraz, the Skyshark","","","","","","","","0","9","",""
"2422","Colorless","","Gadrak, the Crown-Scourge","","","","","","","","0","9","",""
"2423","Colorless","","Grakmaw, Skyclave Ravager","","","","","","","","0","9","",""
"2424","Colorless","","Breeches, Brazen Plunderer // Francisco, Fowl Marauder","","","","","","","","0","9","",""
"2424","Colorless","","Brinelin, the Moon Kraken // Gilanra, Caller of Wirewood","","","","","","","","0","9","",""
"2424","Colorless","","Anara, Wolvid Familiar // Falthis, Shadowcat Familiar","","","","","","","","0","9","",""
"2427","Colorless","","Halvar, God of Battle","","","","","","","","0","9","",""
"2428","Colorless","","Bjorna, Nightfall Alchemist // Elmar, Ulvenwald Informant","","","","","","","","0","9","",""
"2429","Colorless","","Volo, Itinerant Scholar // Acolyte of Bahamut","","","","","","","","0","9","",""
"2429","Colorless","","Wyll, Blade of Frontiers // Dungeon Delver","","","","","","","","0","9","",""
"2429","Colorless","","Karlach, Fury of Avernus // Veteran Soldier","","","","","","","","0","9","",""
"2429","Colorless","","Gale, Waterdeep Prodigy // Passionate Archaeologist","","","","","","","","0","9","",""
"2429","Colorless","","Karlach, Fury of Avernus // Master Chef","","","","","","","","0","9","",""
"2434","Colorless","","Golden Argosy","","","","","","","","0","9","",""
"2434","Colorless","","Tura Kennerüd, Skyknight","","","","","","","","0","9","",""
"2434","Colorless","","The Lady of Otaria","","","","","","","","0","9","",""
"2437","Colorless","","The Space Family Goblinson","","","","","","","","0","9","",""
"2437","Colorless","","The Red Terror","","","","","","","","0","9","",""
"2439","Colorless","","Shelob, Dread Weaver","","","","","","","","0","9","",""
"2439","Colorless","","The Mouth of Sauron","","","","","","","","0","9","",""
"2439","Colorless","","Gandalf, Friend of the Shire","","","","","","","","0","9","",""
"2439","Colorless","","Éomer, King of Rohan","","","","","","","","0","9","",""
"2439","Colorless","","Gollum, Scheming Guide","","","","","","","","0","9","",""
"2444","Colorless","","The Second Doctor // Clara Oswald","","","","","","","","0","9","",""
"2444","Colorless","","Wilfred Mott","","","","","","","","0","9","",""
"2444","Colorless","","Astrid Peth","","","","","","","","0","9","",""
"2444","Colorless","","The Sixth Doctor // Sarah Jane Smith","","","","","","","","0","9","",""
"2444","Colorless","","Strax, Sontaran Nurse","","","","","","","","0","9","",""
"2444","Colorless","","The Second Doctor // Susan Foreman","","","","","","","","0","9","",""
"2450","Colorless","","Kellan, Daring Traveler","","","","","","","","0","9","",""
"2451","Colorless","","Agrus Kos, Spirit of Justice","","","","","","","","0","9","",""
"2452","Colorless","","Colonel Autumn","","","","","","","","0","9","",""
"2452","Colorless","","Marcus, Mutant Mayor","","","","","","","","0","9","",""
"2452","Colorless","","Shaun, Father of Synths","","","","","","","","0","9","",""
"2455","Colorless","","Kraum, Violent Cacophony","","","","","","","","0","9","",""
"2456","Colorless","","Braulios of Pheres Band","","","","","","","","0","9","",""
"2457","Colorless","","Cleon, Merry Champion","","","","","","","","0","9","",""
"2458","Colorless","","Auron, Venerated Guardian","","","","","","","","0","9","",""
"2459","Colorless","","Spider-Man, Miles Morales","","","","","","","","0","9","",""
"2459","Colorless","","Aunt May","","","","","","","","0","9","",""
"2461","Colorless","","The Spot, Living Portal","","","","","","","","0","9","",""
"2461","Colorless","","Spider-Woman, Stunning Savior","","","","","","","","0","9","",""
"2463","Colorless","","Hama, the Bloodbender","","","","","","","","0","9","",""
"2463","Colorless","","The Mechanist, Aerial Artisan","","","","","","","","0","9","",""
"2465","Colorless","","The Blue Spirit","","","","","","","","0","9","",""
"2466","Colorless","","Ferrafor, Young Yew","","","","","","","","0","9","",""
"2467","Colorless","","Rat King, Pale Piper","","","","","","","","0","9","",""
"2467","Colorless","","Genghis Frog","","","","","","","","0","9","",""
"2469","Colorless","","Emil, Vastlands Roamer","","","","","","","","0","9","",""
"2470","Colorless","","Captain Kirk, Boldly Going","","","","","","","","0","9","",""
"2471","Colorless","","Mister Fantastic, Reed Richards","","","","","","","","0","9","",""
"2472","Colorless","","Misty Knight, Hero for Hire","","","","","","","","0","9","",""
"2473","Colorless","","Reed Richards, Smartest Man","","","","","","","","0","9","",""
"2473","Colorless","","Black Widow, Super Spy","","","","","","","","0","9","",""
"2475","Colorless","","Thor, Guardian of Midgard","","","","","","","","0","9","",""
"2476","Colorless","","Bolg of the North","","","","","","","","0","9","",""
"2477","Colorless","","Chief Magistrate of Mercadia","","","","","","","","0","9","",""
"2478","Colorless","","Yuriko, Hope from the Shadows","","","","","","","","0","9","",""
"2479","Colorless","","Barktooth Warbeard","","","","","","","","0","8","",""
"2479","Colorless","","Nebuchadnezzar","","","","","","","","0","8","",""
"2481","Colorless","","Isamaru, Hound of Konda","","","","","","","","0","8","",""
"2481","Colorless","","Takeno, Samurai General","","","","","","","","0","8","",""
"2483","Colorless","","Patron of the Kitsune","","","","","","","","0","8","",""
"2484","Colorless","","Haakon, Stromgald Scourge","","","","","","","","0","8","",""
"2485","Colorless","","Jor Kadeen, the Prevailer","","","","","","","","0","8","",""
"2486","Colorless","","Vish Kal, Blood Arbiter","","","","","","","","0","8","",""
"2486","Colorless","","Basandra, Battle Seraph","","","","","","","","0","8","",""
"2488","Colorless","","Niv-Mizzet, Dracogenius","","","","","","","","0","8","",""
"2489","Colorless","","Daxos of Meletis","","","","","","","","0","8","",""
"2490","Colorless","","Brimaz, King of Oreskos","","","","","","","","0","8","",""
"2491","Colorless","","Kodama of the East Tree // Thrasios, Triton Hero","","","","","","","","0","8","",""
"2491","Colorless","","Sidar Kondo of Jamuraa // Tana, the Bloodsower","","","","","","","","0","8","",""
"2491","Colorless","","Dargo, the Shipwrecker // Ikra Shidiqi, the Usurper","","","","","","","","0","8","",""
"2491","Colorless","","Kraum, Ludevic's Opus // Ravos, Soultender","","","","","","","","0","8","",""
"2491","Colorless","","Kraum, Ludevic's Opus // Tormod, the Desecrator","","","","","","","","0","8","",""
"2491","Colorless","","Akiri, Line-Slinger // Toggo, Goblin Weaponsmith","","","","","","","","0","8","",""
"2491","Colorless","","Bruse Tarl, Boorish Herder // Malcolm, Keen-Eyed Navigator","","","","","","","","0","8","",""
"2491","Colorless","","Kraum, Ludevic's Opus // Reyhan, Last of the Abzan","","","","","","","","0","8","",""
"2491","Colorless","","Bruse Tarl, Boorish Herder // Yoshimaru, Ever Faithful","","","","","","","","0","8","",""
"2500","Colorless","","Temmet, Vizier of Naktamun","","","","","","","","0","8","",""
"2501","Colorless","","Azor, the Lawbringer","","","","","","","","0","8","",""
"2502","Colorless","","Yargle, Glutton of Urborg","","","","","","","","0","8","",""
"2502","Colorless","","Naru Meha, Master Wizard","","","","","","","","0","8","",""
"2504","Colorless","","Roalesk, Apex Hybrid","","","","","","","","0","8","",""
"2505","Colorless","","Arasta of the Endless Web","","","","","","","","0","8","",""
"2505","Colorless","","Polukranos, Unchained","","","","","","","","0","8","",""
"2507","Colorless","","Kaheera, the Orphanguard","","","","","","","","0","8","",""
"2508","Colorless","","Subira, Tulzidi Caravanner","","","","","","","","0","8","",""
"2509","Colorless","","Drana, the Last Bloodchief","","","","","","","","0","8","",""
"2510","Colorless","","Gnostro, Voice of the Crags","","","","","","","","0","8","",""
"2510","Colorless","","Malcolm, Keen-Eyed Navigator // Rograkh, Son of Rohgahh","","","","","","","","0","8","",""
"2510","Colorless","","Malcolm, Keen-Eyed Navigator // Sakashima of a Thousand Faces","","","","","","","","0","8","",""
"2510","Colorless","","Sakashima of a Thousand Faces // Tevesh Szat, Doom of Fools","","","","","","","","0","8","",""
"2510","Colorless","","Dargo, the Shipwrecker // Kodama of the East Tree","","","","","","","","0","8","",""
"2510","Colorless","","Esior, Wardwing Familiar // Sakashima of a Thousand Faces","","","","","","","","0","8","",""
"2516","Colorless","","Ebondeath, Dracolich","","","","","","","","0","8","",""
"2517","Colorless","","Ludevic, Necrogenius","","","","","","","","0","8","",""
"2518","Colorless","","Elmar, Ulvenwald Informant // Sophina, Spearsage Deserter","","","","","","","","0","8","",""
"2519","Colorless","","Katilda, Dawnhart Martyr","","","","","","","","0","8","",""
"2520","Colorless","","Goro-Goro, Disciple of Ryusei","","","","","","","","0","8","",""
"2520","Colorless","","Yoshimaru, Ever Faithful","","","","","","","","0","8","",""
"2522","Colorless","","Shadowheart, Dark Justiciar // Folk Hero","","","","","","","","0","8","",""
"2522","Colorless","","Sarevok, Deathbringer // Cultist of the Absolute","","","","","","","","0","8","",""
"2522","Colorless","","Gale, Waterdeep Prodigy // Raised by Giants","","","","","","","","0","8","",""
"2522","Colorless","","Karlach, Fury of Avernus // Guild Artisan","","","","","","","","0","8","",""
"2522","Colorless","","Vhal, Candlekeep Researcher // Passionate Archaeologist","","","","","","","","0","8","",""
"2527","Colorless","","Vogar, Necropolis Tyrant","","","","","","","","0","8","",""
"2527","Colorless","","Maeve, Insidious Singer","","","","","","","","0","8","",""
"2529","Colorless","","Kemba, Kha Enduring","","","","","","","","0","8","",""
"2530","Colorless","","Evin, Waterdeep Opportunist","","","","","","","","0","8","",""
"2531","Colorless","","Sam, Loyal Attendant","","","","","","","","0","8","",""
"2531","Colorless","","Denethor, Ruling Steward","","","","","","","","0","8","",""
"2533","Colorless","","Iraxxa, Empress of Mars","","","","","","","","0","8","",""
"2533","Colorless","","The Sixth Doctor // Susan Foreman","","","","","","","","0","8","",""
"2535","Colorless","","Harold and Bob, First Numens","","","","","","","","0","8","",""
"2535","Colorless","","Legate Lanius, Caesar's Ace","","","","","","","","0","8","",""
"2537","Colorless","","Baron Bertram Graywater","","","","","","","","0","8","",""
"2538","Colorless","","Haytham Kenway","","","","","","","","0","8","",""
"2539","Colorless","","Surrak, Elusive Hunter","","","","","","","","0","8","",""
"2540","Colorless","","Sazh Katzroy","","","","","","","","0","8","",""
"2541","Colorless","","Raubahn, Bull of Ala Mhigo","","","","","","","","0","8","",""
"2542","Colorless","","Spider-Man India","","","","","","","","0","8","",""
"2543","Colorless","","Ty Lee, Chi Blocker","","","","","","","","0","8","",""
"2543","Colorless","","Sokka, Swordmaster","","","","","","","","0","8","",""
"2545","Colorless","","The Boulder, Ready to Rumble","","","","","","","","0","8","",""
"2546","Colorless","","Professor Zei, Anthropologist","","","","","","","","0","8","",""
"2547","Colorless","","Storm, Queen of Wakanda","","","","","","","","0","8","",""
"2547","Colorless","","Invisible Woman, Sue Storm","","","","","","","","0","8","",""
"2547","Colorless","","Captain Marvel, Apex Avenger","","","","","","","","0","8","",""
"2550","Colorless","","Hawkeye, Master Marksman","","","","","","","","0","8","",""
"2551","Colorless","","Mister Immortal","","","","","","","","0","8","",""
"2552","Colorless","","Galactus, Devourer of Worlds","","","","","","","","0","8","",""
"2553","Colorless","","Bard, Heir of Girion","","","","","","","","0","8","",""
"2554","Colorless","","Tetsuko Umezawa, Pursuer","","","","","","","","0","8","",""
"2555","Colorless","","Hapatra, the Desert Fang","","","","","","","","0","8","",""
"2555","Colorless","","Hapatra, the Desert Frost","","","","","","","","0","8","",""
"2557","Colorless","","Traxos, Scourge Eternal","","","","","","","","0","8","",""
"2558","Colorless","","Stangg","","","","","","","","0","7","",""
"2559","Colorless","","Ihsan's Shade","","","","","","","","0","7","",""
"2560","Colorless","","Hakim, Loreweaver","","","","","","","","0","7","",""
"2561","Colorless","","Morinfen","","","","","","","","0","7","",""
"2562","Colorless","","Lu Xun, Scholar General","","","","","","","","0","7","",""
"2562","Colorless","","Diaochan, Artful Beauty","","","","","","","","0","7","",""
"2562","Colorless","","Xiahou Dun, the One-Eyed","","","","","","","","0","7","",""
"2565","Colorless","","Kangee, Aerie Keeper","","","","","","","","0","7","",""
"2565","Colorless","","Dromar, the Banisher","","","","","","","","0","7","",""
"2567","Colorless","","Kentaro, the Smiling Cat","","","","","","","","0","7","",""
"2567","Colorless","","Iwamori of the Open Fist","","","","","","","","0","7","",""
"2567","Colorless","","Sakiko, Mother of Summer","","","","","","","","0","7","",""
"2570","Colorless","","Lyzolda, the Blood Witch","","","","","","","","0","7","",""
"2571","Colorless","","Baru, Fist of Krosa","","","","","","","","0","7","",""
"2572","Colorless","","Anafenza, Kin-Tree Spirit","","","","","","","","0","7","",""
"2573","Colorless","","Tana, the Bloodsower // Yoshimaru, Ever Faithful","","","","","","","","0","7","",""
"2573","Colorless","","Silas Renn, Seeker Adept // Toggo, Goblin Weaponsmith","","","","","","","","0","7","",""
"2573","Colorless","","Kraum, Ludevic's Opus // Yoshimaru, Ever Faithful","","","","","","","","0","7","",""
"2573","Colorless","","Vial Smasher the Fierce // Yoshimaru, Ever Faithful","","","","","","","","0","7","",""
"2573","Colorless","","Bruse Tarl, Boorish Herder // Silas Renn, Seeker Adept","","","","","","","","0","7","",""
"2573","Colorless","","Bruse Tarl, Boorish Herder // Reyhan, Last of the Abzan","","","","","","","","0","7","",""
"2573","Colorless","","Bruse Tarl, Boorish Herder // Falthis, Shadowcat Familiar","","","","","","","","0","7","",""
"2573","Colorless","","Ikra Shidiqi, the Usurper // Kraum, Ludevic's Opus","","","","","","","","0","7","",""
"2573","Colorless","","Sakashima of a Thousand Faces // Tana, the Bloodsower","","","","","","","","0","7","",""
"2573","Colorless","","Tymna the Weaver // Vial Smasher the Fierce","","","","","","","","0","7","",""
"2573","Colorless","","Rograkh, Son of Rohgahh // Sidar Kondo of Jamuraa","","","","","","","","0","7","",""
"2584","Colorless","","Oketra the True","","","","","","","","0","7","",""
"2585","Colorless","","Tiana, Ship's Caretaker","","","","","","","","0","7","",""
"2586","Colorless","","Trostani Discordant","","","","","","","","0","7","",""
"2587","Colorless","","Gadwick, the Wizened","","","","","","","","0","7","",""
"2588","Colorless","","Kodama of the East Tree // Tevesh Szat, Doom of Fools","","","","","","","","0","7","",""
"2588","Colorless","","Jeska, Thrice Reborn // Kediss, Emberclaw Familiar","","","","","","","","0","7","",""
"2588","Colorless","","Ardenn, Intrepid Archaeologist // Toggo, Goblin Weaponsmith","","","","","","","","0","7","",""
"2588","Colorless","","Falthis, Shadowcat Familiar // Kediss, Emberclaw Familiar","","","","","","","","0","7","",""
"2588","Colorless","","Krark, the Thumbless","","","","","","","","0","7","",""
"2588","Colorless","","Sengir, the Dark Baron // Tevesh Szat, Doom of Fools","","","","","","","","0","7","",""
"2588","Colorless","","Kamahl, Heart of Krosa // Kodama of the East Tree","","","","","","","","0","7","",""
"2588","Colorless","","Sakashima of a Thousand Faces","","","","","","","","0","7","",""
"2588","Colorless","","Bell Borca, Spectral Sergeant","","","","","","","","0","7","",""
"2597","Colorless","","Fain, the Broker","","","","","","","","0","7","",""
"2598","Colorless","","Shessra, Death's Whisper","","","","","","","","0","7","",""
"2599","Colorless","","Dorothea, Vengeful Victim","","","","","","","","0","7","",""
"2600","Colorless","","Katsumasa, the Animator","","","","","","","","0","7","",""
"2600","Colorless","","Atsushi, the Blazing Sky","","","","","","","","0","7","",""
"2602","Colorless","","Bennie Bracks, Zoologist","","","","","","","","0","7","",""
"2603","Colorless","","Gut, True Soul Zealot // Agent of the Shadow Thieves","","","","","","","","0","7","",""
"2603","Colorless","","Karlach, Fury of Avernus // Feywild Visitor","","","","","","","","0","7","",""
"2603","Colorless","","Abdel Adrian, Gorion's Ward // Street Urchin","","","","","","","","0","7","",""
"2603","Colorless","","Sarevok, Deathbringer // Noble Heritage","","","","","","","","0","7","",""
"2603","Colorless","","Baeloth Barrityl, Entertainer // Criminal Past","","","","","","","","0","7","",""
"2603","Colorless","","Vhal, Candlekeep Researcher // Noble Heritage","","","","","","","","0","7","",""
"2603","Colorless","","Durnan of the Yawning Portal // Agent of the Shadow Thieves","","","","","","","","0","7","",""
"2603","Colorless","","Lae'zel, Vlaakith's Champion // Scion of Halaster","","","","","","","","0","7","",""
"2603","Colorless","","Skanos Dragonheart // Acolyte of Bahamut","","","","","","","","0","7","",""
"2603","Colorless","","Baeloth Barrityl, Entertainer // Agent of the Shadow Thieves","","","","","","","","0","7","",""
"2603","Colorless","","Ganax, Astral Hunter // Folk Hero","","","","","","","","0","7","",""
"2603","Colorless","","Wilson, Refined Grizzly // Folk Hero","","","","","","","","0","7","",""
"2603","Colorless","","Wilson, Refined Grizzly // Shameless Charlatan","","","","","","","","0","7","",""
"2603","Colorless","","Livaan, Cultist of Tiamat // Sword Coast Sailor","","","","","","","","0","7","",""
"2617","Colorless","","Ramirez DePietro, Pillager","","","","","","","","0","7","",""
"2618","Colorless","","Old One Eye","","","","","","","","0","7","",""
"2618","Colorless","","Vorthos, Steward of Myth","","","","","","","","0","7","",""
"2620","Colorless","","Hurkyl, Master Wizard","","","","","","","","0","7","",""
"2620","Colorless","","Sanwell, Avenger Ace","","","","","","","","0","7","",""
"2622","Colorless","","Rankle and Torbran","","","","","","","","0","7","",""
"2623","Colorless","","Legolas, Counter of Kills","","","","","","","","0","7","",""
"2624","Colorless","","Kate Stewart","","","","","","","","0","7","",""
"2625","Colorless","","Caparocti Sunborn","","","","","","","","0","7","",""
"2625","Colorless","","Akal Pakal, First Among Equals","","","","","","","","0","7","",""
"2627","Colorless","","Senator Peacock","","","","","","","","0","7","",""
"2628","Colorless","","Lily Bowen, Raging Grandma","","","","","","","","0","7","",""
"2628","Colorless","","Sentinel Sarah Lyons","","","","","","","","0","7","",""
"2628","Colorless","","Elder Arthur Maxson","","","","","","","","0","7","",""
"2628","Colorless","","Arcade Gannon","","","","","","","","0","7","",""
"2632","Colorless","","Jolene, Plundering Pugilist","","","","","","","","0","7","",""
"2633","Colorless","","Lydia Frye","","","","","","","","0","7","",""
"2634","Colorless","","Maester Seymour","","","","","","","","0","7","",""
"2634","Colorless","","Hraesvelgr of the First Brood","","","","","","","","0","7","",""
"2636","Colorless","","Shelinda, Yevon Acolyte","","","","","","","","0","7","",""
"2636","Colorless","","The Warring Triad","","","","","","","","0","7","",""
"2638","Colorless","","Ultimecia, Temporal Threat","","","","","","","","0","7","",""
"2639","Colorless","","Lyla, Holographic Assistant","","","","","","","","0","7","",""
"2640","Colorless","","Mysterio, Master of Illusion","","","","","","","","0","7","",""
"2641","Colorless","","Ran and Shaw","","","","","","","","0","7","",""
"2642","Colorless","","June, Bounty Hunter","","","","","","","","0","7","",""
"2643","Colorless","","Leonardo, Cutting Edge","","","","","","","","0","7","",""
"2644","Colorless","","Savanti Romero, Time's Exile","","","","","","","","0","7","",""
"2645","Colorless","","Donatello, Way with Machines","","","","","","","","0","7","",""
"2646","Colorless","","Lady Loki, Agent of Chaos","","","","","","","","0","7","",""
"2647","Colorless","","Captain Marvel, Shooting Star","","","","","","","","0","7","",""
"2647","Colorless","","Iron Lad, Young Avenger","","","","","","","","0","7","",""
"2649","Colorless","","Medusa, Inhuman Queen","","","","","","","","0","7","",""
"2649","Colorless","","Valeria Richards, Precocious","","","","","","","","0","7","",""
"2651","Colorless","","Bilbo, Fellow Conspirator","","","","","","","","0","7","",""
"2652","Colorless","","Kíli the Resourceful","","","","","","","","0","7","",""
"2653","Colorless","","Dyfed, the Guiding Hand","","","","","","","","0","7","",""
"2653","Colorless","","Gustha Ebbasdotter","","","","","","","","0","7","",""
"2653","Colorless","","Euru, Acorn Scrounger","","","","","","","","0","7","",""
"2656","Colorless","","Gallia, the Merrymaker","","","","","","","","0","7","",""
"2657","Colorless","","Johan","","","","","","","","0","6","",""
"2657","Colorless","","Gabriel Angelfire","","","","","","","","0","6","",""
"2659","Colorless","","Barrin, Master Wizard","","","","","","","","0","6","",""
"2660","Colorless","","Dong Zhou, the Tyrant","","","","","","","","0","6","",""
"2660","Colorless","","Hua Tuo, Honored Physician","","","","","","","","0","6","",""
"2662","Colorless","","Cho-Manno, Revolutionary","","","","","","","","0","6","",""
"2663","Colorless","","Darigaaz, the Igniter","","","","","","","","0","6","",""
"2664","Colorless","","Llawan, Cephalid Empress","","","","","","","","0","6","",""
"2665","Colorless","","Jareth, Leonine Titan","","","","","","","","0","6","",""
"2666","Colorless","","Slobad, Goblin Tinkerer","","","","","","","","0","6","",""
"2667","Colorless","","Brothers Yamazaki","","","","","","","","0","6","",""
"2667","Colorless","","Dosan the Falling Leaf","","","","","","","","0","6","",""
"2667","Colorless","","Kumano, Master Yamabushi","","","","","","","","0","6","",""
"2667","Colorless","","Ben-Ben, Akki Hermit","","","","","","","","0","6","",""
"2671","Colorless","","Kagemaro, First to Suffer","","","","","","","","0","6","",""
"2672","Colorless","","Szadek, Lord of Secrets","","","","","","","","0","6","",""
"2673","Colorless","","Mirri the Cursed","","","","","","","","0","6","",""
"2674","Colorless","","Anowon, the Ruin Sage","","","","","","","","0","6","",""
"2675","Colorless","","Geth, Lord of the Vault","","","","","","","","0","6","",""
"2676","Colorless","","Exava, Rakdos Blood Witch","","","","","","","","0","6","",""
"2677","Colorless","","Tromokratis","","","","","","","","0","6","",""
"2678","Colorless","","Dragonlord Silumgar","","","","","","","","0","6","",""
"2679","Colorless","","Sigarda, Heron's Grace","","","","","","","","0","6","",""
"2680","Colorless","","Ulrich of the Krallenhorde","","","","","","","","0","6","",""
"2681","Colorless","","Padeem, Consul of Innovation","","","","","","","","0","6","",""
"2682","Colorless","","Bruse Tarl, Boorish Herder // Kodama of the East Tree","","","","","","","","0","6","",""
"2682","Colorless","","Alharu, Solemn Ritualist // Reyhan, Last of the Abzan","","","","","","","","0","6","",""
"2682","Colorless","","Ravos, Soultender // Sakashima of a Thousand Faces","","","","","","","","0","6","",""
"2682","Colorless","","Thrasios, Triton Hero // Tormod, the Desecrator","","","","","","","","0","6","",""
"2682","Colorless","","Falthis, Shadowcat Familiar // Tana, the Bloodsower","","","","","","","","0","6","",""
"2682","Colorless","","Ishai, Ojutai Dragonspeaker // Tymna the Weaver","","","","","","","","0","6","",""
"2682","Colorless","","Kydele, Chosen of Kruphix // Tevesh Szat, Doom of Fools","","","","","","","","0","6","",""
"2682","Colorless","","Livio, Oathsworn Sentinel // Thrasios, Triton Hero","","","","","","","","0","6","",""
"2682","Colorless","","Brinelin, the Moon Kraken // Ikra Shidiqi, the Usurper","","","","","","","","0","6","",""
"2682","Colorless","","Prava of the Steel Legion // Thrasios, Triton Hero","","","","","","","","0","6","",""
"2682","Colorless","","Kamahl, Heart of Krosa // Tana, the Bloodsower","","","","","","","","0","6","",""
"2682","Colorless","","Dargo, the Shipwrecker // Ishai, Ojutai Dragonspeaker","","","","","","","","0","6","",""
"2694","Colorless","","Nazahn, Revered Bladesmith","","","","","","","","0","6","",""
"2695","Colorless","","Vona, Butcher of Magan","","","","","","","","0","6","",""
"2696","Colorless","","Erebos, Bleak-Hearted","","","","","","","","0","6","",""
"2697","Colorless","","Kaervek, the Spiteful","","","","","","","","0","6","",""
"2698","Colorless","","Esior, Wardwing Familiar // Rograkh, Son of Rohgahh","","","","","","","","0","6","",""
"2698","Colorless","","Prava of the Steel Legion // Tevesh Szat, Doom of Fools","","","","","","","","0","6","",""
"2698","Colorless","","Gilanra, Caller of Wirewood // Kamahl, Heart of Krosa","","","","","","","","0","6","",""
"2698","Colorless","","Kodama of the East Tree // Livio, Oathsworn Sentinel","","","","","","","","0","6","",""
"2698","Colorless","","Captain Vargus Wrath","","","","","","","","0","6","",""
"2698","Colorless","","Dargo, the Shipwrecker // Toggo, Goblin Weaponsmith","","","","","","","","0","6","",""
"2704","Colorless","","Captain Ripley Vance","","","","","","","","0","6","",""
"2705","Colorless","","Orcus, Prince of Undeath","","","","","","","","0","6","",""
"2706","Colorless","","Bjorna, Nightfall Alchemist // Sophina, Spearsage Deserter","","","","","","","","0","6","",""
"2707","Colorless","","Heiko Yamazaki, the General","","","","","","","","0","6","",""
"2708","Colorless","","Lulu, Loyal Hollyphant // Cultist of the Absolute","","","","","","","","0","6","",""
"2708","Colorless","","Shadowheart, Dark Justiciar // Inspiring Leader","","","","","","","","0","6","",""
"2708","Colorless","","Halsin, Emerald Archdruid // Inspiring Leader","","","","","","","","0","6","",""
"2708","Colorless","","Zellix, Sanity Flayer // Inspiring Leader","","","","","","","","0","6","",""
"2708","Colorless","","Volo, Itinerant Scholar // Scion of Halaster","","","","","","","","0","6","",""
"2708","Colorless","","Lulu, Loyal Hollyphant // Candlekeep Sage","","","","","","","","0","6","",""
"2708","Colorless","","Gale, Waterdeep Prodigy // Guild Artisan","","","","","","","","0","6","",""
"2708","Colorless","","Ganax, Astral Hunter","","","","","","","","0","6","",""
"2708","Colorless","","Ganax, Astral Hunter // Candlekeep Sage","","","","","","","","0","6","",""
"2708","Colorless","","Sivriss, Nightmare Speaker // Haunted One","","","","","","","","0","6","",""
"2708","Colorless","","Gut, True Soul Zealot // Cloakwood Hermit","","","","","","","","0","6","",""
"2719","Colorless","","Najal, the Storm Runner","","","","","","","","0","6","",""
"2720","Colorless","","Imaryll, Elfhame Elite","","","","","","","","0","6","",""
"2721","Colorless","","Blitzwing, Cruel Tormentor","","","","","","","","0","6","",""
"2722","Colorless","","Jirina, Dauntless General","","","","","","","","0","6","",""
"2723","Colorless","","Aragorn, Company Leader","","","","","","","","0","6","",""
"2723","Colorless","","Peregrin Took","","","","","","","","0","6","",""
"2725","Colorless","","Johann, Apprentice Sorcerer","","","","","","","","0","6","",""
"2726","Colorless","","The Fourteenth Doctor // Dan Lewis","","","","","","","","0","6","",""
"2726","Colorless","","The Sixth Doctor // Vislor Turlough","","","","","","","","0","6","",""
"2726","Colorless","","Danny Pink","","","","","","","","0","6","",""
"2726","Colorless","","The Second Doctor // Donna Noble","","","","","","","","0","6","",""
"2726","Colorless","","The Thirteenth Doctor // Clara Oswald","","","","","","","","0","6","",""
"2726","Colorless","","The Twelfth Doctor // Romana II","","","","","","","","0","6","",""
"2726","Colorless","","The Fourteenth Doctor // Susan Foreman","","","","","","","","0","6","",""
"2726","Colorless","","The Master, Mesmerist","","","","","","","","0","6","",""
"2726","Colorless","","The Sixth Doctor // Clara Oswald","","","","","","","","0","6","",""
"2735","Colorless","","Emissary Green","","","","","","","","0","6","",""
"2736","Colorless","","Paladin Elizabeth Taggerdy","","","","","","","","0","6","",""
"2737","Colorless","","Bayek of Siwa","","","","","","","","0","6","",""
"2737","Colorless","","Adéwalé, Breaker of Chains","","","","","","","","0","6","",""
"2739","Colorless","","Taeko, the Patient Avalanche","","","","","","","","0","6","",""
"2740","Colorless","","Sita Varma, Masked Racer","","","","","","","","0","6","",""
"2741","Colorless","","Kalakscion, Hunger Tyrant","","","","","","","","0","6","",""
"2742","Colorless","","Bartz and Boko","","","","","","","","0","6","",""
"2743","Colorless","","O'aka, Traveling Merchant","","","","","","","","0","6","",""
"2743","Colorless","","Red XIII, Proud Warrior","","","","","","","","0","6","",""
"2745","Colorless","","Strago and Relm","","","","","","","","0","6","",""
"2745","Colorless","","Umaro, Raging Yeti","","","","","","","","0","6","",""
"2745","Colorless","","Cyan, Vengeful Samurai","","","","","","","","0","6","",""
"2748","Colorless","","Beatrix, Loyal General","","","","","","","","0","6","",""
"2749","Colorless","","Jecht, Reluctant Guardian","","","","","","","","0","6","",""
"2750","Colorless","","Locke Cole","","","","","","","","0","6","",""
"2751","Colorless","","Sokka, Bold Boomeranger","","","","","","","","0","6","",""
"2752","Colorless","","Sun-Spider, Nimble Webber","","","","","","","","0","6","",""
"2753","Colorless","","The Destined White Mage","","","","","","","","0","6","",""
"2754","Colorless","","Seifer, Balamb Rival","","","","","","","","0","6","",""
"2754","Colorless","","Rinoa, Angel Wing","","","","","","","","0","6","",""
"2756","Colorless","","Momo, Playful Pet","","","","","","","","0","6","",""
"2757","Colorless","","Smellerbee, Rebel Fighter","","","","","","","","0","6","",""
"2758","Colorless","","Leader, Super-Genius","","","","","","","","0","6","",""
"2758","Colorless","","Black Panther, Vanguard","","","","","","","","0","6","",""
"2758","Colorless","","Iron Man, Armored Avenger","","","","","","","","0","6","",""
"2761","Colorless","","Captain America, Wings of Freedom","","","","","","","","0","6","",""
"2762","Colorless","","Cloak and Dagger, Entwined","","","","","","","","0","6","",""
"2762","Colorless","","Spider-Man, New Champion","","","","","","","","0","6","",""
"2762","Colorless","","Swordsman, Sharp Scoundrel","","","","","","","","0","6","",""
"2762","Colorless","","Kid Loki","","","","","","","","0","6","",""
"2762","Colorless","","Vulture, Feathered Fiend","","","","","","","","0","6","",""
"2762","Colorless","","Rick Jones, Destined Sidekick","","","","","","","","0","6","",""
"2768","Colorless","","Lockjaw, Slobbering Teleporter","","","","","","","","0","6","",""
"2769","Colorless","","Fíli and Kíli, Joyous","","","","","","","","0","6","",""
"2770","Colorless","","Dragon's Smile","","","","","","","","0","6","",""
"2770","Colorless","","Flitwing, Lyev Detective","","","","","","","","0","6","",""
"2772","Colorless","","Danitha, Sword of Hope","","","","","","","","0","6","",""
"2773","Colorless","","Yargle, Goliath of Otaria","","","","","","","","0","6","",""
"2774","Colorless","","Pia, Determined Rebuilder","","","","","","","","0","6","",""
"2775","Colorless","","Arni, Renowned Champion","","","","","","","","0","6","",""
"2776","Colorless","","Tomik, Orzhov Lawmage","","","","","","","","0","6","",""
"2777","Colorless","","Arcades Sabboth","","","","","","","","0","5","",""
"2777","Colorless","","Ayesha Tanaka","","","","","","","","0","5","",""
"2777","Colorless","","Adun Oakenshield","","","","","","","","0","5","",""
"2780","Colorless","","Reveka, Wizard Savant","","","","","","","","0","5","",""
"2781","Colorless","","Taniwha","","","","","","","","0","5","",""
"2782","Colorless","","Ascendant Evincar","","","","","","","","0","5","",""
"2783","Colorless","","Molimo, Maro-Sorcerer","","","","","","","","0","5","",""
"2783","Colorless","","Tsabo Tavoc","","","","","","","","0","5","",""
"2785","Colorless","","Akroma, Angel of Wrath","","","","","","","","0","5","",""
"2786","Colorless","","Mannichi, the Fevered Dream","","","","","","","","0","5","",""
"2786","Colorless","","Higure, the Still Wind","","","","","","","","0","5","",""
"2786","Colorless","","Isao, Enlightened Bushi","","","","","","","","0","5","",""
"2786","Colorless","","Shizuko, Caller of Autumn","","","","","","","","0","5","",""
"2790","Colorless","","Homura, Human Ascendant","","","","","","","","0","5","",""
"2790","Colorless","","Iname as One","","","","","","","","0","5","",""
"2792","Colorless","","Lim-Dûl the Necromancer","","","","","","","","0","5","",""
"2793","Colorless","","Crovax, Ascendant Hero","","","","","","","","0","5","",""
"2793","Colorless","","Oros, the Avenger","","","","","","","","0","5","",""
"2795","Colorless","","Rakka Mar","","","","","","","","0","5","",""
"2796","Colorless","","Medomai the Ageless","","","","","","","","0","5","",""
"2796","Colorless","","Anthousa, Setessan Hero","","","","","","","","0","5","",""
"2798","Colorless","","Kurkesh, Onakke Ancient","","","","","","","","0","5","",""
"2799","Colorless","","Daghatar the Adamant","","","","","","","","0","5","",""
"2800","Colorless","","Dragonlord Atarka","","","","","","","","0","5","",""
"2801","Colorless","","Anya, Merciless Angel","","","","","","","","0","5","",""
"2802","Colorless","","Adriana, Captain of the Guard","","","","","","","","0","5","",""
"2803","Colorless","","Ludevic, Necro-Alchemist // Ravos, Soultender","","","","","","","","0","5","",""
"2803","Colorless","","Silas Renn, Seeker Adept // Tana, the Bloodsower","","","","","","","","0","5","",""
"2803","Colorless","","Jeska, Thrice Reborn // Reyhan, Last of the Abzan","","","","","","","","0","5","",""
"2803","Colorless","","Kodama of the East Tree // Ludevic, Necro-Alchemist","","","","","","","","0","5","",""
"2803","Colorless","","Keleth, Sunmane Familiar // Reyhan, Last of the Abzan","","","","","","","","0","5","",""
"2803","Colorless","","Esior, Wardwing Familiar // Ravos, Soultender","","","","","","","","0","5","",""
"2803","Colorless","","Esior, Wardwing Familiar // Vial Smasher the Fierce","","","","","","","","0","5","",""
"2803","Colorless","","Tevesh Szat, Doom of Fools // Tymna the Weaver","","","","","","","","0","5","",""
"2803","Colorless","","Ardenn, Intrepid Archaeologist // Silas Renn, Seeker Adept","","","","","","","","0","5","",""
"2803","Colorless","","Falthis, Shadowcat Familiar // Ishai, Ojutai Dragonspeaker","","","","","","","","0","5","",""
"2803","Colorless","","Keskit, the Flesh Sculptor // Tana, the Bloodsower","","","","","","","","0","5","",""
"2803","Colorless","","Reyhan, Last of the Abzan // Sakashima of a Thousand Faces","","","","","","","","0","5","",""
"2803","Colorless","","Akroma, Vision of Ixidor // Tana, the Bloodsower","","","","","","","","0","5","",""
"2803","Colorless","","Brinelin, the Moon Kraken // Vial Smasher the Fierce","","","","","","","","0","5","",""
"2803","Colorless","","Akiri, Line-Slinger // Ich-Tekik, Salvage Splicer","","","","","","","","0","5","",""
"2803","Colorless","","Krark, the Thumbless // Kydele, Chosen of Kruphix","","","","","","","","0","5","",""
"2803","Colorless","","Jeska, Thrice Reborn // Tana, the Bloodsower","","","","","","","","0","5","",""
"2803","Colorless","","Akiri, Line-Slinger // Tymna the Weaver","","","","","","","","0","5","",""
"2803","Colorless","","Akiri, Line-Slinger // Reyhan, Last of the Abzan","","","","","","","","0","5","",""
"2803","Colorless","","Kydele, Chosen of Kruphix // Rograkh, Son of Rohgahh","","","","","","","","0","5","",""
"2803","Colorless","","Kydele, Chosen of Kruphix // Ludevic, Necro-Alchemist","","","","","","","","0","5","",""
"2803","Colorless","","Tymna the Weaver // Yoshimaru, Ever Faithful","","","","","","","","0","5","",""
"2803","Colorless","","Anara, Wolvid Familiar // Ishai, Ojutai Dragonspeaker","","","","","","","","0","5","",""
"2803","Colorless","","Francisco, Fowl Marauder // Ishai, Ojutai Dragonspeaker","","","","","","","","0","5","",""
"2827","Colorless","","Hope of Ghirapur","","","","","","","","0","5","",""
"2828","Colorless","","Captain Lannery Storm","","","","","","","","0","5","",""
"2829","Colorless","","Darigaaz Reincarnated","","","","","","","","0","5","",""
"2829","Colorless","","Zahid, Djinn of the Lamp","","","","","","","","0","5","",""
"2831","Colorless","","Tawnos, Urza's Apprentice","","","","","","","","0","5","",""
"2832","Colorless","","Zegana, Utopian Speaker","","","","","","","","0","5","",""
"2833","Colorless","","Tomik, Distinguished Advokist","","","","","","","","0","5","",""
"2834","Colorless","","Linvala, Shield of Sea Gate","","","","","","","","0","5","",""
"2835","Colorless","","Kodama of the East Tree // Tormod, the Desecrator","","","","","","","","0","5","",""
"2835","Colorless","","Ardenn, Intrepid Archaeologist // Yoshimaru, Ever Faithful","","","","","","","","0","5","",""
"2835","Colorless","","Glacian, Powerstone Engineer // Rebbec, Architect of Ascension","","","","","","","","0","5","",""
"2835","Colorless","","Ghost of Ramirez DePietro // Malcolm, Keen-Eyed Navigator","","","","","","","","0","5","",""
"2835","Colorless","","Dargo, the Shipwrecker // Rograkh, Son of Rohgahh","","","","","","","","0","5","",""
"2835","Colorless","","Francisco, Fowl Marauder // Ghost of Ramirez DePietro","","","","","","","","0","5","",""
"2835","Colorless","","Armix, Filigree Thrasher // Ich-Tekik, Salvage Splicer","","","","","","","","0","5","",""
"2835","Colorless","","Ardenn, Intrepid Archaeologist // Jeska, Thrice Reborn","","","","","","","","0","5","",""
"2835","Colorless","","Anara, Wolvid Familiar // Prava of the Steel Legion","","","","","","","","0","5","",""
"2835","Colorless","","Ich-Tekik, Salvage Splicer // Malcolm, Keen-Eyed Navigator","","","","","","","","0","5","",""
"2835","Colorless","","Tuya Bearclaw","","","","","","","","0","5","",""
"2835","Colorless","","Kediss, Emberclaw Familiar // Keleth, Sunmane Familiar","","","","","","","","0","5","",""
"2835","Colorless","","Toggo, Goblin Weaponsmith","","","","","","","","0","5","",""
"2848","Colorless","","Deekah, Fractal Theorist","","","","","","","","0","5","",""
"2848","Colorless","","Quintorius, Field Historian","","","","","","","","0","5","",""
"2850","Colorless","","Iymrith, Desert Doom","","","","","","","","0","5","",""
"2850","Colorless","","Barrowin of Clan Undurr","","","","","","","","0","5","",""
"2852","Colorless","","Hargilde, Kindly Runechanter // Sophina, Spearsage Deserter","","","","","","","","0","5","",""
"2852","Colorless","","Bjorna, Nightfall Alchemist // Othelm, Sigardian Outcast","","","","","","","","0","5","",""
"2854","Colorless","","Errant, Street Artist","","","","","","","","0","5","",""
"2855","Colorless","","Vhal, Candlekeep Researcher // Haunted One","","","","","","","","0","5","",""
"2855","Colorless","","Karlach, Fury of Avernus // Noble Heritage","","","","","","","","0","5","",""
"2855","Colorless","","Imoen, Mystic Trickster // Far Traveler","","","","","","","","0","5","",""
"2855","Colorless","","Jaheira, Friend of the Forest // Guild Artisan","","","","","","","","0","5","",""
"2855","Colorless","","Lulu, Loyal Hollyphant // Guild Artisan","","","","","","","","0","5","",""
"2855","Colorless","","Abdel Adrian, Gorion's Ward // Agent of the Iron Throne","","","","","","","","0","5","",""
"2855","Colorless","","Lulu, Loyal Hollyphant // Far Traveler","","","","","","","","0","5","",""
"2855","Colorless","","Karlach, Fury of Avernus // Inspiring Leader","","","","","","","","0","5","",""
"2855","Colorless","","Rasaad yn Bashir // Sword Coast Sailor","","","","","","","","0","5","",""
"2855","Colorless","","Baeloth Barrityl, Entertainer // Cultist of the Absolute","","","","","","","","0","5","",""
"2855","Colorless","","Livaan, Cultist of Tiamat // Dragon Cultist","","","","","","","","0","5","",""
"2855","Colorless","","Durnan of the Yawning Portal // Sword Coast Sailor","","","","","","","","0","5","",""
"2855","Colorless","","Lae'zel, Vlaakith's Champion // Clan Crafter","","","","","","","","0","5","",""
"2855","Colorless","","Shadowheart, Dark Justiciar // Dragon Cultist","","","","","","","","0","5","",""
"2855","Colorless","","Wilson, Refined Grizzly // Sword Coast Sailor","","","","","","","","0","5","",""
"2870","Colorless","","Tobias, Doomed Conqueror","","","","","","","","0","5","",""
"2870","Colorless","","Orca, Siege Demon","","","","","","","","0","5","",""
"2872","Colorless","","Loran of the Third Path","","","","","","","","0","5","",""
"2872","Colorless","","Cyclonus, the Saboteur","","","","","","","","0","5","",""
"2874","Colorless","","Melira, the Living Cure","","","","","","","","0","5","",""
"2875","Colorless","","Merry, Esquire of Rohan","","","","","","","","0","5","",""
"2875","Colorless","","Ioreth of the Healing House","","","","","","","","0","5","",""
"2877","Colorless","","Old Flitterfang","","","","","","","","0","5","",""
"2877","Colorless","","Goddric, Cloaked Reveler","","","","","","","","0","5","",""
"2879","Colorless","","The Face of Boe","","","","","","","","0","5","",""
"2879","Colorless","","The Seventh Doctor // Clara Oswald","","","","","","","","0","5","",""
"2879","Colorless","","The Third Doctor // Dan Lewis","","","","","","","","0","5","",""
"2879","Colorless","","Sally Sparrow","","","","","","","","0","5","",""
"2879","Colorless","","Duggan, Private Detective","","","","","","","","0","5","",""
"2879","Colorless","","Rassilon, the War President","","","","","","","","0","5","",""
"2879","Colorless","","Osgood, Operation Double","","","","","","","","0","5","",""
"2879","Colorless","","The First Doctor // Ryan Sinclair","","","","","","","","0","5","",""
"2887","Colorless","","Overseer of Vault 76","","","","","","","","0","5","",""
"2887","Colorless","","Nick Valentine, Private Eye","","","","","","","","0","5","",""
"2889","Colorless","","Jem Lightfoote, Sky Explorer","","","","","","","","0","5","",""
"2890","Colorless","","Surtr, Fiery Jötun","","","","","","","","0","5","",""
"2891","Colorless","","Kellan, Planar Trailblazer","","","","","","","","0","5","",""
"2892","Colorless","","Lagorin, Soul of Alacria","","","","","","","","0","5","",""
"2893","Colorless","","Doc Ock, Evil Inventor","","","","","","","","0","5","",""
"2894","Colorless","","Heidegger, Shinra Executive","","","","","","","","0","5","",""
"2895","Colorless","","Zack Fair","","","","","","","","0","5","",""
"2895","Colorless","","Avalanche of Sector 7","","","","","","","","0","5","",""
"2897","Colorless","","Queen Brahne","","","","","","","","0","5","",""
"2898","Colorless","","Ultros, Obnoxious Octopus","","","","","","","","0","5","",""
"2899","Colorless","","Ashe, Princess of Dalmasca","","","","","","","","0","5","",""
"2900","Colorless","","Ghost-Spider, Gwen Stacy","","","","","","","","0","5","",""
"2900","Colorless","","Venom, Eddie Brock","","","","","","","","0","5","",""
"2902","Colorless","","Zuko, Avatar Hunter","","","","","","","","0","5","",""
"2903","Colorless","","Leonardo, the Balance // Splinter, the Mentor","","","","","","","","0","5","",""
"2904","Colorless","","Jet, Rebel Leader","","","","","","","","0","5","",""
"2905","Colorless","","Nyla, Shirshu Sleuth","","","","","","","","0","5","",""
"2906","Colorless","","Attuma, Atlantean Warlord","","","","","","","","0","5","",""
"2907","Colorless","","Rhys, the Evermore","","","","","","","","0","5","",""
"2908","Colorless","","Shark Shredder, Killer Clone","","","","","","","","0","5","",""
"2909","Colorless","","Sally Pride, Lioness Leader","","","","","","","","0","5","",""
"2909","Colorless","","Michelangelo, Weirdness to 11","","","","","","","","0","5","",""
"2911","Colorless","","Casey Jones, Back Alley Brute","","","","","","","","0","5","",""
"2912","Colorless","","Kang the Conqueror","","","","","","","","0","5","",""
"2913","Colorless","","Ronin, Shadow Stalker","","","","","","","","0","5","",""
"2914","Colorless","","Ka-Zar of the Savage Land","","","","","","","","0","5","",""
"2915","Colorless","","Black Panther, Most Dangerous","","","","","","","","0","5","",""
"2915","Colorless","","Ghost, Spectral Saboteur","","","","","","","","0","5","",""
"2915","Colorless","","Nick Fury, Spymaster","","","","","","","","0","5","",""
"2915","Colorless","","Iceman and Firestar","","","","","","","","0","5","",""
"2919","Colorless","","Dragon Man, Reformed Robot","","","","","","","","0","5","",""
"2920","Colorless","","Thanos, Death's Consort","","","","","","","","0","5","",""
"2921","Colorless","","Greensleeves","","","","","","","","0","5","",""
"2922","Colorless","","Proft, Consulting Detective","","","","","","","","0","5","",""
"2923","Colorless","","Thalia, the Survivor","","","","","","","","0","5","",""
"2923","Colorless","","Ruric Thar, Magecrusher","","","","","","","","0","5","",""
"2925","Colorless","","Lady Evangela","","","","","","","","0","4","",""
"2926","Colorless","","Spirit of the Night","","","","","","","","0","4","",""
"2927","Colorless","","Jolrael, Empress of Beasts","","","","","","","","0","4","",""
"2928","Colorless","","Atalya, Samite Master","","","","","","","","0","4","",""
"2929","Colorless","","Nemata, Grove Guardian","","","","","","","","0","4","",""
"2930","Colorless","","Kamahl, Pit Fighter","","","","","","","","0","4","",""
"2931","Colorless","","Glissa Sunseeker","","","","","","","","0","4","",""
"2932","Colorless","","Uyo, Silent Prophet","","","","","","","","0","4","",""
"2932","Colorless","","Meloku the Clouded Mirror","","","","","","","","0","4","",""
"2934","Colorless","","Yomiji, Who Bars the Way","","","","","","","","0","4","",""
"2935","Colorless","","Maga, Traitor to Mortals","","","","","","","","0","4","",""
"2935","Colorless","","Kataki, War's Wage","","","","","","","","0","4","",""
"2935","Colorless","","Kiyomaro, First to Stand","","","","","","","","0","4","",""
"2935","Colorless","","Bounteous Kirin","","","","","","","","0","4","",""
"2939","Colorless","","Tolsimir Wolfblood","","","","","","","","0","4","",""
"2940","Colorless","","Ghost Council of Orzhova","","","","","","","","0","4","",""
"2940","Colorless","","Tibor and Lumia","","","","","","","","0","4","",""
"2942","Colorless","","Rakdos the Defiler","","","","","","","","0","4","",""
"2943","Colorless","","Vorosh, the Hunter","","","","","","","","0","4","",""
"2944","Colorless","","Wydwen, the Biting Gale","","","","","","","","0","4","",""
"2945","Colorless","","Vendilion Clique","","","","","","","","0","4","",""
"2945","Colorless","","Rhys the Exiled","","","","","","","","0","4","",""
"2947","Colorless","","Stitcher Geralf","","","","","","","","0","4","",""
"2948","Colorless","","Ojutai, Soul of Winter","","","","","","","","0","4","",""
"2949","Colorless","","Surrak, the Hunt Caller","","","","","","","","0","4","",""
"2949","Colorless","","Dragonlord Kolaghan","","","","","","","","0","4","",""
"2951","Colorless","","Thalia, Heretic Cathar","","","","","","","","0","4","",""
"2952","Colorless","","Ardenn, Intrepid Archaeologist // Vial Smasher the Fierce","","","","","","","","0","4","",""
"2952","Colorless","","Kraum, Ludevic's Opus // Kydele, Chosen of Kruphix","","","","","","","","0","4","",""
"2952","Colorless","","Ich-Tekik, Salvage Splicer // Ishai, Ojutai Dragonspeaker","","","","","","","","0","4","",""
"2952","Colorless","","Ishai, Ojutai Dragonspeaker // Tana, the Bloodsower","","","","","","","","0","4","",""
"2952","Colorless","","Kediss, Emberclaw Familiar // Tymna the Weaver","","","","","","","","0","4","",""
"2952","Colorless","","Kediss, Emberclaw Familiar // Tana, the Bloodsower","","","","","","","","0","4","",""
"2952","Colorless","","Akroma, Vision of Ixidor // Kraum, Ludevic's Opus","","","","","","","","0","4","",""
"2952","Colorless","","Akiri, Line-Slinger // Kediss, Emberclaw Familiar","","","","","","","","0","4","",""
"2952","Colorless","","Akiri, Line-Slinger // Armix, Filigree Thrasher","","","","","","","","0","4","",""
"2952","Colorless","","Bruse Tarl, Boorish Herder // Sakashima of a Thousand Faces","","","","","","","","0","4","",""
"2952","Colorless","","Bruse Tarl, Boorish Herder // Vial Smasher the Fierce","","","","","","","","0","4","",""
"2952","Colorless","","Sengir, the Dark Baron // Vial Smasher the Fierce","","","","","","","","0","4","",""
"2952","Colorless","","Sidar Kondo of Jamuraa // Tormod, the Desecrator","","","","","","","","0","4","",""
"2952","Colorless","","Dargo, the Shipwrecker // Sidar Kondo of Jamuraa","","","","","","","","0","4","",""
"2952","Colorless","","Ghost of Ramirez DePietro // Ravos, Soultender","","","","","","","","0","4","",""
"2952","Colorless","","Eligeth, Crossroads Augur // Thrasios, Triton Hero","","","","","","","","0","4","",""
"2952","Colorless","","Keleth, Sunmane Familiar // Tana, the Bloodsower","","","","","","","","0","4","",""
"2952","Colorless","","Ikra Shidiqi, the Usurper // Rograkh, Son of Rohgahh","","","","","","","","0","4","",""
"2952","Colorless","","Akiri, Line-Slinger // Francisco, Fowl Marauder","","","","","","","","0","4","",""
"2952","Colorless","","Bruse Tarl, Boorish Herder // Tana, the Bloodsower","","","","","","","","0","4","",""
"2952","Colorless","","Ishai, Ojutai Dragonspeaker // Yoshimaru, Ever Faithful","","","","","","","","0","4","",""
"2952","Colorless","","Ardenn, Intrepid Archaeologist // Ludevic, Necro-Alchemist","","","","","","","","0","4","",""
"2952","Colorless","","Kediss, Emberclaw Familiar // Reyhan, Last of the Abzan","","","","","","","","0","4","",""
"2952","Colorless","","Ardenn, Intrepid Archaeologist // Thrasios, Triton Hero","","","","","","","","0","4","",""
"2952","Colorless","","Sidar Kondo of Jamuraa // Tevesh Szat, Doom of Fools","","","","","","","","0","4","",""
"2952","Colorless","","Reyhan, Last of the Abzan","","","","","","","","0","4","",""
"2952","Colorless","","Ikra Shidiqi, the Usurper // Kediss, Emberclaw Familiar","","","","","","","","0","4","",""
"2952","Colorless","","Ikra Shidiqi, the Usurper // Ravos, Soultender","","","","","","","","0","4","",""
"2952","Colorless","","Kydele, Chosen of Kruphix // Miara, Thorn of the Glade","","","","","","","","0","4","",""
"2952","Colorless","","Francisco, Fowl Marauder // Tana, the Bloodsower","","","","","","","","0","4","",""
"2952","Colorless","","Ikra Shidiqi, the Usurper // Ludevic, Necro-Alchemist","","","","","","","","0","4","",""
"2952","Colorless","","Ludevic, Necro-Alchemist // Reyhan, Last of the Abzan","","","","","","","","0","4","",""
"2984","Colorless","","Kopala, Warden of Waves","","","","","","","","0","4","",""
"2985","Colorless","","Demonlord Belzenlok","","","","","","","","0","4","",""
"2985","Colorless","","Garna, the Bloodflame","","","","","","","","0","4","",""
"2985","Colorless","","Niambi, Faithful Healer","","","","","","","","0","4","",""
"2988","Colorless","","Palladia-Mors, the Ruiner","","","","","","","","0","4","",""
"2989","Colorless","","Parhelion II","","","","","","","","0","4","",""
"2989","Colorless","","Storrev, Devkarin Lich","","","","","","","","0","4","",""
"2991","Colorless","","Anax, Hardened in the Forge","","","","","","","","0","4","",""
"2991","Colorless","","Alirios, Enraptured","","","","","","","","0","4","",""
"2993","Colorless","","Ukkima, Stalking Shadow","","","","","","","","0","4","",""
"2994","Colorless","","Zareth San, the Trickster","","","","","","","","0","4","",""
"2995","Colorless","","Falthis, Shadowcat Familiar // Sakashima of a Thousand Faces","","","","","","","","0","4","",""
"2995","Colorless","","Kodama of the East Tree","","","","","","","","0","4","",""
"2995","Colorless","","Esior, Wardwing Familiar // Tevesh Szat, Doom of Fools","","","","","","","","0","4","",""
"2995","Colorless","","Gilanra, Caller of Wirewood // Sakashima of a Thousand Faces","","","","","","","","0","4","",""
"2995","Colorless","","Brinelin, the Moon Kraken // Sakashima of a Thousand Faces","","","","","","","","0","4","",""
"2995","Colorless","","Dargo, the Shipwrecker // Keskit, the Flesh Sculptor","","","","","","","","0","4","",""
"2995","Colorless","","Rograkh, Son of Rohgahh","","","","","","","","0","4","",""
"2995","Colorless","","Alena, Kessig Trapper // Halana, Kessig Ranger","","","","","","","","0","4","",""
"2995","Colorless","","Tevesh Szat, Doom of Fools // Tormod, the Desecrator","","","","","","","","0","4","",""
"2995","Colorless","","Tevesh Szat, Doom of Fools // Yoshimaru, Ever Faithful","","","","","","","","0","4","",""
"2995","Colorless","","Rograkh, Son of Rohgahh // Sakashima of a Thousand Faces","","","","","","","","0","4","",""
"2995","Colorless","","Esior, Wardwing Familiar // Krark, the Thumbless","","","","","","","","0","4","",""
"2995","Colorless","","Akroma, Vision of Ixidor // Kamahl, Heart of Krosa","","","","","","","","0","4","",""
"2995","Colorless","","Rebbec, Architect of Ascension // Sakashima of a Thousand Faces","","","","","","","","0","4","",""
"2995","Colorless","","Tormod, the Desecrator","","","","","","","","0","4","",""
"2995","Colorless","","Kamahl, Heart of Krosa // Tormod, the Desecrator","","","","","","","","0","4","",""
"2995","Colorless","","Glacian, Powerstone Engineer // Toggo, Goblin Weaponsmith","","","","","","","","0","4","",""
"2995","Colorless","","Anara, Wolvid Familiar // Keleth, Sunmane Familiar","","","","","","","","0","4","",""
"2995","Colorless","","Sakashima of a Thousand Faces // Toggo, Goblin Weaponsmith","","","","","","","","0","4","",""
"2995","Colorless","","Dargo, the Shipwrecker // Kediss, Emberclaw Familiar","","","","","","","","0","4","",""
"2995","Colorless","","Armix, Filigree Thrasher // Rebbec, Architect of Ascension","","","","","","","","0","4","",""
"2995","Colorless","","Krark, the Thumbless // Malcolm, Keen-Eyed Navigator","","","","","","","","0","4","",""
"3017","Colorless","","Reidane, God of the Worthy","","","","","","","","0","4","",""
"3018","Colorless","","Targ Nar, Demon-Fang Gnoll","","","","","","","","0","4","",""
"3018","Colorless","","Lorcan, Warlock Collector","","","","","","","","0","4","",""
"3020","Colorless","","Wernog, Rider's Chaplain","","","","","","","","0","4","",""
"3020","Colorless","","Bjorna, Nightfall Alchemist // Hargilde, Kindly Runechanter","","","","","","","","0","4","",""
"3022","Colorless","","Gale, Waterdeep Prodigy // Noble Heritage","","","","","","","","0","4","",""
"3022","Colorless","","Halsin, Emerald Archdruid // Veteran Soldier","","","","","","","","0","4","",""
"3022","Colorless","","Jaheira, Friend of the Forest // Feywild Visitor","","","","","","","","0","4","",""
"3022","Colorless","","Lulu, Loyal Hollyphant // Veteran Soldier","","","","","","","","0","4","",""
"3022","Colorless","","Lulu, Loyal Hollyphant // Master Chef","","","","","","","","0","4","",""
"3022","Colorless","","Faceless One // Shameless Charlatan","","","","","","","","0","4","",""
"3022","Colorless","","Wyll, Blade of Frontiers // Acolyte of Bahamut","","","","","","","","0","4","",""
"3022","Colorless","","Rasaad yn Bashir // Flaming Fist","","","","","","","","0","4","",""
"3022","Colorless","","Livaan, Cultist of Tiamat // Acolyte of Bahamut","","","","","","","","0","4","",""
"3022","Colorless","","Baeloth Barrityl, Entertainer // Agent of the Iron Throne","","","","","","","","0","4","",""
"3022","Colorless","","Wilson, Refined Grizzly // Scion of Halaster","","","","","","","","0","4","",""
"3022","Colorless","","Lae'zel, Vlaakith's Champion // Candlekeep Sage","","","","","","","","0","4","",""
"3022","Colorless","","Wilson, Refined Grizzly // Criminal Past","","","","","","","","0","4","",""
"3022","Colorless","","Shadowheart, Dark Justiciar","","","","","","","","0","4","",""
"3022","Colorless","","Sivriss, Nightmare Speaker // Agent of the Iron Throne","","","","","","","","0","4","",""
"3022","Colorless","","Volo, Itinerant Scholar // Shameless Charlatan","","","","","","","","0","4","",""
"3022","Colorless","","Lae'zel, Vlaakith's Champion // Inspiring Leader","","","","","","","","0","4","",""
"3022","Colorless","","Lae'zel, Vlaakith's Champion // Agent of the Shadow Thieves","","","","","","","","0","4","",""
"3022","Colorless","","Gut, True Soul Zealot // Scion of Halaster","","","","","","","","0","4","",""
"3041","Colorless","","Truss, Chief Engineer","","","","","","","","0","4","",""
"3042","Colorless","","Jetfire, Ingenious Scientist","","","","","","","","0","4","",""
"3042","Colorless","","Hajar, Loyal Bodyguard","","","","","","","","0","4","",""
"3044","Colorless","","Lita, Mechanical Engineer","","","","","","","","0","4","",""
"3045","Colorless","","Kinzu of the Bleak Coven","","","","","","","","0","4","",""
"3046","Colorless","","Gimli, Counter of Kills","","","","","","","","0","4","",""
"3046","Colorless","","Quickbeam, Upstart Ent","","","","","","","","0","4","",""
"3046","Colorless","","Gandalf, White Rider","","","","","","","","0","4","",""
"3046","Colorless","","Gwaihir the Windlord","","","","","","","","0","4","",""
"3046","Colorless","","Rosie Cotton of South Lane","","","","","","","","0","4","",""
"3046","Colorless","","Boromir, Gondor's Hope","","","","","","","","0","4","",""
"3052","Colorless","","Ash, Party Crasher","","","","","","","","0","4","",""
"3053","Colorless","","The Ninth Doctor // Susan Foreman","","","","","","","","0","4","",""
"3053","Colorless","","The War Doctor // Adric, Mathematical Genius","","","","","","","","0","4","",""
"3053","Colorless","","The First Doctor // Susan Foreman","","","","","","","","0","4","",""
"3053","Colorless","","The Eleventh Doctor // Clara Oswald","","","","","","","","0","4","",""
"3057","Colorless","","The Belligerent","","","","","","","","0","4","",""
"3058","Colorless","","The Fourteenth Doctor","","","","","","","","0","4","",""
"3059","Colorless","","James, Wandering Dad","","","","","","","","0","4","",""
"3059","Colorless","","Butch DeLoria, Tunnel Snake","","","","","","","","0","4","",""
"3059","Colorless","","Hancock, Ghoulish Mayor","","","","","","","","0","4","",""
"3062","Colorless","","Roshan, Hidden Magister","","","","","","","","0","4","",""
"3063","Colorless","","Urdnan, Dromoka Warrior","","","","","","","","0","4","",""
"3063","Colorless","","Nazar, the Velvet Fang","","","","","","","","0","4","",""
"3065","Colorless","","Anafenza, Unyielding Lineage","","","","","","","","0","4","",""
"3066","Colorless","","Edgar, King of Figaro","","","","","","","","0","4","",""
"3067","Colorless","","Prompto Argentum","","","","","","","","0","4","",""
"3068","Colorless","","Spider-Man Noir","","","","","","","","0","4","",""
"3069","Colorless","","Bumi, Eclectic Earthbender","","","","","","","","0","4","",""
"3070","Colorless","","Toph, the Blind Bandit","","","","","","","","0","4","",""
"3071","Colorless","","Araña, Heart of the Spider","","","","","","","","0","4","",""
"3072","Colorless","","Abby, Merciless Soldier // Ellie, Brick Master","","","","","","","","0","4","",""
"3073","Colorless","","Michelangelo, On the Scene","","","","","","","","0","4","",""
"3073","Colorless","","Raphael, the Muscle // Splinter, the Mentor","","","","","","","","0","4","",""
"3075","Colorless","","Zhao, Ruthless Admiral","","","","","","","","0","4","",""
"3076","Colorless","","Katara, Seeking Revenge","","","","","","","","0","4","",""
"3077","Colorless","","Captain America, Super-Soldier","","","","","","","","0","4","",""
"3078","Colorless","","Michelangelo, Improviser","","","","","","","","0","4","",""
"3078","Colorless","","Raphael, the Nightwatcher","","","","","","","","0","4","",""
"3080","Colorless","","April O'Neil, Human Element","","","","","","","","0","4","",""
"3081","Colorless","","Baxter, Fly in the Ointment","","","","","","","","0","4","",""
"3081","Colorless","","Leatherhead, Iron Gator","","","","","","","","0","4","",""
"3083","Colorless","","Casey Jones, Asphalt Hooligan","","","","","","","","0","4","",""
"3083","Colorless","","Leonardo, Big Brother","","","","","","","","0","4","",""
"3083","Colorless","","Mona Lisa, Ever Adaptable","","","","","","","","0","4","",""
"3086","Colorless","","Nev, the Practical Dean","","","","","","","","0","4","",""
"3087","Colorless","","Iron Fist, Living Weapon","","","","","","","","0","4","",""
"3087","Colorless","","The Thing, Ben Grimm","","","","","","","","0","4","",""
"3087","Colorless","","Captain Marvel, Earth's Protector","","","","","","","","0","4","",""
"3090","Colorless","","Colleen Wing, Street Samurai","","","","","","","","0","4","",""
"3090","Colorless","","Grim Reaper, Lethal Legionnaire","","","","","","","","0","4","",""
"3092","Colorless","","Bushmaster, Coiled Henchman","","","","","","","","0","4","",""
"3092","Colorless","","Atlas, Sizable Stooge","","","","","","","","0","4","",""
"3092","Colorless","","Super-Adaptoid","","","","","","","","0","4","",""
"3092","Colorless","","Hawkeye, Avenging Archer","","","","","","","","0","4","",""
"3092","Colorless","","The Thanos-Copter","","","","","","","","0","4","",""
"3092","Colorless","","Ant-Man, Reformed Rogue","","","","","","","","0","4","",""
"3092","Colorless","","Wasp, Shrinking Savior","","","","","","","","0","4","",""
"3092","Colorless","","Hulk, Brutal Brawler","","","","","","","","0","4","",""
"3100","Colorless","","Franklin Richards, Ascendant","","","","","","","","0","4","",""
"3100","Colorless","","Black Bolt, Inhuman King","","","","","","","","0","4","",""
"3102","Colorless","","Captain James T. Kirk","","","","","","","","0","4","",""
"3103","Colorless","","Gollum the Abandoned","","","","","","","","0","4","",""
"3104","Colorless","","Glóin the Mighty","","","","","","","","0","4","",""
"3105","Colorless","","Beorn, Reluctant Host","","","","","","","","0","4","",""
"3106","Colorless","","Dáin, Lord of the Iron Hills","","","","","","","","0","4","",""
"3107","Colorless","","Jabs, Mistress of Mockery","","","","","","","","0","4","",""
"3108","Colorless","","Jacques le Vert","","","","","","","","0","3","",""
"3108","Colorless","","Palladia-Mors","","","","","","","","0","3","",""
"3108","Colorless","","Halfdane","","","","","","","","0","3","",""
"3108","Colorless","","The Lady of the Mountain","","","","","","","","0","3","",""
"3108","Colorless","","Axelrod Gunnarson","","","","","","","","0","3","",""
"3113","Colorless","","Daughter of Autumn","","","","","","","","0","3","",""
"3113","Colorless","","Hazduhr the Abbot","","","","","","","","0","3","",""
"3115","Colorless","","Shauku, Endbringer","","","","","","","","0","3","",""
"3116","Colorless","","Radiant, Archangel","","","","","","","","0","3","",""
"3117","Colorless","","Liu Bei, Lord of Shu","","","","","","","","0","3","",""
"3118","Colorless","","Aboshan, Cephalid Emperor","","","","","","","","0","3","",""
"3119","Colorless","","Commander Eesha","","","","","","","","0","3","",""
"3119","Colorless","","Jeska, Warrior Adept","","","","","","","","0","3","",""
"3121","Colorless","","Silvos, Rogue Elemental","","","","","","","","0","3","",""
"3122","Colorless","","Hikari, Twilight Guardian","","","","","","","","0","3","",""
"3122","Colorless","","Shimatsu the Bloodcloaked","","","","","","","","0","3","",""
"3124","Colorless","","Skyfire Kirin","","","","","","","","0","3","",""
"3125","Colorless","","Razia, Boros Archangel","","","","","","","","0","3","",""
"3126","Colorless","","Borborygmos","","","","","","","","0","3","",""
"3127","Colorless","","Jedit Ojanen of Efrava","","","","","","","","0","3","",""
"3128","Colorless","","Venser, Shaper Savant","","","","","","","","0","3","",""
"3129","Colorless","","Brigid, Hero of Kinsbaile","","","","","","","","0","3","",""
"3130","Colorless","","Ashling, the Extinguisher","","","","","","","","0","3","",""
"3131","Colorless","","Melira, Sylvok Outcast","","","","","","","","0","3","",""
"3132","Colorless","","Emmara Tandris","","","","","","","","0","3","",""
"3133","Colorless","","Polukranos, World Eater","","","","","","","","0","3","",""
"3134","Colorless","","Avacyn, Guardian Angel","","","","","","","","0","3","",""
"3135","Colorless","","Dwynen, Gilt-Leaf Daen","","","","","","","","0","3","",""
"3135","Colorless","","Kothophed, Soul Hoarder","","","","","","","","0","3","",""
"3137","Colorless","","Ludevic, Necro-Alchemist // Silas Renn, Seeker Adept","","","","","","","","0","3","",""
"3137","Colorless","","Ikra Shidiqi, the Usurper","","","","","","","","0","3","",""
"3137","Colorless","","Ravos, Soultender // Tevesh Szat, Doom of Fools","","","","","","","","0","3","",""
"3137","Colorless","","Ravos, Soultender // Yoshimaru, Ever Faithful","","","","","","","","0","3","",""
"3137","Colorless","","Ravos, Soultender // Slurrk, All-Ingesting","","","","","","","","0","3","",""
"3137","Colorless","","Nadier, Agent of the Duskenel // Reyhan, Last of the Abzan","","","","","","","","0","3","",""
"3137","Colorless","","Vial Smasher the Fierce","","","","","","","","0","3","",""
"3137","Colorless","","Sakashima of a Thousand Faces // Thrasios, Triton Hero","","","","","","","","0","3","",""
"3137","Colorless","","Kraum, Ludevic's Opus // Thrasios, Triton Hero","","","","","","","","0","3","",""
"3137","Colorless","","Thrasios, Triton Hero","","","","","","","","0","3","",""
"3137","Colorless","","Francisco, Fowl Marauder // Kraum, Ludevic's Opus","","","","","","","","0","3","",""
"3137","Colorless","","Tevesh Szat, Doom of Fools // Vial Smasher the Fierce","","","","","","","","0","3","",""
"3137","Colorless","","Anara, Wolvid Familiar // Tymna the Weaver","","","","","","","","0","3","",""
"3137","Colorless","","Kydele, Chosen of Kruphix // Yoshimaru, Ever Faithful","","","","","","","","0","3","",""
"3137","Colorless","","Akiri, Line-Slinger // Falthis, Shadowcat Familiar","","","","","","","","0","3","",""
"3137","Colorless","","Dargo, the Shipwrecker // Vial Smasher the Fierce","","","","","","","","0","3","",""
"3137","Colorless","","Jeska, Thrice Reborn // Vial Smasher the Fierce","","","","","","","","0","3","",""
"3137","Colorless","","Brinelin, the Moon Kraken // Kraum, Ludevic's Opus","","","","","","","","0","3","",""
"3137","Colorless","","Kediss, Emberclaw Familiar // Kraum, Ludevic's Opus","","","","","","","","0","3","",""
"3137","Colorless","","Gilanra, Caller of Wirewood // Ishai, Ojutai Dragonspeaker","","","","","","","","0","3","",""
"3137","Colorless","","Gilanra, Caller of Wirewood // Kraum, Ludevic's Opus","","","","","","","","0","3","",""
"3137","Colorless","","Kediss, Emberclaw Familiar // Vial Smasher the Fierce","","","","","","","","0","3","",""
"3137","Colorless","","Miara, Thorn of the Glade // Tana, the Bloodsower","","","","","","","","0","3","",""
"3137","Colorless","","Halana, Kessig Ranger // Silas Renn, Seeker Adept","","","","","","","","0","3","",""
"3137","Colorless","","Ishai, Ojutai Dragonspeaker // Toggo, Goblin Weaponsmith","","","","","","","","0","3","",""
"3137","Colorless","","Nadier, Agent of the Duskenel // Tana, the Bloodsower","","","","","","","","0","3","",""
"3137","Colorless","","Ishai, Ojutai Dragonspeaker // Sakashima of a Thousand Faces","","","","","","","","0","3","",""
"3137","Colorless","","Bruse Tarl, Boorish Herder // Kydele, Chosen of Kruphix","","","","","","","","0","3","",""
"3137","Colorless","","Rograkh, Son of Rohgahh // Vial Smasher the Fierce","","","","","","","","0","3","",""
"3137","Colorless","","Toggo, Goblin Weaponsmith // Tymna the Weaver","","","","","","","","0","3","",""
"3137","Colorless","","Akiri, Line-Slinger // Ikra Shidiqi, the Usurper","","","","","","","","0","3","",""
"3137","Colorless","","Akiri, Line-Slinger // Jeska, Thrice Reborn","","","","","","","","0","3","",""
"3137","Colorless","","Akiri, Line-Slinger // Keskit, the Flesh Sculptor","","","","","","","","0","3","",""
"3137","Colorless","","Silas Renn, Seeker Adept // The Prismatic Piper","","","","","","","","0","3","",""
"3171","Colorless","","Razaketh, the Foulblooded","","","","","","","","0","3","",""
"3172","Colorless","","Urgoros, the Empty One","","","","","","","","0","3","",""
"3172","Colorless","","Kazarov, Sengir Pureblood","","","","","","","","0","3","",""
"3172","Colorless","","Baird, Steward of Argive","","","","","","","","0","3","",""
"3175","Colorless","","Toothy, Imaginary Friend","","","","","","","","0","3","",""
"3176","Colorless","","Syr Faren, the Hengehammer","","","","","","","","0","3","",""
"3177","Colorless","","Tymaret, Chosen from Death","","","","","","","","0","3","",""
"3177","Colorless","","Taranika, Akroan Veteran","","","","","","","","0","3","",""
"3179","Colorless","","Silvar, Devourer of the Free","","","","","","","","0","3","",""
"3180","Colorless","","Yidaro, Wandering Monster","","","","","","","","0","3","",""
"3180","Colorless","","Keruga, the Macrosage","","","","","","","","0","3","",""
"3182","Colorless","","Barrin, Tolarian Archmage","","","","","","","","0","3","",""
"3183","Colorless","","Anara, Wolvid Familiar // Ardenn, Intrepid Archaeologist","","","","","","","","0","3","",""
"3183","Colorless","","Jeska, Thrice Reborn // Kamahl, Heart of Krosa","","","","","","","","0","3","",""
"3183","Colorless","","Gilanra, Caller of Wirewood // Halana, Kessig Ranger","","","","","","","","0","3","",""
"3183","Colorless","","Nadier, Agent of the Duskenel // Tevesh Szat, Doom of Fools","","","","","","","","0","3","",""
"3183","Colorless","","Nadier, Agent of the Duskenel // Toggo, Goblin Weaponsmith","","","","","","","","0","3","",""
"3183","Colorless","","Esior, Wardwing Familiar // Keleth, Sunmane Familiar","","","","","","","","0","3","",""
"3183","Colorless","","Esior, Wardwing Familiar // Tormod, the Desecrator","","","","","","","","0","3","",""
"3183","Colorless","","Tevesh Szat, Doom of Fools","","","","","","","","0","3","",""
"3183","Colorless","","Akroma, Vision of Ixidor","","","","","","","","0","3","",""
"3183","Colorless","","Akroma, Vision of Ixidor // Radiant, Serra Archangel","","","","","","","","0","3","",""
"3183","Colorless","","Akroma, Vision of Ixidor // Gilanra, Caller of Wirewood","","","","","","","","0","3","",""
"3183","Colorless","","Falthis, Shadowcat Familiar // Sengir, the Dark Baron","","","","","","","","0","3","",""
"3183","Colorless","","Falthis, Shadowcat Familiar // Toggo, Goblin Weaponsmith","","","","","","","","0","3","",""
"3183","Colorless","","Kediss, Emberclaw Familiar // Sakashima of a Thousand Faces","","","","","","","","0","3","",""
"3183","Colorless","","Ardenn, Intrepid Archaeologist // Keleth, Sunmane Familiar","","","","","","","","0","3","",""
"3183","Colorless","","Ich-Tekik, Salvage Splicer // Keskit, the Flesh Sculptor","","","","","","","","0","3","",""
"3183","Colorless","","Ardenn, Intrepid Archaeologist // Rebbec, Architect of Ascension","","","","","","","","0","3","",""
"3183","Colorless","","Akroma, Vision of Ixidor // Ardenn, Intrepid Archaeologist","","","","","","","","0","3","",""
"3183","Colorless","","Akroma, Vision of Ixidor // Yoshimaru, Ever Faithful","","","","","","","","0","3","",""
"3183","Colorless","","Akroma, Vision of Ixidor // Alena, Kessig Trapper","","","","","","","","0","3","",""
"3183","Colorless","","Akroma, Vision of Ixidor // Sengir, the Dark Baron","","","","","","","","0","3","",""
"3183","Colorless","","Kamahl, Heart of Krosa // Yoshimaru, Ever Faithful","","","","","","","","0","3","",""
"3183","Colorless","","Anara, Wolvid Familiar // Kamahl, Heart of Krosa","","","","","","","","0","3","",""
"3183","Colorless","","Rograkh, Son of Rohgahh // Toggo, Goblin Weaponsmith","","","","","","","","0","3","",""
"3183","Colorless","","Alena, Kessig Trapper // Brinelin, the Moon Kraken","","","","","","","","0","3","",""
"3183","Colorless","","Alena, Kessig Trapper // Kodama of the East Tree","","","","","","","","0","3","",""
"3183","Colorless","","Gilanra, Caller of Wirewood // Miara, Thorn of the Glade","","","","","","","","0","3","",""
"3183","Colorless","","Slurrk, All-Ingesting","","","","","","","","0","3","",""
"3183","Colorless","","Kodama of the East Tree // Rograkh, Son of Rohgahh","","","","","","","","0","3","",""
"3212","Colorless","","Harald, King of Skemfar","","","","","","","","0","3","",""
"3213","Colorless","","Uvilda, Dean of Perfection","","","","","","","","0","3","",""
"3213","Colorless","","Rootha, Mercurial Artist","","","","","","","","0","3","",""
"3215","Colorless","","Zalto, Fire Giant Duke","","","","","","","","0","3","",""
"3215","Colorless","","Icingdeath, Frost Tyrant","","","","","","","","0","3","",""
"3217","Colorless","","Dennick, Pious Apprentice","","","","","","","","0","3","",""
"3218","Colorless","","Kotose, the Silent Spider","","","","","","","","0","3","",""
"3218","Colorless","","Myojin of Cryptic Dreams","","","","","","","","0","3","",""
"3220","Colorless","","Ellyn Harbreeze, Busybody // Inspiring Leader","","","","","","","","0","3","",""
"3220","Colorless","","Wyll, Blade of Frontiers // Clan Crafter","","","","","","","","0","3","",""
"3220","Colorless","","Shadowheart, Dark Justiciar // Far Traveler","","","","","","","","0","3","",""
"3220","Colorless","","Sarevok, Deathbringer // Master Chef","","","","","","","","0","3","",""
"3220","Colorless","","Wilson, Refined Grizzly // Master Chef","","","","","","","","0","3","",""
"3220","Colorless","","Erinis, Gloom Stalker // Sword Coast Sailor","","","","","","","","0","3","",""
"3220","Colorless","","Jaheira, Friend of the Forest // Veteran Soldier","","","","","","","","0","3","",""
"3220","Colorless","","Abdel Adrian, Gorion's Ward // Cultist of the Absolute","","","","","","","","0","3","",""
"3220","Colorless","","Erinis, Gloom Stalker // Guild Artisan","","","","","","","","0","3","",""
"3220","Colorless","","Vhal, Candlekeep Researcher // Tavern Brawler","","","","","","","","0","3","",""
"3220","Colorless","","Baeloth Barrityl, Entertainer","","","","","","","","0","3","",""
"3220","Colorless","","Ganax, Astral Hunter // Clan Crafter","","","","","","","","0","3","",""
"3220","Colorless","","Baeloth Barrityl, Entertainer // Popular Entertainer","","","","","","","","0","3","",""
"3220","Colorless","","Viconia, Drow Apostate // Scion of Halaster","","","","","","","","0","3","",""
"3220","Colorless","","Abdel Adrian, Gorion's Ward // Master Chef","","","","","","","","0","3","",""
"3220","Colorless","","Skanos Dragonheart // Dragon Cultist","","","","","","","","0","3","",""
"3220","Colorless","","Amber Gristle O'Maul // Veteran Soldier","","","","","","","","0","3","",""
"3220","Colorless","","Livaan, Cultist of Tiamat // Noble Heritage","","","","","","","","0","3","",""
"3220","Colorless","","Zellix, Sanity Flayer // Cloakwood Hermit","","","","","","","","0","3","",""
"3220","Colorless","","Lae'zel, Vlaakith's Champion // Passionate Archaeologist","","","","","","","","0","3","",""
"3220","Colorless","","Gut, True Soul Zealot // Cultist of the Absolute","","","","","","","","0","3","",""
"3220","Colorless","","Baeloth Barrityl, Entertainer // Master Chef","","","","","","","","0","3","",""
"3220","Colorless","","Burakos, Party Leader // Agent of the Shadow Thieves","","","","","","","","0","3","",""
"3220","Colorless","","Gut, True Soul Zealot // Master Chef","","","","","","","","0","3","",""
"3220","Colorless","","Sivriss, Nightmare Speaker // Feywild Visitor","","","","","","","","0","3","",""
"3220","Colorless","","Gale, Waterdeep Prodigy // Dragon Cultist","","","","","","","","0","3","",""
"3220","Colorless","","Alora, Merry Thief // Popular Entertainer","","","","","","","","0","3","",""
"3220","Colorless","","Durnan of the Yawning Portal // Tavern Brawler","","","","","","","","0","3","",""
"3220","Colorless","","Zellix, Sanity Flayer","","","","","","","","0","3","",""
"3220","Colorless","","Volo, Itinerant Scholar // Feywild Visitor","","","","","","","","0","3","",""
"3250","Colorless","","Sol'Kanar the Tainted","","","","","","","","0","3","",""
"3251","Colorless","","Claire D'Loon, Joy Sculptor","","","","","","","","0","3","",""
"3251","Colorless","","Katerina of Myra's Marvels // Nocturno of Myra's Marvels","","","","","","","","0","3","",""
"3253","Colorless","","Arcee, Sharpshooter","","","","","","","","0","3","",""
"3254","Colorless","","Vraan, Executioner Thane","","","","","","","","0","3","",""
"3255","Colorless","","Arni Metalbrow","","","","","","","","0","3","",""
"3256","Colorless","","Old Man Willow","","","","","","","","0","3","",""
"3256","Colorless","","Denethor, Stone Seer","","","","","","","","0","3","",""
"3256","Colorless","","Éowyn, Fearless Knight","","","","","","","","0","3","",""
"3256","Colorless","","Gothmog, Morgul Lieutenant","","","","","","","","0","3","",""
"3256","Colorless","","Sharkey, Tyrant of the Shire","","","","","","","","0","3","",""
"3256","Colorless","","Gollum, Patient Plotter","","","","","","","","0","3","",""
"3256","Colorless","","Lobelia, Defender of Bag End","","","","","","","","0","3","",""
"3256","Colorless","","Gríma Wormtongue","","","","","","","","0","3","",""
"3256","Colorless","","Glóin, Dwarf Emissary","","","","","","","","0","3","",""
"3265","Colorless","","The Sixth Doctor","","","","","","","","0","3","",""
"3265","Colorless","","The Master, Gallifrey's End","","","","","","","","0","3","",""
"3265","Colorless","","The Tenth Doctor // Tegan Jovanka","","","","","","","","0","3","",""
"3265","Colorless","","The Seventh Doctor // Tegan Jovanka","","","","","","","","0","3","",""
"3265","Colorless","","The Seventh Doctor // Nyssa of Traken","","","","","","","","0","3","",""
"3265","Colorless","","The Fourth Doctor // Dan Lewis","","","","","","","","0","3","",""
"3265","Colorless","","The Second Doctor // Ryan Sinclair","","","","","","","","0","3","",""
"3265","Colorless","","The Sixth Doctor // Ian Chesterton","","","","","","","","0","3","",""
"3265","Colorless","","The Fifteenth Doctor // Graham O'Brien","","","","","","","","0","3","",""
"3265","Colorless","","The Fifteenth Doctor // Sarah Jane Smith","","","","","","","","0","3","",""
"3265","Colorless","","The Ninth Doctor // Rose Tyler","","","","","","","","0","3","",""
"3265","Colorless","","The Fifth Doctor // Adric, Mathematical Genius","","","","","","","","0","3","",""
"3265","Colorless","","The Fugitive Doctor // Martha Jones","","","","","","","","0","3","",""
"3265","Colorless","","The Twelfth Doctor // Graham O'Brien","","","","","","","","0","3","",""
"3265","Colorless","","The Fourteenth Doctor // Jo Grant","","","","","","","","0","3","",""
"3280","Colorless","","Akawalli, the Seething Tower","","","","","","","","0","3","",""
"3280","Colorless","","Breeches, Eager Pillager","","","","","","","","0","3","",""
"3282","Colorless","","Veronica, Dissident Scribe","","","","","","","","0","3","",""
"3282","Colorless","","Jason Bright, Glowing Prophet","","","","","","","","0","3","",""
"3282","Colorless","","Ian the Reckless","","","","","","","","0","3","",""
"3282","Colorless","","The Motherlode, Excavator","","","","","","","","0","3","",""
"3286","Colorless","","Vadmir, New Blood","","","","","","","","0","3","",""
"3287","Colorless","","Desmond Miles","","","","","","","","0","3","",""
"3288","Colorless","","Arno Dorian","","","","","","","","0","3","",""
"3289","Colorless","","Pol Jamaar, Illusionist","","","","","","","","0","3","",""
"3290","Colorless","","Tyrox, Saurid Tyrant","","","","","","","","0","3","",""
"3291","Colorless","","Sundial, Dawn Tyrant","","","","","","","","0","3","",""
"3292","Colorless","","Yuffie, Materia Hunter","","","","","","","","0","3","",""
"3293","Colorless","","Banon, the Returners' Leader","","","","","","","","0","3","",""
"3294","Colorless","","Lightning, Security Sergeant","","","","","","","","0","3","",""
"3295","Colorless","","The Lunar Whale","","","","","","","","0","3","",""
"3295","Colorless","","Ignis Scientia","","","","","","","","0","3","",""
"3297","Colorless","","Spider-Rex, Daring Dino","","","","","","","","0","3","",""
"3298","Colorless","","Hakoda, Selfless Commander","","","","","","","","0","3","",""
"3299","Colorless","","Hydro-Man, Fluid Felon","","","","","","","","0","3","",""
"3299","Colorless","","Lizard, Connors's Curse","","","","","","","","0","3","",""
"3299","Colorless","","Mary Jane Watson","","","","","","","","0","3","",""
"3299","Colorless","","Kraven, Proud Predator","","","","","","","","0","3","",""
"3303","Colorless","","Donatello, the Brains // Splinter, the Mentor","","","","","","","","0","3","",""
"3304","Colorless","","The Lion-Turtle","","","","","","","","0","3","",""
"3304","Colorless","","Guru Pathik","","","","","","","","0","3","",""
"3304","Colorless","","Uncle Iroh","","","","","","","","0","3","",""
"3307","Colorless","","Mai, Jaded Edge","","","","","","","","0","3","",""
"3308","Colorless","","Leatherhead, Swamp Stalker","","","","","","","","0","3","",""
"3309","Colorless","","Agent Bishop, Man in Black","","","","","","","","0","3","",""
"3309","Colorless","","Casey Jones, Vigilante","","","","","","","","0","3","",""
"3311","Colorless","","Irma, Part-Time Mutant","","","","","","","","0","3","",""
"3312","Colorless","","Rocksteady, Crash Courser","","","","","","","","0","3","",""
"3312","Colorless","","Venus, Torn Between Worlds","","","","","","","","0","3","",""
"3314","Colorless","","Jadzi, Steward of Fate","","","","","","","","0","3","",""
"3315","Colorless","","Agent Phil Coulson","","","","","","","","0","3","",""
"3315","Colorless","","Killmonger, Scourge of Wakanda","","","","","","","","0","3","",""
"3317","Colorless","","Quake, Agent of S.H.I.E.L.D.","","","","","","","","0","3","",""
"3318","Colorless","","Stick, Fearless Mentor","","","","","","","","0","3","",""
"3318","Colorless","","White Widow, Yelena Belova","","","","","","","","0","3","",""
"3318","Colorless","","War Machine, Legacy of Iron","","","","","","","","0","3","",""
"3318","Colorless","","Marvel Boy, Noh-Varr","","","","","","","","0","3","",""
"3318","Colorless","","Hulk, Strongest There Is","","","","","","","","0","3","",""
"3318","Colorless","","Hyperion, Supreme Hero","","","","","","","","0","3","",""
"3318","Colorless","","Black Widow, Daring Operative","","","","","","","","0","3","",""
"3318","Colorless","","Black Widow, Deadly Hunter","","","","","","","","0","3","",""
"3318","Colorless","","Spider-Man, Web-Spinner","","","","","","","","0","3","",""
"3318","Colorless","","Zarda, the Power Princess","","","","","","","","0","3","",""
"3318","Colorless","","Iron Fist, Hero for Hire","","","","","","","","0","3","",""
"3318","Colorless","","Crimson Cowl, Master of Evil","","","","","","","","0","3","",""
"3330","Colorless","","Alicia Masters, Skilled Sculptor","","","","","","","","0","3","",""
"3331","Colorless","","Killmonger, Ruthless Usurper","","","","","","","","0","3","",""
"3331","Colorless","","Puppet Master, String Puller","","","","","","","","0","3","",""
"3331","Colorless","","Typhoid Mary, Fractured","","","","","","","","0","3","",""
"3334","Colorless","","Black Widow, Intel Expert","","","","","","","","0","3","",""
"3335","Colorless","","Borg Queen, Perfection Manifest","","","","","","","","0","3","",""
"3336","Colorless","","Joven and Chandler","","","","","","","","0","3","",""
"3337","Colorless","","Azog, Moria's Ruin","","","","","","","","0","3","",""
"3338","Colorless","","Galion, Elvenking's Butler","","","","","","","","0","3","",""
"3339","Colorless","","Dáin Ironfoot","","","","","","","","0","3","",""
"3340","Colorless","","Gandalf, Wandering Wizard","","","","","","","","0","3","",""
"3340","Colorless","","Bilbo, Unexpected Adventurer","","","","","","","","0","3","",""
"3342","Colorless","","Ragnar","","","","","","","","0","2","",""
"3342","Colorless","","Jerrard of the Closed Fist","","","","","","","","0","2","",""
"3342","Colorless","","Torsten Von Ursus","","","","","","","","0","2","",""
"3342","Colorless","","Sir Shandlar of Eberyn","","","","","","","","0","2","",""
"3342","Colorless","","Tetsuo Umezawa","","","","","","","","0","2","",""
"3342","Colorless","","Boris Devilboon","","","","","","","","0","2","",""
"3348","Colorless","","General Jarkeld","","","","","","","","0","2","",""
"3349","Colorless","","Autumn Willow","","","","","","","","0","2","",""
"3350","Colorless","","Gallowbraid","","","","","","","","0","2","",""
"3351","Colorless","","Orim, Samite Healer","","","","","","","","0","2","",""
"3352","Colorless","","Ertai, Wizard Adept","","","","","","","","0","2","",""
"3353","Colorless","","Yuan Shao, the Indecisive","","","","","","","","0","2","",""
"3353","Colorless","","Huang Zhong, Shu General","","","","","","","","0","2","",""
"3353","Colorless","","Sima Yi, Wei Field Marshal","","","","","","","","0","2","",""
"3353","Colorless","","Zhou Yu, Chief Commander","","","","","","","","0","2","",""
"3357","Colorless","","Squee, Goblin Nabob","","","","","","","","0","2","",""
"3358","Colorless","","Verdeloth the Ancient","","","","","","","","0","2","",""
"3358","Colorless","","Reya Dawnbringer","","","","","","","","0","2","",""
"3360","Colorless","","Tahngarth, Talruum Hero","","","","","","","","0","2","",""
"3361","Colorless","","Gerrard Capashen","","","","","","","","0","2","",""
"3362","Colorless","","Pianna, Nomad Captain","","","","","","","","0","2","",""
"3363","Colorless","","Ambassador Laquatus","","","","","","","","0","2","",""
"3364","Colorless","","Thriss, Nantuko Primus","","","","","","","","0","2","",""
"3365","Colorless","","Visara the Dreadful","","","","","","","","0","2","",""
"3366","Colorless","","Mistform Ultimus","","","","","","","","0","2","",""
"3367","Colorless","","Raksha Golden Cub","","","","","","","","0","2","",""
"3368","Colorless","","Shisato, Whispering Hunter","","","","","","","","0","2","",""
"3368","Colorless","","The Unspeakable","","","","","","","","0","2","",""
"3368","Colorless","","Yosei, the Morning Star","","","","","","","","0","2","",""
"3368","Colorless","","Kuro, Pitlord","","","","","","","","0","2","",""
"3368","Colorless","","Sensei Golden-Tail","","","","","","","","0","2","",""
"3373","Colorless","","Oyobi, Who Split the Heavens","","","","","","","","0","2","",""
"3373","Colorless","","Kodama of the Center Tree","","","","","","","","0","2","",""
"3375","Colorless","","Infernal Kirin","","","","","","","","0","2","",""
"3375","Colorless","","Ayumi, the Last Visitor","","","","","","","","0","2","",""
"3377","Colorless","","Chorus of the Conclave","","","","","","","","0","2","",""
"3377","Colorless","","Agrus Kos, Wojek Veteran","","","","","","","","0","2","",""
"3379","Colorless","","Tarox Bladewing","","","","","","","","0","2","",""
"3380","Colorless","","Linvala, Keeper of Silence","","","","","","","","0","2","",""
"3381","Colorless","","Krond the Dawn-Clad","","","","","","","","0","2","",""
"3382","Colorless","","Hythonia the Cruel","","","","","","","","0","2","",""
"3383","Colorless","","Jazal Goldmane","","","","","","","","0","2","",""
"3384","Colorless","","Zurgo Bellstriker","","","","","","","","0","2","",""
"3385","Colorless","","Pia and Kiran Nalaar","","","","","","","","0","2","",""
"3386","Colorless","","Munda, Ambush Leader","","","","","","","","0","2","",""
"3387","Colorless","","Akroma, Vision of Ixidor // Tymna the Weaver","","","","","","","","0","2","",""
"3387","Colorless","","Kodama of the East Tree // Silas Renn, Seeker Adept","","","","","","","","0","2","",""
"3387","Colorless","","Alena, Kessig Trapper // Thrasios, Triton Hero","","","","","","","","0","2","",""
"3387","Colorless","","Esior, Wardwing Familiar // Kydele, Chosen of Kruphix","","","","","","","","0","2","",""
"3387","Colorless","","Sidar Kondo of Jamuraa // Thrasios, Triton Hero","","","","","","","","0","2","",""
"3387","Colorless","","Jeska, Thrice Reborn // Kydele, Chosen of Kruphix","","","","","","","","0","2","",""
"3387","Colorless","","Bruse Tarl, Boorish Herder","","","","","","","","0","2","",""
"3387","Colorless","","Bruse Tarl, Boorish Herder // Gilanra, Caller of Wirewood","","","","","","","","0","2","",""
"3387","Colorless","","Bruse Tarl, Boorish Herder // Ravos, Soultender","","","","","","","","0","2","",""
"3387","Colorless","","Bruse Tarl, Boorish Herder // Sengir, the Dark Baron","","","","","","","","0","2","",""
"3387","Colorless","","Kamahl, Heart of Krosa // Vial Smasher the Fierce","","","","","","","","0","2","",""
"3387","Colorless","","Kamahl, Heart of Krosa // Thrasios, Triton Hero","","","","","","","","0","2","",""
"3387","Colorless","","Brinelin, the Moon Kraken // Thrasios, Triton Hero","","","","","","","","0","2","",""
"3387","Colorless","","Kamahl, Heart of Krosa // Kraum, Ludevic's Opus","","","","","","","","0","2","",""
"3387","Colorless","","Tana, the Bloodsower // Tormod, the Desecrator","","","","","","","","0","2","",""
"3387","Colorless","","Tana, the Bloodsower // Thrasios, Triton Hero","","","","","","","","0","2","",""
"3387","Colorless","","Breeches, Brazen Plunderer // Ikra Shidiqi, the Usurper","","","","","","","","0","2","",""
"3387","Colorless","","Francisco, Fowl Marauder // Tymna the Weaver","","","","","","","","0","2","",""
"3387","Colorless","","Anara, Wolvid Familiar // Bruse Tarl, Boorish Herder","","","","","","","","0","2","",""
"3387","Colorless","","Anara, Wolvid Familiar // Silas Renn, Seeker Adept","","","","","","","","0","2","",""
"3387","Colorless","","Francisco, Fowl Marauder // Ludevic, Necro-Alchemist","","","","","","","","0","2","",""
"3387","Colorless","","Sengir, the Dark Baron // Sidar Kondo of Jamuraa","","","","","","","","0","2","",""
"3387","Colorless","","Halana, Kessig Ranger // Vial Smasher the Fierce","","","","","","","","0","2","",""
"3387","Colorless","","Halana, Kessig Ranger // Ravos, Soultender","","","","","","","","0","2","",""
"3387","Colorless","","Ikra Shidiqi, the Usurper // Toggo, Goblin Weaponsmith","","","","","","","","0","2","",""
"3387","Colorless","","Ikra Shidiqi, the Usurper // Rebbec, Architect of Ascension","","","","","","","","0","2","",""
"3387","Colorless","","Ikra Shidiqi, the Usurper // Jeska, Thrice Reborn","","","","","","","","0","2","",""
"3387","Colorless","","Ikra Shidiqi, the Usurper // Tana, the Bloodsower","","","","","","","","0","2","",""
"3387","Colorless","","Ikra Shidiqi, the Usurper // Livio, Oathsworn Sentinel","","","","","","","","0","2","",""
"3387","Colorless","","Ikra Shidiqi, the Usurper // Reyhan, Last of the Abzan","","","","","","","","0","2","",""
"3387","Colorless","","Ikra Shidiqi, the Usurper // Vial Smasher the Fierce","","","","","","","","0","2","",""
"3387","Colorless","","Armix, Filigree Thrasher // Kraum, Ludevic's Opus","","","","","","","","0","2","",""
"3387","Colorless","","Armix, Filigree Thrasher // Ishai, Ojutai Dragonspeaker","","","","","","","","0","2","",""
"3387","Colorless","","Ich-Tekik, Salvage Splicer // Silas Renn, Seeker Adept","","","","","","","","0","2","",""
"3387","Colorless","","Krark, the Thumbless // Tana, the Bloodsower","","","","","","","","0","2","",""
"3387","Colorless","","Krark, the Thumbless // Reyhan, Last of the Abzan","","","","","","","","0","2","",""
"3387","Colorless","","Ludevic, Necro-Alchemist // Thrasios, Triton Hero","","","","","","","","0","2","",""
"3387","Colorless","","Sakashima of a Thousand Faces // Sidar Kondo of Jamuraa","","","","","","","","0","2","",""
"3387","Colorless","","Ludevic, Necro-Alchemist // Tevesh Szat, Doom of Fools","","","","","","","","0","2","",""
"3387","Colorless","","Ludevic, Necro-Alchemist // Yoshimaru, Ever Faithful","","","","","","","","0","2","",""
"3387","Colorless","","Ludevic, Necro-Alchemist // Sengir, the Dark Baron","","","","","","","","0","2","",""
"3387","Colorless","","Akiri, Line-Slinger // Sidar Kondo of Jamuraa","","","","","","","","0","2","",""
"3387","Colorless","","Akiri, Line-Slinger // Ishai, Ojutai Dragonspeaker","","","","","","","","0","2","",""
"3387","Colorless","","Akiri, Line-Slinger // Eligeth, Crossroads Augur","","","","","","","","0","2","",""
"3387","Colorless","","Akiri, Line-Slinger // Anara, Wolvid Familiar","","","","","","","","0","2","",""
"3387","Colorless","","Akiri, Line-Slinger // Glacian, Powerstone Engineer","","","","","","","","0","2","",""
"3387","Colorless","","Reyhan, Last of the Abzan // Thrasios, Triton Hero","","","","","","","","0","2","",""
"3387","Colorless","","Reyhan, Last of the Abzan // Tevesh Szat, Doom of Fools","","","","","","","","0","2","",""
"3387","Colorless","","Ravos, Soultender // Sengir, the Dark Baron","","","","","","","","0","2","",""
"3387","Colorless","","Ravos, Soultender // Vial Smasher the Fierce","","","","","","","","0","2","",""
"3387","Colorless","","Silas Renn, Seeker Adept // Tymna the Weaver","","","","","","","","0","2","",""
"3387","Colorless","","Silas Renn, Seeker Adept // Tormod, the Desecrator","","","","","","","","0","2","",""
"3387","Colorless","","Silas Renn, Seeker Adept // Thrasios, Triton Hero","","","","","","","","0","2","",""
"3387","Colorless","","Silas Renn, Seeker Adept","","","","","","","","0","2","",""
"3387","Colorless","","Nadier, Agent of the Duskenel // Tymna the Weaver","","","","","","","","0","2","",""
"3387","Colorless","","Falthis, Shadowcat Familiar // Tymna the Weaver","","","","","","","","0","2","",""
"3387","Colorless","","Miara, Thorn of the Glade // Thrasios, Triton Hero","","","","","","","","0","2","",""
"3387","Colorless","","Eligeth, Crossroads Augur // Ravos, Soultender","","","","","","","","0","2","",""
"3387","Colorless","","Kydele, Chosen of Kruphix // Toggo, Goblin Weaponsmith","","","","","","","","0","2","",""
"3387","Colorless","","Kraum, Ludevic's Opus // Sakashima of a Thousand Faces","","","","","","","","0","2","",""
"3387","Colorless","","Kraum, Ludevic's Opus // Sidar Kondo of Jamuraa","","","","","","","","0","2","",""
"3387","Colorless","","Ghost of Ramirez DePietro // Sidar Kondo of Jamuraa","","","","","","","","0","2","",""
"3387","Colorless","","Ishai, Ojutai Dragonspeaker","","","","","","","","0","2","",""
"3387","Colorless","","Ishai, Ojutai Dragonspeaker // Krark, the Thumbless","","","","","","","","0","2","",""
"3387","Colorless","","Ishai, Ojutai Dragonspeaker // Ludevic, Necro-Alchemist","","","","","","","","0","2","",""
"3387","Colorless","","Ishai, Ojutai Dragonspeaker // Kydele, Chosen of Kruphix","","","","","","","","0","2","",""
"3387","Colorless","","Ishai, Ojutai Dragonspeaker // Malcolm, Keen-Eyed Navigator","","","","","","","","0","2","",""
"3387","Colorless","","Ishai, Ojutai Dragonspeaker // Siani, Eye of the Storm","","","","","","","","0","2","",""
"3387","Colorless","","Prava of the Steel Legion // Ravos, Soultender","","","","","","","","0","2","",""
"3456","Colorless","","Mavren Fein, Dusk Apostle","","","","","","","","0","2","",""
"3457","Colorless","","Sylvia Brightspear","","","","","","","","0","2","",""
"3458","Colorless","","Isareth the Awakener","","","","","","","","0","2","",""
"3459","Colorless","","God-Eternal Rhonas","","","","","","","","0","2","",""
"3460","Colorless","","Aphemia, the Cacophony","","","","","","","","0","2","",""
"3461","Colorless","","Jeska, Thrice Reborn // Krark, the Thumbless","","","","","","","","0","2","",""
"3461","Colorless","","Miara, Thorn of the Glade // Tevesh Szat, Doom of Fools","","","","","","","","0","2","",""
"3461","Colorless","","Keskit, the Flesh Sculptor // Tormod, the Desecrator","","","","","","","","0","2","",""
"3461","Colorless","","Miara, Thorn of the Glade // Numa, Joraga Chieftain","","","","","","","","0","2","",""
"3461","Colorless","","Dargo, the Shipwrecker // Glacian, Powerstone Engineer","","","","","","","","0","2","",""
"3461","Colorless","","Rebbec, Architect of Ascension // Yoshimaru, Ever Faithful","","","","","","","","0","2","",""
"3461","Colorless","","Gilanra, Caller of Wirewood // Numa, Joraga Chieftain","","","","","","","","0","2","",""
"3461","Colorless","","Rebbec, Architect of Ascension","","","","","","","","0","2","",""
"3461","Colorless","","Radiant, Serra Archangel","","","","","","","","0","2","",""
"3461","Colorless","","Ardenn, Intrepid Archaeologist // Sakashima of a Thousand Faces","","","","","","","","0","2","",""
"3461","Colorless","","Brinelin, the Moon Kraken // Kodama of the East Tree","","","","","","","","0","2","",""
"3461","Colorless","","Dargo, the Shipwrecker // Tormod, the Desecrator","","","","","","","","0","2","",""
"3461","Colorless","","Malcolm, Keen-Eyed Navigator // Tevesh Szat, Doom of Fools","","","","","","","","0","2","",""
"3461","Colorless","","Esior, Wardwing Familiar // Radiant, Serra Archangel","","","","","","","","0","2","",""
"3461","Colorless","","Jeska, Thrice Reborn // Sakashima of a Thousand Faces","","","","","","","","0","2","",""
"3461","Colorless","","Ghost of Ramirez DePietro","","","","","","","","0","2","",""
"3461","Colorless","","Dargo, the Shipwrecker // Ich-Tekik, Salvage Splicer","","","","","","","","0","2","",""
"3461","Colorless","","Rograkh, Son of Rohgahh // Tormod, the Desecrator","","","","","","","","0","2","",""
"3461","Colorless","","Sengir, the Dark Baron // Yoshimaru, Ever Faithful","","","","","","","","0","2","",""
"3461","Colorless","","Armix, Filigree Thrasher // Keskit, the Flesh Sculptor","","","","","","","","0","2","",""
"3461","Colorless","","Kediss, Emberclaw Familiar // Tevesh Szat, Doom of Fools","","","","","","","","0","2","",""
"3461","Colorless","","Glacian, Powerstone Engineer // Keskit, the Flesh Sculptor","","","","","","","","0","2","",""
"3461","Colorless","","Alharu, Solemn Ritualist // Slurrk, All-Ingesting","","","","","","","","0","2","",""
"3461","Colorless","","Alharu, Solemn Ritualist // Anara, Wolvid Familiar","","","","","","","","0","2","",""
"3461","Colorless","","Kamahl, Heart of Krosa // Rograkh, Son of Rohgahh","","","","","","","","0","2","",""
"3461","Colorless","","Alharu, Solemn Ritualist // Kodama of the East Tree","","","","","","","","0","2","",""
"3461","Colorless","","Alena, Kessig Trapper // Toggo, Goblin Weaponsmith","","","","","","","","0","2","",""
"3461","Colorless","","Anara, Wolvid Familiar // Kediss, Emberclaw Familiar","","","","","","","","0","2","",""
"3461","Colorless","","Armix, Filigree Thrasher // Toggo, Goblin Weaponsmith","","","","","","","","0","2","",""
"3461","Colorless","","Esior, Wardwing Familiar // Jeska, Thrice Reborn","","","","","","","","0","2","",""
"3461","Colorless","","Halana, Kessig Ranger // Yoshimaru, Ever Faithful","","","","","","","","0","2","",""
"3461","Colorless","","Esior, Wardwing Familiar // Kediss, Emberclaw Familiar","","","","","","","","0","2","",""
"3461","Colorless","","Ardenn, Intrepid Archaeologist // Dargo, the Shipwrecker","","","","","","","","0","2","",""
"3461","Colorless","","Keskit, the Flesh Sculptor // Tevesh Szat, Doom of Fools","","","","","","","","0","2","",""
"3461","Colorless","","Kamahl, Heart of Krosa // Sakashima of a Thousand Faces","","","","","","","","0","2","",""
"3461","Colorless","","Nadier, Agent of the Duskenel // Sakashima of a Thousand Faces","","","","","","","","0","2","",""
"3461","Colorless","","Nadier, Agent of the Duskenel // Prava of the Steel Legion","","","","","","","","0","2","",""
"3461","Colorless","","The Prismatic Piper","","","","","","","","0","2","",""
"3461","Colorless","","Akroma, Vision of Ixidor // Kodama of the East Tree","","","","","","","","0","2","",""
"3461","Colorless","","Kediss, Emberclaw Familiar // Sengir, the Dark Baron","","","","","","","","0","2","",""
"3461","Colorless","","Falthis, Shadowcat Familiar // Keleth, Sunmane Familiar","","","","","","","","0","2","",""
"3461","Colorless","","Halana, Kessig Ranger // Kodama of the East Tree","","","","","","","","0","2","",""
"3461","Colorless","","Dargo, the Shipwrecker // Gilanra, Caller of Wirewood","","","","","","","","0","2","",""
"3461","Colorless","","Krark, the Thumbless // Toggo, Goblin Weaponsmith","","","","","","","","0","2","",""
"3461","Colorless","","Eligeth, Crossroads Augur // The Prismatic Piper","","","","","","","","0","2","",""
"3461","Colorless","","Francisco, Fowl Marauder // Keleth, Sunmane Familiar","","","","","","","","0","2","",""
"3461","Colorless","","Slurrk, All-Ingesting // Tevesh Szat, Doom of Fools","","","","","","","","0","2","",""
"3461","Colorless","","Jeska, Thrice Reborn // Kodama of the East Tree","","","","","","","","0","2","",""
"3461","Colorless","","Eligeth, Crossroads Augur // Kodama of the East Tree","","","","","","","","0","2","",""
"3461","Colorless","","Halana, Kessig Ranger // Tevesh Szat, Doom of Fools","","","","","","","","0","2","",""
"3461","Colorless","","Falthis, Shadowcat Familiar // Rograkh, Son of Rohgahh","","","","","","","","0","2","",""
"3512","Colorless","","Sigrid, God-Favored","","","","","","","","0","2","",""
"3513","Colorless","","Shaile, Dean of Radiance","","","","","","","","0","2","",""
"3514","Colorless","","Cecily, Haunted Mage // Hargilde, Kindly Runechanter","","","","","","","","0","2","",""
"3514","Colorless","","Bjorna, Nightfall Alchemist","","","","","","","","0","2","",""
"3514","Colorless","","Sophina, Spearsage Deserter","","","","","","","","0","2","",""
"3517","Colorless","","Go-Shintai of Ancient Wars","","","","","","","","0","2","",""
"3517","Colorless","","Naomi, Pillar of Order","","","","","","","","0","2","",""
"3517","Colorless","","Myojin of Blooming Dawn","","","","","","","","0","2","",""
"3517","Colorless","","Francisco, Fowl Marauder // Yoshimaru, Ever Faithful","","","","","","","","0","2","",""
"3521","Colorless","","Zellix, Sanity Flayer // Street Urchin","","","","","","","","0","2","",""
"3521","Colorless","","Wyll, Blade of Frontiers // Raised by Giants","","","","","","","","0","2","",""
"3521","Colorless","","Volo, Itinerant Scholar // Raised by Giants","","","","","","","","0","2","",""
"3521","Colorless","","Durnan of the Yawning Portal // Master Chef","","","","","","","","0","2","",""
"3521","Colorless","","Wyll, Blade of Frontiers // Tavern Brawler","","","","","","","","0","2","",""
"3521","Colorless","","Karlach, Fury of Avernus // Far Traveler","","","","","","","","0","2","",""
"3521","Colorless","","Volo, Itinerant Scholar","","","","","","","","0","2","",""
"3521","Colorless","","Rasaad yn Bashir // Popular Entertainer","","","","","","","","0","2","",""
"3521","Colorless","","Wyll, Blade of Frontiers // Cultist of the Absolute","","","","","","","","0","2","",""
"3521","Colorless","","Abdel Adrian, Gorion's Ward // Popular Entertainer","","","","","","","","0","2","",""
"3521","Colorless","","Wyll, Blade of Frontiers // Flaming Fist","","","","","","","","0","2","",""
"3521","Colorless","","Vhal, Candlekeep Researcher // Agent of the Shadow Thieves","","","","","","","","0","2","",""
"3521","Colorless","","Ellyn Harbreeze, Busybody // Far Traveler","","","","","","","","0","2","",""
"3521","Colorless","","Lulu, Loyal Hollyphant // Cloakwood Hermit","","","","","","","","0","2","",""
"3521","Colorless","","Lulu, Loyal Hollyphant // Street Urchin","","","","","","","","0","2","",""
"3521","Colorless","","Volo, Itinerant Scholar // Far Traveler","","","","","","","","0","2","",""
"3521","Colorless","","Gale, Waterdeep Prodigy // Popular Entertainer","","","","","","","","0","2","",""
"3521","Colorless","","Gale, Waterdeep Prodigy // Tavern Brawler","","","","","","","","0","2","",""
"3521","Colorless","","Gale, Waterdeep Prodigy // Shameless Charlatan","","","","","","","","0","2","",""
"3521","Colorless","","Gale, Waterdeep Prodigy // Cloakwood Hermit","","","","","","","","0","2","",""
"3521","Colorless","","Karlach, Fury of Avernus // Acolyte of Bahamut","","","","","","","","0","2","",""
"3521","Colorless","","Zellix, Sanity Flayer // Criminal Past","","","","","","","","0","2","",""
"3521","Colorless","","Jaheira, Friend of the Forest // Cloakwood Hermit","","","","","","","","0","2","",""
"3521","Colorless","","Lulu, Loyal Hollyphant // Folk Hero","","","","","","","","0","2","",""
"3521","Colorless","","Imoen, Mystic Trickster // Dungeon Delver","","","","","","","","0","2","",""
"3521","Colorless","","Alora, Merry Thief // Agent of the Shadow Thieves","","","","","","","","0","2","",""
"3521","Colorless","","Alora, Merry Thief // Far Traveler","","","","","","","","0","2","",""
"3521","Colorless","","Ganax, Astral Hunter // Scion of Halaster","","","","","","","","0","2","",""
"3521","Colorless","","Lulu, Loyal Hollyphant // Haunted One","","","","","","","","0","2","",""
"3521","Colorless","","Jaheira, Friend of the Forest // Folk Hero","","","","","","","","0","2","",""
"3521","Colorless","","Ganax, Astral Hunter // Tavern Brawler","","","","","","","","0","2","",""
"3521","Colorless","","Lulu, Loyal Hollyphant // Noble Heritage","","","","","","","","0","2","",""
"3521","Colorless","","Lulu, Loyal Hollyphant // Raised by Giants","","","","","","","","0","2","",""
"3521","Colorless","","Jaheira, Friend of the Forest // Shameless Charlatan","","","","","","","","0","2","",""
"3521","Colorless","","Volo, Itinerant Scholar // Inspiring Leader","","","","","","","","0","2","",""
"3521","Colorless","","Zellix, Sanity Flayer // Noble Heritage","","","","","","","","0","2","",""
"3521","Colorless","","Jaheira, Friend of the Forest // Master Chef","","","","","","","","0","2","",""
"3521","Colorless","","Faceless One","","","","","","","","0","2","",""
"3521","Colorless","","Livaan, Cultist of Tiamat // Hardy Outlander","","","","","","","","0","2","",""
"3521","Colorless","","Abdel Adrian, Gorion's Ward // Inspiring Leader","","","","","","","","0","2","",""
"3521","Colorless","","Viconia, Drow Apostate // Cloakwood Hermit","","","","","","","","0","2","",""
"3521","Colorless","","Skanos Dragonheart // Hardy Outlander","","","","","","","","0","2","",""
"3521","Colorless","","Amber Gristle O'Maul // Haunted One","","","","","","","","0","2","",""
"3521","Colorless","","Sarevok, Deathbringer // Street Urchin","","","","","","","","0","2","",""
"3521","Colorless","","Sarevok, Deathbringer // Far Traveler","","","","","","","","0","2","",""
"3521","Colorless","","Skanos Dragonheart // Criminal Past","","","","","","","","0","2","",""
"3521","Colorless","","Wilson, Refined Grizzly // Agent of the Iron Throne","","","","","","","","0","2","",""
"3521","Colorless","","Livaan, Cultist of Tiamat // Scion of Halaster","","","","","","","","0","2","",""
"3521","Colorless","","Wilson, Refined Grizzly // Passionate Archaeologist","","","","","","","","0","2","",""
"3521","Colorless","","Shadowheart, Dark Justiciar // Street Urchin","","","","","","","","0","2","",""
"3521","Colorless","","Burakos, Party Leader // Street Urchin","","","","","","","","0","2","",""
"3521","Colorless","","Wilson, Refined Grizzly // Veteran Soldier","","","","","","","","0","2","",""
"3521","Colorless","","Wilson, Refined Grizzly // Clan Crafter","","","","","","","","0","2","",""
"3521","Colorless","","Wilson, Refined Grizzly // Guild Artisan","","","","","","","","0","2","",""
"3521","Colorless","","Wilson, Refined Grizzly // Far Traveler","","","","","","","","0","2","",""
"3521","Colorless","","Karlach, Fury of Avernus","","","","","","","","0","2","",""
"3521","Colorless","","Shadowheart, Dark Justiciar // Tavern Brawler","","","","","","","","0","2","",""
"3521","Colorless","","Jaheira, Friend of the Forest // Noble Heritage","","","","","","","","0","2","",""
"3521","Colorless","","Burakos, Party Leader // Noble Heritage","","","","","","","","0","2","",""
"3521","Colorless","","Lae'zel, Vlaakith's Champion // Tavern Brawler","","","","","","","","0","2","",""
"3521","Colorless","","Rasaad yn Bashir // Raised by Giants","","","","","","","","0","2","",""
"3521","Colorless","","Shadowheart, Dark Justiciar // Scion of Halaster","","","","","","","","0","2","",""
"3521","Colorless","","Gut, True Soul Zealot // Guild Artisan","","","","","","","","0","2","",""
"3521","Colorless","","Lae'zel, Vlaakith's Champion // Sword Coast Sailor","","","","","","","","0","2","",""
"3521","Colorless","","Lae'zel, Vlaakith's Champion // Popular Entertainer","","","","","","","","0","2","",""
"3521","Colorless","","Gut, True Soul Zealot // Folk Hero","","","","","","","","0","2","",""
"3521","Colorless","","Gut, True Soul Zealot // Dragon Cultist","","","","","","","","0","2","",""
"3521","Colorless","","Erinis, Gloom Stalker // Agent of the Shadow Thieves","","","","","","","","0","2","",""
"3521","Colorless","","Jaheira, Friend of the Forest // Scion of Halaster","","","","","","","","0","2","",""
"3521","Colorless","","Erinis, Gloom Stalker // Flaming Fist","","","","","","","","0","2","",""
"3521","Colorless","","Sarevok, Deathbringer","","","","","","","","0","2","",""
"3521","Colorless","","Ellyn Harbreeze, Busybody // Folk Hero","","","","","","","","0","2","",""
"3593","Colorless","","Danitha, Benalia's Hope","","","","","","","","0","2","",""
"3593","Colorless","","Aron, Benalia's Ruin","","","","","","","","0","2","",""
"3593","Colorless","","Nael, Avizoa Aeronaut","","","","","","","","0","2","",""
"3596","Colorless","","Ignacio of Myra's Marvels","","","","","","","","0","2","",""
"3596","Colorless","","It Came from Planet Glurg","","","","","","","","0","2","",""
"3596","Colorless","","""Brims"" Barone, Midway Mobster","","","","","","","","0","2","",""
"3596","Colorless","","D00-DL, Caricaturist","","","","","","","","0","2","",""
"3600","Colorless","","Prowl, Stoic Strategist","","","","","","","","0","2","",""
"3600","Colorless","","Mishra, Excavation Prodigy","","","","","","","","0","2","",""
"3602","Colorless","","Ardoz, Cobbler of War","","","","","","","","0","2","",""
"3602","Colorless","","Mizzix, Replica Rider","","","","","","","","0","2","",""
"3604","Colorless","","Geth, Thane of Contracts","","","","","","","","0","2","",""
"3605","Colorless","","Kogla and Yidaro","","","","","","","","0","2","",""
"3606","Colorless","","Butterbur, Bree Innkeeper","","","","","","","","0","2","",""
"3606","Colorless","","Beregond of the Guard","","","","","","","","0","2","",""
"3606","Colorless","","Gorbag of Minas Morgul","","","","","","","","0","2","",""
"3606","Colorless","","Monstrosity of the Lake","","","","","","","","0","2","",""
"3606","Colorless","","Pippin, Guard of the Citadel","","","","","","","","0","2","",""
"3606","Colorless","","Witch-king, Bringer of Ruin","","","","","","","","0","2","",""
"3606","Colorless","","Éomer, Marshal of Rohan","","","","","","","","0","2","",""
"3606","Colorless","","Frodo, Determined Hero","","","","","","","","0","2","",""
"3606","Colorless","","Strider, Ranger of the North","","","","","","","","0","2","",""
"3606","Colorless","","Gwaihir, Greatest of the Eagles","","","","","","","","0","2","",""
"3606","Colorless","","Frodo, Adventurous Hobbit","","","","","","","","0","2","",""
"3606","Colorless","","Elanor Gardner","","","","","","","","0","2","",""
"3618","Colorless","","The Twelfth Doctor // Sarah Jane Smith","","","","","","","","0","2","",""
"3618","Colorless","","The Seventh Doctor // Ace, Fearless Rebel","","","","","","","","0","2","",""
"3618","Colorless","","The Fourteenth Doctor // Adric, Mathematical Genius","","","","","","","","0","2","",""
"3618","Colorless","","The Third Doctor // Susan Foreman","","","","","","","","0","2","",""
"3618","Colorless","","The Second Doctor // Sarah Jane Smith","","","","","","","","0","2","",""
"3618","Colorless","","The War Doctor","","","","","","","","0","2","",""
"3618","Colorless","","The Tenth Doctor","","","","","","","","0","2","",""
"3618","Colorless","","The Fourteenth Doctor // Rose Tyler","","","","","","","","0","2","",""
"3618","Colorless","","The Third Doctor // Martha Jones","","","","","","","","0","2","",""
"3618","Colorless","","The First Doctor // Clara Oswald","","","","","","","","0","2","",""
"3618","Colorless","","The First Doctor // Nardole, Resourceful Cyborg","","","","","","","","0","2","",""
"3618","Colorless","","The First Doctor // Dan Lewis","","","","","","","","0","2","",""
"3618","Colorless","","The War Doctor // Martha Jones","","","","","","","","0","2","",""
"3618","Colorless","","The First Doctor // Sarah Jane Smith","","","","","","","","0","2","",""
"3618","Colorless","","Dan Lewis","","","","","","","","0","2","",""
"3618","Colorless","","The Third Doctor // Romana II","","","","","","","","0","2","",""
"3618","Colorless","","The Fifth Doctor // Nardole, Resourceful Cyborg","","","","","","","","0","2","",""
"3618","Colorless","","The Thirteenth Doctor // Rose Tyler","","","","","","","","0","2","",""
"3618","Colorless","","The Twelfth Doctor // Peri Brown","","","","","","","","0","2","",""
"3618","Colorless","","The Ninth Doctor // Leela, Sevateem Warrior","","","","","","","","0","2","",""
"3618","Colorless","","The Fourth Doctor // Jo Grant","","","","","","","","0","2","",""
"3618","Colorless","","The Fourteenth Doctor // Nardole, Resourceful Cyborg","","","","","","","","0","2","",""
"3618","Colorless","","Jenny, Generated Anomaly","","","","","","","","0","2","",""
"3618","Colorless","","The Fourteenth Doctor // Donna Noble","","","","","","","","0","2","",""
"3618","Colorless","","Amy Pond // Rory Williams","","","","","","","","0","2","",""
"3618","Colorless","","The Fifth Doctor // Clara Oswald","","","","","","","","0","2","",""
"3618","Colorless","","The Twelfth Doctor // Yasmin Khan","","","","","","","","0","2","",""
"3618","Colorless","","The Twelfth Doctor // Ryan Sinclair","","","","","","","","0","2","",""
"3646","Colorless","","Uchbenbak, the Great Mistake","","","","","","","","0","2","",""
"3647","Colorless","","Tolsimir, Midnight's Light","","","","","","","","0","2","",""
"3648","Colorless","","Mastermind Plum","","","","","","","","0","2","",""
"3648","Colorless","","Headliner Scarlett","","","","","","","","0","2","",""
"3650","Colorless","","Curie, Emergent Intelligence","","","","","","","","0","2","",""
"3651","Colorless","","Aya of Alexandria","","","","","","","","0","2","",""
"3652","Colorless","","Sutina, Speaker of the Tajuru","","","","","","","","0","2","",""
"3652","Colorless","","Psemilla, Meletian Poet","","","","","","","","0","2","",""
"3652","Colorless","","Anep, Vizier of Hazoret","","","","","","","","0","2","",""
"3655","Colorless","","Terrian, World Tyrant","","","","","","","","0","2","",""
"3656","Colorless","","Caelorna, Coral Tyrant","","","","","","","","0","2","",""
"3657","Colorless","","Cid, Freeflier Pilot","","","","","","","","0","2","",""
"3658","Colorless","","Elena, Turk Recruit","","","","","","","","0","2","",""
"3658","Colorless","","Interceptor, Shadow's Hound","","","","","","","","0","2","",""
"3660","Colorless","","Rosa, Resolute White Mage","","","","","","","","0","2","",""
"3661","Colorless","","Seymour Flux","","","","","","","","0","2","",""
"3662","Colorless","","Rufus Shinra","","","","","","","","0","2","",""
"3663","Colorless","","Sami, Ship's Engineer","","","","","","","","0","2","",""
"3664","Colorless","","Alpharael, Dreaming Acolyte","","","","","","","","0","2","",""
"3665","Colorless","","Shocker, Unshakable","","","","","","","","0","2","",""
"3666","Colorless","","Spectacular Spider-Man","","","","","","","","0","2","",""
"3667","Colorless","","Zuko, Exiled Prince","","","","","","","","0","2","",""
"3667","Colorless","","Sokka, Lateral Strategist","","","","","","","","0","2","",""
"3667","Colorless","","Flopsie, Bumi's Buddy","","","","","","","","0","2","",""
"3670","Colorless","","Spinneret and Spiderling","","","","","","","","0","2","",""
"3671","Colorless","","Morlun, Devourer of Spiders","","","","","","","","0","2","",""
"3672","Colorless","","Hobgoblin, Mantled Marauder","","","","","","","","0","2","",""
"3673","Colorless","","Kratos, Stoic Father","","","","","","","","0","2","",""
"3674","Colorless","","The Destined Thief","","","","","","","","0","2","",""
"3675","Colorless","","Michelangelo, the Heart","","","","","","","","0","2","",""
"3675","Colorless","","Michelangelo, the Heart // Splinter, the Mentor","","","","","","","","0","2","",""
"3675","Colorless","","April O'Neil, Live on the Scene // Donatello, the Brains","","","","","","","","0","2","",""
"3678","Colorless","","The Fire Nation Drill","","","","","","","","0","2","",""
"3679","Colorless","","Appa, Loyal Sky Bison","","","","","","","","0","2","",""
"3680","Colorless","","Jet, Freedom Fighter","","","","","","","","0","2","",""
"3681","Colorless","","Suki, Kyoshi Captain","","","","","","","","0","2","",""
"3682","Colorless","","Aang, A Lot to Learn","","","","","","","","0","2","",""
"3683","Colorless","","Lo and Li, Twin Tutors","","","","","","","","0","2","",""
"3684","Colorless","","Tempestra, Dame of Games","","","","","","","","0","2","",""
"3685","Colorless","","Metalhead","","","","","","","","0","2","",""
"3685","Colorless","","Oroku Saki, Shredder Rising","","","","","","","","0","2","",""
"3687","Colorless","","Ennis, Debate Moderator","","","","","","","","0","2","",""
"3688","Colorless","","Echo, Perceptive Prodigy","","","","","","","","0","2","",""
"3688","Colorless","","Human Torch, Johnny Storm","","","","","","","","0","2","",""
"3690","Colorless","","U.S.Agent, John Walker","","","","","","","","0","2","",""
"3690","Colorless","","Titania, Rugged Rumbler","","","","","","","","0","2","",""
"3690","Colorless","","Agent 13, Sharon Carter","","","","","","","","0","2","",""
"3690","Colorless","","Baron Strucker, HYDRA Overlord","","","","","","","","0","2","",""
"3694","Colorless","","Mockingbird, Ace Agent","","","","","","","","0","2","",""
"3694","Colorless","","Beast, Erudite Aerialist","","","","","","","","0","2","",""
"3696","Colorless","","Loki Laufeyson","","","","","","","","0","2","",""
"3696","Colorless","","Wiccan, Young Avenger","","","","","","","","0","2","",""
"3696","Colorless","","Spider-Man, To the Rescue","","","","","","","","0","2","",""
"3696","Colorless","","Moon-Boy, Dino Rider","","","","","","","","0","2","",""
"3696","Colorless","","Black Tom Cassidy","","","","","","","","0","2","",""
"3696","Colorless","","She-Hulk, Attorney-at-Law","","","","","","","","0","2","",""
"3696","Colorless","","Kingpin, Wilson Fisk","","","","","","","","0","2","",""
"3696","Colorless","","Vision, Spectral Synthezoid","","","","","","","","0","2","",""
"3696","Colorless","","Captain America, Liberator","","","","","","","","0","2","",""
"3696","Colorless","","X-23, Deadly Weapon","","","","","","","","0","2","",""
"3696","Colorless","","Big Bertha","","","","","","","","0","2","",""
"3696","Colorless","","Thor, Asgard's Avenger","","","","","","","","0","2","",""
"3696","Colorless","","Iron Man, Modern Marvel","","","","","","","","0","2","",""
"3696","Colorless","","Amazing Spider-Girl","","","","","","","","0","2","",""
"3696","Colorless","","Shuri, Vibranium Technologist","","","","","","","","0","2","",""
"3696","Colorless","","Citizen V, Helmut Zemo","","","","","","","","0","2","",""
"3712","Colorless","","Damocles Base, Sword of Kang","","","","","","","","0","2","",""
"3712","Colorless","","Titania, Proud Pummeler","","","","","","","","0","2","",""
"3712","Colorless","","Iron Monger, Sadistic Tycoon","","","","","","","","0","2","",""
"3712","Colorless","","Batroc the Leaper","","","","","","","","0","2","",""
"3716","Colorless","","Ultron, Machine Overlord","","","","","","","","0","2","",""
"3716","Colorless","","Abomination, Irradiated Brute","","","","","","","","0","2","",""
"3718","Colorless","","Ori, Plate Stacker","","","","","","","","0","2","",""
"3719","Colorless","","Gandalf, Spark Starter","","","","","","","","0","2","",""
"3720","Colorless","","Bilbo Baggins, Burglar","","","","","","","","0","2","",""
"3721","Colorless","","Bofur, Reliable Guardian","","","","","","","","0","2","",""
"3722","Colorless","","Autumn Willow, Harmony","","","","","","","","0","2","",""
"3723","Colorless","","Gallia, Tragic Host","","","","","","","","0","2","",""
"3724","Colorless","","Rohgahh of Kher Keep","","","","","","","","0","1","",""
"3724","Colorless","","Riven Turnbull","","","","","","","","0","1","",""
"3724","Colorless","","Tobias Andrion","","","","","","","","0","1","",""
"3724","Colorless","","Marhault Elsdragon","","","","","","","","0","1","",""
"3724","Colorless","","Sivitri Scarzam","","","","","","","","0","1","",""
"3724","Colorless","","Jedit Ojanen","","","","","","","","0","1","",""
"3724","Colorless","","Ur-Drago","","","","","","","","0","1","",""
"3724","Colorless","","Tor Wauki","","","","","","","","0","1","",""
"3724","Colorless","","Lord Magnus","","","","","","","","0","1","",""
"3724","Colorless","","Ramses Overdark","","","","","","","","0","1","",""
"3724","Colorless","","Kei Takahashi","","","","","","","","0","1","",""
"3724","Colorless","","Gosta Dirk","","","","","","","","0","1","",""
"3724","Colorless","","Princess Lucrezia","","","","","","","","0","1","",""
"3724","Colorless","","Sunastian Falconer","","","","","","","","0","1","",""
"3724","Colorless","","Kasimir the Lone Wolf","","","","","","","","0","1","",""
"3739","Colorless","","Veldrane of Sengir","","","","","","","","0","1","",""
"3739","Colorless","","Chandler","","","","","","","","0","1","",""
"3739","Colorless","","Rashka the Slayer","","","","","","","","0","1","",""
"3739","Colorless","","Grandmother Sengir","","","","","","","","0","1","",""
"3739","Colorless","","Baron Sengir","","","","","","","","0","1","",""
"3744","Colorless","","Kaysa","","","","","","","","0","1","",""
"3745","Colorless","","Zuberi, Golden Feather","","","","","","","","0","1","",""
"3745","Colorless","","Rashida Scalebane","","","","","","","","0","1","",""
"3745","Colorless","","Hivis of the Scale","","","","","","","","0","1","",""
"3745","Colorless","","Purraj of Urborg","","","","","","","","0","1","",""
"3745","Colorless","","Sidar Jabari","","","","","","","","0","1","",""
"3750","Colorless","","Commander Greven il-Vec","","","","","","","","0","1","",""
"3750","Colorless","","Starke of Rath","","","","","","","","0","1","",""
"3752","Colorless","","Lady Sun","","","","","","","","0","1","",""
"3752","Colorless","","Kongming, ""Sleeping Dragon""","","","","","","","","0","1","",""
"3752","Colorless","","Zuo Ci, the Mocking Sage","","","","","","","","0","1","",""
"3752","Colorless","","Guan Yu, Sainted Warrior","","","","","","","","0","1","",""
"3752","Colorless","","Lu Bu, Master-at-Arms","","","","","","","","0","1","",""
"3752","Colorless","","Lady Zhurong, Warrior Queen","","","","","","","","0","1","",""
"3758","Colorless","","Alexi, Zephyr Mage","","","","","","","","0","1","",""
"3758","Colorless","","Greel, Mind Raker","","","","","","","","0","1","",""
"3760","Colorless","","Cabal Patriarch","","","","","","","","0","1","",""
"3761","Colorless","","Major Teroh","","","","","","","","0","1","",""
"3761","Colorless","","Balthor the Stout","","","","","","","","0","1","",""
"3763","Colorless","","Kiku, Night's Flower","","","","","","","","0","1","",""
"3763","Colorless","","Konda, Lord of Eiganjo","","","","","","","","0","1","",""
"3763","Colorless","","Sosuke, Son of Seshiro","","","","","","","","0","1","",""
"3763","Colorless","","Myojin of Life's Web","","","","","","","","0","1","",""
"3763","Colorless","","Kodama of the North Tree","","","","","","","","0","1","",""
"3763","Colorless","","Ryusei, the Falling Star","","","","","","","","0","1","",""
"3763","Colorless","","Kodama of the South Tree","","","","","","","","0","1","",""
"3763","Colorless","","Iname, Life Aspect","","","","","","","","0","1","",""
"3763","Colorless","","Jugan, the Rising Star","","","","","","","","0","1","",""
"3763","Colorless","","Myojin of Seeing Winds","","","","","","","","0","1","",""
"3773","Colorless","","Kyoki, Sanity's Eclipse","","","","","","","","0","1","",""
"3773","Colorless","","Patron of the Akki","","","","","","","","0","1","",""
"3773","Colorless","","Yukora, the Prisoner","","","","","","","","0","1","",""
"3773","Colorless","","Patron of the Nezumi","","","","","","","","0","1","",""
"3777","Colorless","","Masumaro, First to Live","","","","","","","","0","1","",""
"3777","Colorless","","Iizuka the Ruthless","","","","","","","","0","1","",""
"3777","Colorless","","Akuta, Born of Ash","","","","","","","","0","1","",""
"3777","Colorless","","Cloudhoof Kirin","","","","","","","","0","1","",""
"3777","Colorless","","Kuon, Ogre Ascendant","","","","","","","","0","1","",""
"3777","Colorless","","Jiwari, the Earth Aflame","","","","","","","","0","1","",""
"3783","Colorless","","Garza Zol, Plague Queen","","","","","","","","0","1","",""
"3784","Colorless","","Mangara of Corondor","","","","","","","","0","1","",""
"3785","Colorless","","Linessa, Zephyr Mage","","","","","","","","0","1","",""
"3786","Colorless","","Lorthos, the Tidemaker","","","","","","","","0","1","",""
"3787","Colorless","","Tuktuk the Explorer","","","","","","","","0","1","",""
"3787","Colorless","","Ulamog, the Infinite Gyre","","","","","","","","0","1","",""
"3789","Colorless","","Nefarox, Overlord of Grixis","","","","","","","","0","1","",""
"3790","Colorless","","Alhammarret, High Arbiter","","","","","","","","0","1","",""
"3791","Colorless","","Pia Nalaar","","","","","","","","0","1","",""
"3792","Colorless","","Ich-Tekik, Salvage Splicer // Ravos, Soultender","","","","","","","","0","1","",""
"3792","Colorless","","Ich-Tekik, Salvage Splicer // Tymna the Weaver","","","","","","","","0","1","",""
"3792","Colorless","","Ikra Shidiqi, the Usurper // Sengir, the Dark Baron","","","","","","","","0","1","",""
"3792","Colorless","","Dargo, the Shipwrecker // Kydele, Chosen of Kruphix","","","","","","","","0","1","",""
"3792","Colorless","","Dargo, the Shipwrecker // Tana, the Bloodsower","","","","","","","","0","1","",""
"3792","Colorless","","Halana, Kessig Ranger // Ikra Shidiqi, the Usurper","","","","","","","","0","1","",""
"3792","Colorless","","Halana, Kessig Ranger // Kraum, Ludevic's Opus","","","","","","","","0","1","",""
"3792","Colorless","","Sengir, the Dark Baron // Tymna the Weaver","","","","","","","","0","1","",""
"3792","Colorless","","Sengir, the Dark Baron // Tana, the Bloodsower","","","","","","","","0","1","",""
"3792","Colorless","","Krark, the Thumbless // Ludevic, Necro-Alchemist","","","","","","","","0","1","",""
"3792","Colorless","","Krark, the Thumbless // Sidar Kondo of Jamuraa","","","","","","","","0","1","",""
"3792","Colorless","","Francisco, Fowl Marauder // Silas Renn, Seeker Adept","","","","","","","","0","1","",""
"3792","Colorless","","Ludevic, Necro-Alchemist // Nadier, Agent of the Duskenel","","","","","","","","0","1","",""
"3792","Colorless","","Francisco, Fowl Marauder // Sidar Kondo of Jamuraa","","","","","","","","0","1","",""
"3792","Colorless","","Francisco, Fowl Marauder // Reyhan, Last of the Abzan","","","","","","","","0","1","",""
"3792","Colorless","","Sakashima of a Thousand Faces // Silas Renn, Seeker Adept","","","","","","","","0","1","",""
"3792","Colorless","","Anara, Wolvid Familiar // Thrasios, Triton Hero","","","","","","","","0","1","",""
"3792","Colorless","","Anara, Wolvid Familiar // Ravos, Soultender","","","","","","","","0","1","",""
"3792","Colorless","","Prava of the Steel Legion // Tana, the Bloodsower","","","","","","","","0","1","",""
"3792","Colorless","","Siani, Eye of the Storm // Tymna the Weaver","","","","","","","","0","1","",""
"3792","Colorless","","Siani, Eye of the Storm // Sidar Kondo of Jamuraa","","","","","","","","0","1","",""
"3792","Colorless","","Malcolm, Keen-Eyed Navigator // Sidar Kondo of Jamuraa","","","","","","","","0","1","",""
"3792","Colorless","","Akiri, Line-Slinger // Kraum, Ludevic's Opus","","","","","","","","0","1","",""
"3792","Colorless","","Akiri, Line-Slinger // Kydele, Chosen of Kruphix","","","","","","","","0","1","",""
"3792","Colorless","","Malcolm, Keen-Eyed Navigator // Thrasios, Triton Hero","","","","","","","","0","1","",""
"3792","Colorless","","Akiri, Line-Slinger // Ravos, Soultender","","","","","","","","0","1","",""
"3792","Colorless","","Akiri, Line-Slinger // Sakashima of a Thousand Faces","","","","","","","","0","1","",""
"3792","Colorless","","Akiri, Line-Slinger // Yoshimaru, Ever Faithful","","","","","","","","0","1","",""
"3792","Colorless","","Akiri, Line-Slinger // Slurrk, All-Ingesting","","","","","","","","0","1","",""
"3792","Colorless","","Malcolm, Keen-Eyed Navigator // Ravos, Soultender","","","","","","","","0","1","",""
"3792","Colorless","","Akiri, Line-Slinger // Dargo, the Shipwrecker","","","","","","","","0","1","",""
"3792","Colorless","","Breeches, Brazen Plunderer // Thrasios, Triton Hero","","","","","","","","0","1","",""
"3792","Colorless","","Breeches, Brazen Plunderer // Silas Renn, Seeker Adept","","","","","","","","0","1","",""
"3792","Colorless","","Akiri, Line-Slinger // Alena, Kessig Trapper","","","","","","","","0","1","",""
"3792","Colorless","","Akiri, Line-Slinger // Kodama of the East Tree","","","","","","","","0","1","",""
"3792","Colorless","","Tana, the Bloodsower // Vial Smasher the Fierce","","","","","","","","0","1","",""
"3792","Colorless","","Akiri, Line-Slinger // Esior, Wardwing Familiar","","","","","","","","0","1","",""
"3792","Colorless","","Tana, the Bloodsower // The Prismatic Piper","","","","","","","","0","1","",""
"3792","Colorless","","Akiri, Line-Slinger // Siani, Eye of the Storm","","","","","","","","0","1","",""
"3792","Colorless","","Numa, Joraga Chieftain // Tana, the Bloodsower","","","","","","","","0","1","",""
"3792","Colorless","","Reyhan, Last of the Abzan // Silas Renn, Seeker Adept","","","","","","","","0","1","",""
"3792","Colorless","","Reyhan, Last of the Abzan // Vial Smasher the Fierce","","","","","","","","0","1","",""
"3792","Colorless","","Reyhan, Last of the Abzan // Sidar Kondo of Jamuraa","","","","","","","","0","1","",""
"3792","Colorless","","Kamahl, Heart of Krosa // Ludevic, Necro-Alchemist","","","","","","","","0","1","",""
"3792","Colorless","","Brinelin, the Moon Kraken // Kydele, Chosen of Kruphix","","","","","","","","0","1","",""
"3792","Colorless","","Kamahl, Heart of Krosa // Silas Renn, Seeker Adept","","","","","","","","0","1","",""
"3792","Colorless","","Ardenn, Intrepid Archaeologist // Bruse Tarl, Boorish Herder","","","","","","","","0","1","",""
"3792","Colorless","","Ardenn, Intrepid Archaeologist // Ikra Shidiqi, the Usurper","","","","","","","","0","1","",""
"3792","Colorless","","Ardenn, Intrepid Archaeologist // Kydele, Chosen of Kruphix","","","","","","","","0","1","",""
"3792","Colorless","","Keskit, the Flesh Sculptor // Tymna the Weaver","","","","","","","","0","1","",""
"3792","Colorless","","Keskit, the Flesh Sculptor // Ravos, Soultender","","","","","","","","0","1","",""
"3792","Colorless","","Keskit, the Flesh Sculptor // Kraum, Ludevic's Opus","","","","","","","","0","1","",""
"3792","Colorless","","Keskit, the Flesh Sculptor // Sidar Kondo of Jamuraa","","","","","","","","0","1","",""
"3792","Colorless","","Keskit, the Flesh Sculptor // Silas Renn, Seeker Adept","","","","","","","","0","1","",""
"3792","Colorless","","Reyhan, Last of the Abzan // Toggo, Goblin Weaponsmith","","","","","","","","0","1","",""
"3792","Colorless","","Reyhan, Last of the Abzan // Sengir, the Dark Baron","","","","","","","","0","1","",""
"3792","Colorless","","Brinelin, the Moon Kraken // Tymna the Weaver","","","","","","","","0","1","",""
"3792","Colorless","","Bruse Tarl, Boorish Herder // Halana, Kessig Ranger","","","","","","","","0","1","",""
"3792","Colorless","","Bruse Tarl, Boorish Herder // Siani, Eye of the Storm","","","","","","","","0","1","",""
"3792","Colorless","","Bruse Tarl, Boorish Herder // Hardy of Myra's Marvels","","","","","","","","0","1","",""
"3792","Colorless","","Ravos, Soultender // Siani, Eye of the Storm","","","","","","","","0","1","",""
"3792","Colorless","","Ravos, Soultender // Toggo, Goblin Weaponsmith","","","","","","","","0","1","",""
"3792","Colorless","","Bruse Tarl, Boorish Herder // Jeska, Thrice Reborn","","","","","","","","0","1","",""
"3792","Colorless","","Bruse Tarl, Boorish Herder // Dargo, the Shipwrecker","","","","","","","","0","1","",""
"3792","Colorless","","Bruse Tarl, Boorish Herder // Kraum, Ludevic's Opus","","","","","","","","0","1","",""
"3792","Colorless","","Ravos, Soultender // Rograkh, Son of Rohgahh","","","","","","","","0","1","",""
"3792","Colorless","","Ravos, Soultender // Sidar Kondo of Jamuraa","","","","","","","","0","1","",""
"3792","Colorless","","Bruse Tarl, Boorish Herder // Prava of the Steel Legion","","","","","","","","0","1","",""
"3792","Colorless","","Prava of the Steel Legion // Vial Smasher the Fierce","","","","","","","","0","1","",""
"3792","Colorless","","Ravos, Soultender","","","","","","","","0","1","",""
"3792","Colorless","","Bruse Tarl, Boorish Herder // Nadier, Agent of the Duskenel","","","","","","","","0","1","",""
"3792","Colorless","","Jeska, Thrice Reborn // Silas Renn, Seeker Adept","","","","","","","","0","1","",""
"3792","Colorless","","Bruse Tarl, Boorish Herder // Francisco, Fowl Marauder","","","","","","","","0","1","",""
"3792","Colorless","","Bruse Tarl, Boorish Herder // Krark, the Thumbless","","","","","","","","0","1","",""
"3792","Colorless","","Nadier, Agent of the Duskenel // Sidar Kondo of Jamuraa","","","","","","","","0","1","",""
"3792","Colorless","","The Prismatic Piper // Vial Smasher the Fierce","","","","","","","","0","1","",""
"3792","Colorless","","Gilanra, Caller of Wirewood // Ludevic, Necro-Alchemist","","","","","","","","0","1","",""
"3792","Colorless","","The Prismatic Piper // Thrasios, Triton Hero","","","","","","","","0","1","",""
"3792","Colorless","","Gilanra, Caller of Wirewood // Thrasios, Triton Hero","","","","","","","","0","1","",""
"3792","Colorless","","Esior, Wardwing Familiar // Tana, the Bloodsower","","","","","","","","0","1","",""
"3792","Colorless","","Esior, Wardwing Familiar // Ikra Shidiqi, the Usurper","","","","","","","","0","1","",""
"3792","Colorless","","Keleth, Sunmane Familiar // Ludevic, Necro-Alchemist","","","","","","","","0","1","",""
"3792","Colorless","","Hardy of Myra's Marvels // Ishai, Ojutai Dragonspeaker","","","","","","","","0","1","",""
"3792","Colorless","","Akroma, Vision of Ixidor // Silas Renn, Seeker Adept","","","","","","","","0","1","",""
"3792","Colorless","","Akroma, Vision of Ixidor // Vial Smasher the Fierce","","","","","","","","0","1","",""
"3792","Colorless","","Akroma, Vision of Ixidor // Ishai, Ojutai Dragonspeaker","","","","","","","","0","1","",""
"3792","Colorless","","Falthis, Shadowcat Familiar // Vial Smasher the Fierce","","","","","","","","0","1","",""
"3792","Colorless","","Miara, Thorn of the Glade // Reyhan, Last of the Abzan","","","","","","","","0","1","",""
"3792","Colorless","","Akroma, Vision of Ixidor // Ravos, Soultender","","","","","","","","0","1","",""
"3792","Colorless","","Ignacio of Myra's Marvels // Kydele, Chosen of Kruphix","","","","","","","","0","1","",""
"3792","Colorless","","Eligeth, Crossroads Augur // Ikra Shidiqi, the Usurper","","","","","","","","0","1","",""
"3792","Colorless","","Eligeth, Crossroads Augur // Sidar Kondo of Jamuraa","","","","","","","","0","1","",""
"3792","Colorless","","Eligeth, Crossroads Augur // Vial Smasher the Fierce","","","","","","","","0","1","",""
"3792","Colorless","","Eligeth, Crossroads Augur // Silas Renn, Seeker Adept","","","","","","","","0","1","",""
"3792","Colorless","","Toggo, Goblin Weaponsmith // Vial Smasher the Fierce","","","","","","","","0","1","",""
"3792","Colorless","","Kydele, Chosen of Kruphix // Sengir, the Dark Baron","","","","","","","","0","1","",""
"3792","Colorless","","Kydele, Chosen of Kruphix // Rebbec, Architect of Ascension","","","","","","","","0","1","",""
"3792","Colorless","","Kydele, Chosen of Kruphix // Tana, the Bloodsower","","","","","","","","0","1","",""
"3792","Colorless","","Kydele, Chosen of Kruphix // Sakashima of a Thousand Faces","","","","","","","","0","1","",""
"3792","Colorless","","Kydele, Chosen of Kruphix // Nocturno of Myra's Marvels","","","","","","","","0","1","",""
"3792","Colorless","","Kydele, Chosen of Kruphix","","","","","","","","0","1","",""
"3792","Colorless","","Kraum, Ludevic's Opus // Malcolm, Keen-Eyed Navigator","","","","","","","","0","1","",""
"3792","Colorless","","Kraum, Ludevic's Opus // Rograkh, Son of Rohgahh","","","","","","","","0","1","",""
"3792","Colorless","","Kraum, Ludevic's Opus // Livio, Oathsworn Sentinel","","","","","","","","0","1","",""
"3792","Colorless","","Kraum, Ludevic's Opus // Prava of the Steel Legion","","","","","","","","0","1","",""
"3792","Colorless","","Kraum, Ludevic's Opus // Silas Renn, Seeker Adept","","","","","","","","0","1","",""
"3792","Colorless","","Kraum, Ludevic's Opus","","","","","","","","0","1","",""
"3792","Colorless","","Ghost of Ramirez DePietro // Tana, the Bloodsower","","","","","","","","0","1","",""
"3792","Colorless","","Ghost of Ramirez DePietro // Ikra Shidiqi, the Usurper","","","","","","","","0","1","",""
"3792","Colorless","","Rograkh, Son of Rohgahh // Tana, the Bloodsower","","","","","","","","0","1","",""
"3792","Colorless","","Ghost of Ramirez DePietro // Kraum, Ludevic's Opus","","","","","","","","0","1","",""
"3792","Colorless","","Gilanra, Caller of Wirewood // Tana, the Bloodsower","","","","","","","","0","1","",""
"3792","Colorless","","Ishai, Ojutai Dragonspeaker // Silas Renn, Seeker Adept","","","","","","","","0","1","",""
"3792","Colorless","","Ishai, Ojutai Dragonspeaker // Kamahl, Heart of Krosa","","","","","","","","0","1","",""
"3792","Colorless","","Gilanra, Caller of Wirewood // Ravos, Soultender","","","","","","","","0","1","",""
"3792","Colorless","","Ishai, Ojutai Dragonspeaker // Ravos, Soultender","","","","","","","","0","1","",""
"3792","Colorless","","Livio, Oathsworn Sentinel // Sidar Kondo of Jamuraa","","","","","","","","0","1","",""
"3792","Colorless","","Livio, Oathsworn Sentinel // Vial Smasher the Fierce","","","","","","","","0","1","",""
"3792","Colorless","","Alena, Kessig Trapper // Reyhan, Last of the Abzan","","","","","","","","0","1","",""
"3792","Colorless","","Alena, Kessig Trapper // Kydele, Chosen of Kruphix","","","","","","","","0","1","",""
"3792","Colorless","","Ishai, Ojutai Dragonspeaker // Sengir, the Dark Baron","","","","","","","","0","1","",""
"3792","Colorless","","Kodama of the East Tree // Kydele, Chosen of Kruphix","","","","","","","","0","1","",""
"3792","Colorless","","Gilanra, Caller of Wirewood // Silas Renn, Seeker Adept","","","","","","","","0","1","",""
"3792","Colorless","","Armix, Filigree Thrasher // Bruse Tarl, Boorish Herder","","","","","","","","0","1","",""
"3792","Colorless","","Ikra Shidiqi, the Usurper // Thrasios, Triton Hero","","","","","","","","0","1","",""
"3792","Colorless","","Ich-Tekik, Salvage Splicer // Ludevic, Necro-Alchemist","","","","","","","","0","1","",""
"3792","Colorless","","Ikra Shidiqi, the Usurper // Yoshimaru, Ever Faithful","","","","","","","","0","1","",""
"3919","Colorless","","Kari Zev, Skyship Raider","","","","","","","","0","1","",""
"3919","Colorless","","Heart of Kiran","","","","","","","","0","1","",""
"3921","Colorless","","Bontu the Glorified","","","","","","","","0","1","",""
"3922","Colorless","","Rona, Disciple of Gix","","","","","","","","0","1","",""
"3922","Colorless","","Slinn Voda, the Rising Deep","","","","","","","","0","1","",""
"3922","Colorless","","Arvad the Cursed","","","","","","","","0","1","",""
"3922","Colorless","","Weatherlight","","","","","","","","0","1","",""
"3926","Colorless","","Krav, the Unredeemed","","","","","","","","0","1","",""
"3926","Colorless","","Regna, the Redeemer","","","","","","","","0","1","",""
"3926","Colorless","","Virtus the Veiled","","","","","","","","0","1","",""
"3926","Colorless","","Rowan Kenrith","","","","","","","","0","1","",""
"3926","Colorless","","Okaun, Eye of Chaos","","","","","","","","0","1","",""
"3931","Colorless","","Lena, Selfless Champion","","","","","","","","0","1","",""
"3932","Colorless","","Syr Alin, the Lion's Claw","","","","","","","","0","1","",""
"3933","Colorless","","Yannik, Scavenging Sentinel","","","","","","","","0","1","",""
"3933","Colorless","","Brallin, Skyshark Rider","","","","","","","","0","1","",""
"3935","Colorless","","Akroma, Vision of Ixidor // Ich-Tekik, Salvage Splicer","","","","","","","","0","1","",""
"3935","Colorless","","Malcolm, Keen-Eyed Navigator // Toggo, Goblin Weaponsmith","","","","","","","","0","1","",""
"3935","Colorless","","Malcolm, Keen-Eyed Navigator // Yoshimaru, Ever Faithful","","","","","","","","0","1","",""
"3935","Colorless","","Anara, Wolvid Familiar // Kodama of the East Tree","","","","","","","","0","1","",""
"3935","Colorless","","Jeska, Thrice Reborn // Toggo, Goblin Weaponsmith","","","","","","","","0","1","",""
"3935","Colorless","","Breeches, Brazen Plunderer // Kediss, Emberclaw Familiar","","","","","","","","0","1","",""
"3935","Colorless","","Breeches, Brazen Plunderer // Keskit, the Flesh Sculptor","","","","","","","","0","1","",""
"3935","Colorless","","Malcolm, Keen-Eyed Navigator // Nadier, Agent of the Duskenel","","","","","","","","0","1","",""
"3935","Colorless","","Ardenn, Intrepid Archaeologist // Francisco, Fowl Marauder","","","","","","","","0","1","",""
"3935","Colorless","","Anara, Wolvid Familiar // Esior, Wardwing Familiar","","","","","","","","0","1","",""
"3935","Colorless","","Francisco, Fowl Marauder // Tevesh Szat, Doom of Fools","","","","","","","","0","1","",""
"3935","Colorless","","Francisco, Fowl Marauder // Toggo, Goblin Weaponsmith","","","","","","","","0","1","",""
"3935","Colorless","","Anara, Wolvid Familiar // Halana, Kessig Ranger","","","","","","","","0","1","",""
"3935","Colorless","","Ardenn, Intrepid Archaeologist // Nocturno of Myra's Marvels","","","","","","","","0","1","",""
"3935","Colorless","","The Prismatic Piper // Yoshimaru, Ever Faithful","","","","","","","","0","1","",""
"3935","Colorless","","Ardenn, Intrepid Archaeologist // Nadier, Agent of the Duskenel","","","","","","","","0","1","",""
"3935","Colorless","","Jeska, Thrice Reborn // Malcolm, Keen-Eyed Navigator","","","","","","","","0","1","",""
"3935","Colorless","","Hardy of Myra's Marvels // Rograkh, Son of Rohgahh","","","","","","","","0","1","",""
"3935","Colorless","","Brinelin, the Moon Kraken // Glacian, Powerstone Engineer","","","","","","","","0","1","",""
"3935","Colorless","","Ardenn, Intrepid Archaeologist // Radiant, Serra Archangel","","","","","","","","0","1","",""
"3935","Colorless","","Ardenn, Intrepid Archaeologist // Prava of the Steel Legion","","","","","","","","0","1","",""
"3935","Colorless","","Keleth, Sunmane Familiar // Sengir, the Dark Baron","","","","","","","","0","1","",""
"3935","Colorless","","Ardenn, Intrepid Archaeologist // Tormod, the Desecrator","","","","","","","","0","1","",""
"3935","Colorless","","Keskit, the Flesh Sculptor // Sengir, the Dark Baron","","","","","","","","0","1","",""
"3935","Colorless","","Ardenn, Intrepid Archaeologist // Tevesh Szat, Doom of Fools","","","","","","","","0","1","",""
"3935","Colorless","","Esior, Wardwing Familiar // Rebbec, Architect of Ascension","","","","","","","","0","1","",""
"3935","Colorless","","Jeska, Thrice Reborn","","","","","","","","0","1","",""
"3935","Colorless","","Ich-Tekik, Salvage Splicer // Rograkh, Son of Rohgahh","","","","","","","","0","1","",""
"3935","Colorless","","Alena, Kessig Trapper // Kediss, Emberclaw Familiar","","","","","","","","0","1","",""
"3935","Colorless","","Halana, Kessig Ranger // Jeska, Thrice Reborn","","","","","","","","0","1","",""
"3935","Colorless","","Alena, Kessig Trapper // Rebbec, Architect of Ascension","","","","","","","","0","1","",""
"3935","Colorless","","Alena, Kessig Trapper // Sakashima of a Thousand Faces","","","","","","","","0","1","",""
"3935","Colorless","","Ich-Tekik, Salvage Splicer","","","","","","","","0","1","",""
"3935","Colorless","","Halana, Kessig Ranger // Slurrk, All-Ingesting","","","","","","","","0","1","",""
"3935","Colorless","","Brinelin, the Moon Kraken // Dargo, the Shipwrecker","","","","","","","","0","1","",""
"3935","Colorless","","Ardenn, Intrepid Archaeologist // Armix, Filigree Thrasher","","","","","","","","0","1","",""
"3935","Colorless","","Halana, Kessig Ranger // Sakashima of a Thousand Faces","","","","","","","","0","1","",""
"3935","Colorless","","Ardenn, Intrepid Archaeologist // Malcolm, Keen-Eyed Navigator","","","","","","","","0","1","",""
"3935","Colorless","","Nadier, Agent of the Duskenel // Yoshimaru, Ever Faithful","","","","","","","","0","1","",""
"3935","Colorless","","Halana, Kessig Ranger // Miara, Thorn of the Glade","","","","","","","","0","1","",""
"3935","Colorless","","Alena, Kessig Trapper // Rograkh, Son of Rohgahh","","","","","","","","0","1","",""
"3935","Colorless","","Krark, the Thumbless // The Prismatic Piper","","","","","","","","0","1","",""
"3935","Colorless","","Kediss, Emberclaw Familiar // Toggo, Goblin Weaponsmith","","","","","","","","0","1","",""
"3935","Colorless","","Falthis, Shadowcat Familiar // Rebbec, Architect of Ascension","","","","","","","","0","1","",""
"3935","Colorless","","Alena, Kessig Trapper // Prava of the Steel Legion","","","","","","","","0","1","",""
"3935","Colorless","","Esior, Wardwing Familiar // Slurrk, All-Ingesting","","","","","","","","0","1","",""
"3935","Colorless","","Ardenn, Intrepid Archaeologist // Kodama of the East Tree","","","","","","","","0","1","",""
"3935","Colorless","","Brinelin, the Moon Kraken // Falthis, Shadowcat Familiar","","","","","","","","0","1","",""
"3935","Colorless","","Falthis, Shadowcat Familiar // Tormod, the Desecrator","","","","","","","","0","1","",""
"3935","Colorless","","Alena, Kessig Trapper // Nadier, Agent of the Duskenel","","","","","","","","0","1","",""
"3935","Colorless","","Falthis, Shadowcat Familiar // Prava of the Steel Legion","","","","","","","","0","1","",""
"3935","Colorless","","Ardenn, Intrepid Archaeologist // Keskit, the Flesh Sculptor","","","","","","","","0","1","",""
"3935","Colorless","","Halana, Kessig Ranger","","","","","","","","0","1","",""
"3935","Colorless","","Akroma, Vision of Ixidor // Eligeth, Crossroads Augur","","","","","","","","0","1","",""
"3935","Colorless","","Ardenn, Intrepid Archaeologist // Halana, Kessig Ranger","","","","","","","","0","1","",""
"3935","Colorless","","Kediss, Emberclaw Familiar // Radiant, Serra Archangel","","","","","","","","0","1","",""
"3935","Colorless","","Falthis, Shadowcat Familiar // Radiant, Serra Archangel","","","","","","","","0","1","",""
"3935","Colorless","","Falthis, Shadowcat Familiar // Francisco, Fowl Marauder","","","","","","","","0","1","",""
"3935","Colorless","","Krark, the Thumbless // Slurrk, All-Ingesting","","","","","","","","0","1","",""
"3935","Colorless","","Ich-Tekik, Salvage Splicer // Slurrk, All-Ingesting","","","","","","","","0","1","",""
"3935","Colorless","","Kediss, Emberclaw Familiar // Krark, the Thumbless","","","","","","","","0","1","",""
"3935","Colorless","","Livio, Oathsworn Sentinel // Prava of the Steel Legion","","","","","","","","0","1","",""
"3935","Colorless","","Livio, Oathsworn Sentinel // Miara, Thorn of the Glade","","","","","","","","0","1","",""
"3935","Colorless","","Livio, Oathsworn Sentinel // Sakashima of a Thousand Faces","","","","","","","","0","1","",""
"3935","Colorless","","Krark, the Thumbless // Yoshimaru, Ever Faithful","","","","","","","","0","1","",""
"3935","Colorless","","Akroma, Vision of Ixidor // Keleth, Sunmane Familiar","","","","","","","","0","1","",""
"3935","Colorless","","Gilanra, Caller of Wirewood // Tormod, the Desecrator","","","","","","","","0","1","",""
"3935","Colorless","","Krark, the Thumbless // Tormod, the Desecrator","","","","","","","","0","1","",""
"3935","Colorless","","Brinelin, the Moon Kraken // Esior, Wardwing Familiar","","","","","","","","0","1","",""
"3935","Colorless","","Ich-Tekik, Salvage Splicer // Livio, Oathsworn Sentinel","","","","","","","","0","1","",""
"3935","Colorless","","Miara, Thorn of the Glade // Yoshimaru, Ever Faithful","","","","","","","","0","1","",""
"3935","Colorless","","Radiant, Serra Archangel // Siani, Eye of the Storm","","","","","","","","0","1","",""
"3935","Colorless","","Rebbec, Architect of Ascension // Tormod, the Desecrator","","","","","","","","0","1","",""
"3935","Colorless","","Jeska, Thrice Reborn // Keskit, the Flesh Sculptor","","","","","","","","0","1","",""
"3935","Colorless","","Gilanra, Caller of Wirewood // Jeska, Thrice Reborn","","","","","","","","0","1","",""
"3935","Colorless","","Slurrk, All-Ingesting // Yoshimaru, Ever Faithful","","","","","","","","0","1","",""
"3935","Colorless","","Ich-Tekik, Salvage Splicer // Sakashima of a Thousand Faces","","","","","","","","0","1","",""
"3935","Colorless","","Armix, Filigree Thrasher","","","","","","","","0","1","",""
"3935","Colorless","","Anara, Wolvid Familiar // Rograkh, Son of Rohgahh","","","","","","","","0","1","",""
"3935","Colorless","","Anara, Wolvid Familiar // Eligeth, Crossroads Augur","","","","","","","","0","1","",""
"3935","Colorless","","Gilanra, Caller of Wirewood // Toggo, Goblin Weaponsmith","","","","","","","","0","1","",""
"3935","Colorless","","Anara, Wolvid Familiar // Slurrk, All-Ingesting","","","","","","","","0","1","",""
"3935","Colorless","","Dargo, the Shipwrecker // Francisco, Fowl Marauder","","","","","","","","0","1","",""
"3935","Colorless","","Armix, Filigree Thrasher // Rograkh, Son of Rohgahh","","","","","","","","0","1","",""
"3935","Colorless","","Toggo, Goblin Weaponsmith // Tormod, the Desecrator","","","","","","","","0","1","",""
"3935","Colorless","","Akroma, Vision of Ixidor // Esior, Wardwing Familiar","","","","","","","","0","1","",""
"3935","Colorless","","Akroma, Vision of Ixidor // Siani, Eye of the Storm","","","","","","","","0","1","",""
"3935","Colorless","","Kamahl, Heart of Krosa // Toggo, Goblin Weaponsmith","","","","","","","","0","1","",""
"3935","Colorless","","Toggo, Goblin Weaponsmith // Yoshimaru, Ever Faithful","","","","","","","","0","1","",""
"3935","Colorless","","Esior, Wardwing Familiar // Francisco, Fowl Marauder","","","","","","","","0","1","",""
"3935","Colorless","","Akroma, Vision of Ixidor // Tevesh Szat, Doom of Fools","","","","","","","","0","1","",""
"3935","Colorless","","Armix, Filigree Thrasher // Falthis, Shadowcat Familiar","","","","","","","","0","1","",""
"3935","Colorless","","Akroma, Vision of Ixidor // Anara, Wolvid Familiar","","","","","","","","0","1","",""
"3935","Colorless","","Eligeth, Crossroads Augur // Sakashima of a Thousand Faces","","","","","","","","0","1","",""
"3935","Colorless","","Esior, Wardwing Familiar // Ghost of Ramirez DePietro","","","","","","","","0","1","",""
"3935","Colorless","","Ardenn, Intrepid Archaeologist","","","","","","","","0","1","",""
"3935","Colorless","","Armix, Filigree Thrasher // Glacian, Powerstone Engineer","","","","","","","","0","1","",""
"3935","Colorless","","Kamahl, Heart of Krosa // Tevesh Szat, Doom of Fools","","","","","","","","0","1","",""
"3935","Colorless","","Eligeth, Crossroads Augur // Gilanra, Caller of Wirewood","","","","","","","","0","1","",""
"3935","Colorless","","Akroma, Vision of Ixidor // Jeska, Thrice Reborn","","","","","","","","0","1","",""
"3935","Colorless","","Armix, Filigree Thrasher // Tevesh Szat, Doom of Fools","","","","","","","","0","1","",""
"3935","Colorless","","Keskit, the Flesh Sculptor // Rograkh, Son of Rohgahh","","","","","","","","0","1","",""
"3935","Colorless","","Eligeth, Crossroads Augur","","","","","","","","0","1","",""
"3935","Colorless","","Dargo, the Shipwrecker // Sengir, the Dark Baron","","","","","","","","0","1","",""
"3935","Colorless","","Miara, Thorn of the Glade // Nadier, Agent of the Duskenel","","","","","","","","0","1","",""
"3935","Colorless","","Esior, Wardwing Familiar // Falthis, Shadowcat Familiar","","","","","","","","0","1","",""
"3935","Colorless","","Esior, Wardwing Familiar // Sengir, the Dark Baron","","","","","","","","0","1","",""
"3935","Colorless","","Gilanra, Caller of Wirewood // Nadier, Agent of the Duskenel","","","","","","","","0","1","",""
"3935","Colorless","","Ghost of Ramirez DePietro // Krark, the Thumbless","","","","","","","","0","1","",""
"3935","Colorless","","Dargo, the Shipwrecker // Ghost of Ramirez DePietro","","","","","","","","0","1","",""
"3935","Colorless","","Kamahl, Heart of Krosa // Nadier, Agent of the Duskenel","","","","","","","","0","1","",""
"3935","Colorless","","Kamahl, Heart of Krosa // Prava of the Steel Legion","","","","","","","","0","1","",""
"3935","Colorless","","Armix, Filigree Thrasher // Tormod, the Desecrator","","","","","","","","0","1","",""
"3935","Colorless","","Ignacio of Myra's Marvels // Tevesh Szat, Doom of Fools","","","","","","","","0","1","",""
"3935","Colorless","","Tevesh Szat, Doom of Fools // Toggo, Goblin Weaponsmith","","","","","","","","0","1","",""
"3935","Colorless","","Ghost of Ramirez DePietro // Kodama of the East Tree","","","","","","","","0","1","",""
"3935","Colorless","","Alharu, Solemn Ritualist // Ardenn, Intrepid Archaeologist","","","","","","","","0","1","",""
"3935","Colorless","","Glacian, Powerstone Engineer // Rograkh, Son of Rohgahh","","","","","","","","0","1","",""
"3935","Colorless","","Ghost of Ramirez DePietro // Kediss, Emberclaw Familiar","","","","","","","","0","1","",""
"3935","Colorless","","Glacian, Powerstone Engineer // Ich-Tekik, Salvage Splicer","","","","","","","","0","1","",""
"3935","Colorless","","Alharu, Solemn Ritualist // Miara, Thorn of the Glade","","","","","","","","0","1","",""
"3935","Colorless","","Alharu, Solemn Ritualist // Nadier, Agent of the Duskenel","","","","","","","","0","1","",""
"3935","Colorless","","Alharu, Solemn Ritualist // Ghost of Ramirez DePietro","","","","","","","","0","1","",""
"3935","Colorless","","Numa, Joraga Chieftain","","","","","","","","0","1","",""
"3935","Colorless","","Sakashima of a Thousand Faces // Sengir, the Dark Baron","","","","","","","","0","1","",""
"3935","Colorless","","Eligeth, Crossroads Augur // Sengir, the Dark Baron","","","","","","","","0","1","",""
"3935","Colorless","","Fluros of Myra's Marvels // Jeska, Thrice Reborn","","","","","","","","0","1","",""
"3935","Colorless","","Eligeth, Crossroads Augur // Esior, Wardwing Familiar","","","","","","","","0","1","",""
"4063","Colorless","","Arni Brokenbrow","","","","","","","","0","1","",""
"4063","Colorless","","Egon, God of Death","","","","","","","","0","1","",""
"4063","Colorless","","Kolvori, God of Kinship","","","","","","","","0","1","",""
"4063","Colorless","","Inga Rune-Eyes","","","","","","","","0","1","",""
"4067","Colorless","","Kianne, Dean of Substance","","","","","","","","0","1","",""
"4068","Colorless","","Kurbis, Harvest Celebrant","","","","","","","","0","1","",""
"4069","Colorless","","Hargilde, Kindly Runechanter // Othelm, Sigardian Outcast","","","","","","","","0","1","",""
"4069","Colorless","","Elmar, Ulvenwald Informant // Othelm, Sigardian Outcast","","","","","","","","0","1","",""
"4069","Colorless","","Othelm, Sigardian Outcast","","","","","","","","0","1","",""
"4069","Colorless","","Bjorna, Nightfall Alchemist // Cecily, Haunted Mage","","","","","","","","0","1","",""
"4073","Colorless","","Go-Shintai of Lost Wisdom","","","","","","","","0","1","",""
"4073","Colorless","","Go-Shintai of Boundless Vigor","","","","","","","","0","1","",""
"4073","Colorless","","Nocturno of Myra's Marvels // Yoshimaru, Ever Faithful","","","","","","","","0","1","",""
"4073","Colorless","","Go-Shintai of Hidden Cruelty","","","","","","","","0","1","",""
"4077","Colorless","","Durnan of the Yawning Portal // Noble Heritage","","","","","","","","0","1","",""
"4077","Colorless","","Durnan of the Yawning Portal // Haunted One","","","","","","","","0","1","",""
"4077","Colorless","","Baeloth Barrityl, Entertainer // Tavern Brawler","","","","","","","","0","1","",""
"4077","Colorless","","Baeloth Barrityl, Entertainer // Guild Artisan","","","","","","","","0","1","",""
"4077","Colorless","","Baeloth Barrityl, Entertainer // Feywild Visitor","","","","","","","","0","1","",""
"4077","Colorless","","Sarevok, Deathbringer // Criminal Past","","","","","","","","0","1","",""
"4077","Colorless","","Sarevok, Deathbringer // Agent of the Iron Throne","","","","","","","","0","1","",""
"4077","Colorless","","Baeloth Barrityl, Entertainer // Inspiring Leader","","","","","","","","0","1","",""
"4077","Colorless","","Baeloth Barrityl, Entertainer // Street Urchin","","","","","","","","0","1","",""
"4077","Colorless","","Durnan of the Yawning Portal // Guild Artisan","","","","","","","","0","1","",""
"4077","Colorless","","Zellix, Sanity Flayer // Candlekeep Sage","","","","","","","","0","1","",""
"4077","Colorless","","Durnan of the Yawning Portal // Folk Hero","","","","","","","","0","1","",""
"4077","Colorless","","Ellyn Harbreeze, Busybody // Haunted One","","","","","","","","0","1","",""
"4077","Colorless","","Viconia, Drow Apostate // Passionate Archaeologist","","","","","","","","0","1","",""
"4077","Colorless","","Viconia, Drow Apostate // Agent of the Shadow Thieves","","","","","","","","0","1","",""
"4077","Colorless","","Viconia, Drow Apostate // Far Traveler","","","","","","","","0","1","",""
"4077","Colorless","","Abdel Adrian, Gorion's Ward // Acolyte of Bahamut","","","","","","","","0","1","",""
"4077","Colorless","","Viconia, Drow Apostate // Street Urchin","","","","","","","","0","1","",""
"4077","Colorless","","Halsin, Emerald Archdruid // Clan Crafter","","","","","","","","0","1","",""
"4077","Colorless","","Halsin, Emerald Archdruid // Master Chef","","","","","","","","0","1","",""
"4077","Colorless","","Lulu, Loyal Hollyphant // Inspiring Leader","","","","","","","","0","1","",""
"4077","Colorless","","Zellix, Sanity Flayer // Folk Hero","","","","","","","","0","1","",""
"4077","Colorless","","Abdel Adrian, Gorion's Ward // Cloakwood Hermit","","","","","","","","0","1","",""
"4077","Colorless","","Lulu, Loyal Hollyphant // Agent of the Shadow Thieves","","","","","","","","0","1","",""
"4077","Colorless","","Lulu, Loyal Hollyphant // Clan Crafter","","","","","","","","0","1","",""
"4077","Colorless","","Halsin, Emerald Archdruid // Guild Artisan","","","","","","","","0","1","",""
"4077","Colorless","","Jaheira, Friend of the Forest // Popular Entertainer","","","","","","","","0","1","",""
"4077","Colorless","","Abdel Adrian, Gorion's Ward // Dungeon Delver","","","","","","","","0","1","",""
"4077","Colorless","","Erinis, Gloom Stalker // Hardy Outlander","","","","","","","","0","1","",""
"4077","Colorless","","Zellix, Sanity Flayer // Cultist of the Absolute","","","","","","","","0","1","",""
"4077","Colorless","","Halsin, Emerald Archdruid // Cultist of the Absolute","","","","","","","","0","1","",""
"4077","Colorless","","Halsin, Emerald Archdruid // Feywild Visitor","","","","","","","","0","1","",""
"4077","Colorless","","Lae'zel, Vlaakith's Champion","","","","","","","","0","1","",""
"4077","Colorless","","Lae'zel, Vlaakith's Champion // Agent of the Iron Throne","","","","","","","","0","1","",""
"4077","Colorless","","Sivriss, Nightmare Speaker // Criminal Past","","","","","","","","0","1","",""
"4077","Colorless","","Lae'zel, Vlaakith's Champion // Criminal Past","","","","","","","","0","1","",""
"4077","Colorless","","Sivriss, Nightmare Speaker // Clan Crafter","","","","","","","","0","1","",""
"4077","Colorless","","Sivriss, Nightmare Speaker // Master Chef","","","","","","","","0","1","",""
"4077","Colorless","","Sivriss, Nightmare Speaker // Candlekeep Sage","","","","","","","","0","1","",""
"4077","Colorless","","Shadowheart, Dark Justiciar // Dungeon Delver","","","","","","","","0","1","",""
"4077","Colorless","","Shadowheart, Dark Justiciar // Raised by Giants","","","","","","","","0","1","",""
"4077","Colorless","","Gut, True Soul Zealot // Sword Coast Sailor","","","","","","","","0","1","",""
"4077","Colorless","","Burakos, Party Leader // Dungeon Delver","","","","","","","","0","1","",""
"4077","Colorless","","Gut, True Soul Zealot // Popular Entertainer","","","","","","","","0","1","",""
"4077","Colorless","","Gut, True Soul Zealot // Veteran Soldier","","","","","","","","0","1","",""
"4077","Colorless","","Gut, True Soul Zealot // Acolyte of Bahamut","","","","","","","","0","1","",""
"4077","Colorless","","Skanos Dragonheart // Scion of Halaster","","","","","","","","0","1","",""
"4077","Colorless","","Gut, True Soul Zealot // Noble Heritage","","","","","","","","0","1","",""
"4077","Colorless","","Shadowheart, Dark Justiciar // Passionate Archaeologist","","","","","","","","0","1","",""
"4077","Colorless","","Lae'zel, Vlaakith's Champion // Guild Artisan","","","","","","","","0","1","",""
"4077","Colorless","","Burakos, Party Leader // Agent of the Iron Throne","","","","","","","","0","1","",""
"4077","Colorless","","Wilson, Refined Grizzly // Cloakwood Hermit","","","","","","","","0","1","",""
"4077","Colorless","","Wilson, Refined Grizzly // Dragon Cultist","","","","","","","","0","1","",""
"4077","Colorless","","Lae'zel, Vlaakith's Champion // Cultist of the Absolute","","","","","","","","0","1","",""
"4077","Colorless","","Shadowheart, Dark Justiciar // Clan Crafter","","","","","","","","0","1","",""
"4077","Colorless","","Burakos, Party Leader // Clan Crafter","","","","","","","","0","1","",""
"4077","Colorless","","Shadowheart, Dark Justiciar // Shameless Charlatan","","","","","","","","0","1","",""
"4077","Colorless","","Lae'zel, Vlaakith's Champion // Feywild Visitor","","","","","","","","0","1","",""
"4077","Colorless","","Shadowheart, Dark Justiciar // Cultist of the Absolute","","","","","","","","0","1","",""
"4077","Colorless","","Burakos, Party Leader // Tavern Brawler","","","","","","","","0","1","",""
"4077","Colorless","","Shadowheart, Dark Justiciar // Feywild Visitor","","","","","","","","0","1","",""
"4077","Colorless","","Lae'zel, Vlaakith's Champion // Dragon Cultist","","","","","","","","0","1","",""
"4077","Colorless","","Burakos, Party Leader // Master Chef","","","","","","","","0","1","",""
"4077","Colorless","","Lae'zel, Vlaakith's Champion // Street Urchin","","","","","","","","0","1","",""
"4077","Colorless","","Burakos, Party Leader // Feywild Visitor","","","","","","","","0","1","",""
"4077","Colorless","","Wilson, Refined Grizzly // Haunted One","","","","","","","","0","1","",""
"4077","Colorless","","Livaan, Cultist of Tiamat // Raised by Giants","","","","","","","","0","1","",""
"4077","Colorless","","Wilson, Refined Grizzly // Dungeon Delver","","","","","","","","0","1","",""
"4077","Colorless","","Zellix, Sanity Flayer // Tavern Brawler","","","","","","","","0","1","",""
"4077","Colorless","","Livaan, Cultist of Tiamat // Passionate Archaeologist","","","","","","","","0","1","",""
"4077","Colorless","","Shadowheart, Dark Justiciar // Candlekeep Sage","","","","","","","","0","1","",""
"4077","Colorless","","Skanos Dragonheart // Haunted One","","","","","","","","0","1","",""
"4077","Colorless","","Skanos Dragonheart // Guild Artisan","","","","","","","","0","1","",""
"4077","Colorless","","Livaan, Cultist of Tiamat // Clan Crafter","","","","","","","","0","1","",""
"4077","Colorless","","Livaan, Cultist of Tiamat // Tavern Brawler","","","","","","","","0","1","",""
"4077","Colorless","","Erinis, Gloom Stalker // Dungeon Delver","","","","","","","","0","1","",""
"4077","Colorless","","Erinis, Gloom Stalker // Shameless Charlatan","","","","","","","","0","1","",""
"4077","Colorless","","Amber Gristle O'Maul // Cultist of the Absolute","","","","","","","","0","1","",""
"4077","Colorless","","Amber Gristle O'Maul // Agent of the Shadow Thieves","","","","","","","","0","1","",""
"4077","Colorless","","Abdel Adrian, Gorion's Ward","","","","","","","","0","1","",""
"4077","Colorless","","Erinis, Gloom Stalker // Raised by Giants","","","","","","","","0","1","",""
"4077","Colorless","","Amber Gristle O'Maul // Master Chef","","","","","","","","0","1","",""
"4077","Colorless","","Livaan, Cultist of Tiamat // Cultist of the Absolute","","","","","","","","0","1","",""
"4077","Colorless","","Amber Gristle O'Maul // Scion of Halaster","","","","","","","","0","1","",""
"4077","Colorless","","Amber Gristle O'Maul","","","","","","","","0","1","",""
"4077","Colorless","","Skanos Dragonheart // Cultist of the Absolute","","","","","","","","0","1","",""
"4077","Colorless","","Skanos Dragonheart // Folk Hero","","","","","","","","0","1","",""
"4077","Colorless","","Livaan, Cultist of Tiamat // Feywild Visitor","","","","","","","","0","1","",""
"4077","Colorless","","Ellyn Harbreeze, Busybody // Tavern Brawler","","","","","","","","0","1","",""
"4077","Colorless","","Livaan, Cultist of Tiamat // Faceless One","","","","","","","","0","1","",""
"4077","Colorless","","Ellyn Harbreeze, Busybody // Popular Entertainer","","","","","","","","0","1","",""
"4077","Colorless","","Faceless One // Candlekeep Sage","","","","","","","","0","1","",""
"4077","Colorless","","Ganax, Astral Hunter // Street Urchin","","","","","","","","0","1","",""
"4077","Colorless","","Ganax, Astral Hunter // Cultist of the Absolute","","","","","","","","0","1","",""
"4077","Colorless","","Ganax, Astral Hunter // Agent of the Shadow Thieves","","","","","","","","0","1","",""
"4077","Colorless","","Ganax, Astral Hunter // Passionate Archaeologist","","","","","","","","0","1","",""
"4077","Colorless","","Erinis, Gloom Stalker // Cloakwood Hermit","","","","","","","","0","1","",""
"4077","Colorless","","Ganax, Astral Hunter // Noble Heritage","","","","","","","","0","1","",""
"4077","Colorless","","Ganax, Astral Hunter // Raised by Giants","","","","","","","","0","1","",""
"4077","Colorless","","Alora, Merry Thief // Cultist of the Absolute","","","","","","","","0","1","",""
"4077","Colorless","","Alora, Merry Thief // Guild Artisan","","","","","","","","0","1","",""
"4077","Colorless","","Alora, Merry Thief // Tavern Brawler","","","","","","","","0","1","",""
"4077","Colorless","","Erinis, Gloom Stalker // Haunted One","","","","","","","","0","1","",""
"4077","Colorless","","Imoen, Mystic Trickster // Scion of Halaster","","","","","","","","0","1","",""
"4077","Colorless","","Alora, Merry Thief // Haunted One","","","","","","","","0","1","",""
"4077","Colorless","","Imoen, Mystic Trickster // Popular Entertainer","","","","","","","","0","1","",""
"4077","Colorless","","Renari, Merchant of Marvels // Scion of Halaster","","","","","","","","0","1","",""
"4077","Colorless","","Renari, Merchant of Marvels // Noble Heritage","","","","","","","","0","1","",""
"4077","Colorless","","Renari, Merchant of Marvels // Clan Crafter","","","","","","","","0","1","",""
"4077","Colorless","","Renari, Merchant of Marvels // Popular Entertainer","","","","","","","","0","1","",""
"4077","Colorless","","Renari, Merchant of Marvels // Master Chef","","","","","","","","0","1","",""
"4077","Colorless","","Gale, Waterdeep Prodigy // Candlekeep Sage","","","","","","","","0","1","",""
"4077","Colorless","","Renari, Merchant of Marvels // Guild Artisan","","","","","","","","0","1","",""
"4077","Colorless","","Gale, Waterdeep Prodigy // Street Urchin","","","","","","","","0","1","",""
"4077","Colorless","","Gale, Waterdeep Prodigy // Feywild Visitor","","","","","","","","0","1","",""
"4077","Colorless","","Gale, Waterdeep Prodigy // Master Chef","","","","","","","","0","1","",""
"4077","Colorless","","Renari, Merchant of Marvels // Folk Hero","","","","","","","","0","1","",""
"4077","Colorless","","Renari, Merchant of Marvels // Feywild Visitor","","","","","","","","0","1","",""
"4077","Colorless","","Ellyn Harbreeze, Busybody // Master Chef","","","","","","","","0","1","",""
"4077","Colorless","","Gale, Waterdeep Prodigy // Sword Coast Sailor","","","","","","","","0","1","",""
"4077","Colorless","","Renari, Merchant of Marvels // Dragon Cultist","","","","","","","","0","1","",""
"4077","Colorless","","Imoen, Mystic Trickster // Cloakwood Hermit","","","","","","","","0","1","",""
"4077","Colorless","","Renari, Merchant of Marvels // Street Urchin","","","","","","","","0","1","",""
"4077","Colorless","","Gale, Waterdeep Prodigy","","","","","","","","0","1","",""
"4077","Colorless","","Erinis, Gloom Stalker // Noble Heritage","","","","","","","","0","1","",""
"4077","Colorless","","Rasaad yn Bashir // Dragon Cultist","","","","","","","","0","1","",""
"4077","Colorless","","Erinis, Gloom Stalker // Criminal Past","","","","","","","","0","1","",""
"4077","Colorless","","Ellyn Harbreeze, Busybody // Guild Artisan","","","","","","","","0","1","",""
"4077","Colorless","","Zellix, Sanity Flayer // Passionate Archaeologist","","","","","","","","0","1","",""
"4077","Colorless","","Rasaad yn Bashir // Cultist of the Absolute","","","","","","","","0","1","",""
"4077","Colorless","","Wyll, Blade of Frontiers // Dragon Cultist","","","","","","","","0","1","",""
"4077","Colorless","","Wyll, Blade of Frontiers // Hardy Outlander","","","","","","","","0","1","",""
"4077","Colorless","","Rasaad yn Bashir // Far Traveler","","","","","","","","0","1","",""
"4077","Colorless","","Rasaad yn Bashir // Guild Artisan","","","","","","","","0","1","",""
"4077","Colorless","","Wyll, Blade of Frontiers // Far Traveler","","","","","","","","0","1","",""
"4077","Colorless","","Wyll, Blade of Frontiers // Agent of the Shadow Thieves","","","","","","","","0","1","",""
"4077","Colorless","","Wyll, Blade of Frontiers // Shameless Charlatan","","","","","","","","0","1","",""
"4077","Colorless","","Volo, Itinerant Scholar // Dungeon Delver","","","","","","","","0","1","",""
"4077","Colorless","","Wyll, Blade of Frontiers // Popular Entertainer","","","","","","","","0","1","",""
"4077","Colorless","","Volo, Itinerant Scholar // Noble Heritage","","","","","","","","0","1","",""
"4077","Colorless","","Wyll, Blade of Frontiers // Haunted One","","","","","","","","0","1","",""
"4077","Colorless","","Volo, Itinerant Scholar // Popular Entertainer","","","","","","","","0","1","",""
"4077","Colorless","","Erinis, Gloom Stalker // Acolyte of Bahamut","","","","","","","","0","1","",""
"4077","Colorless","","Wyll, Blade of Frontiers // Agent of the Iron Throne","","","","","","","","0","1","",""
"4077","Colorless","","Wyll, Blade of Frontiers // Scion of Halaster","","","","","","","","0","1","",""
"4077","Colorless","","Volo, Itinerant Scholar // Sword Coast Sailor","","","","","","","","0","1","",""
"4077","Colorless","","Volo, Itinerant Scholar // Guild Artisan","","","","","","","","0","1","",""
"4077","Colorless","","Karlach, Fury of Avernus // Popular Entertainer","","","","","","","","0","1","",""
"4077","Colorless","","Karlach, Fury of Avernus // Haunted One","","","","","","","","0","1","",""
"4077","Colorless","","Karlach, Fury of Avernus // Passionate Archaeologist","","","","","","","","0","1","",""
"4077","Colorless","","Karlach, Fury of Avernus // Criminal Past","","","","","","","","0","1","",""
"4077","Colorless","","Volo, Itinerant Scholar // Hardy Outlander","","","","","","","","0","1","",""
"4077","Colorless","","Volo, Itinerant Scholar // Dragon Cultist","","","","","","","","0","1","",""
"4077","Colorless","","Zellix, Sanity Flayer // Popular Entertainer","","","","","","","","0","1","",""
"4077","Colorless","","Volo, Itinerant Scholar // Faceless One","","","","","","","","0","1","",""
"4077","Colorless","","Volo, Itinerant Scholar // Candlekeep Sage","","","","","","","","0","1","",""
"4077","Colorless","","Rasaad yn Bashir // Agent of the Iron Throne","","","","","","","","0","1","",""
"4077","Colorless","","Sarevok, Deathbringer // Cloakwood Hermit","","","","","","","","0","1","",""
"4077","Colorless","","Ellyn Harbreeze, Busybody // Raised by Giants","","","","","","","","0","1","",""
"4077","Colorless","","Rasaad yn Bashir // Noble Heritage","","","","","","","","0","1","",""
"4077","Colorless","","Karlach, Fury of Avernus // Dungeon Delver","","","","","","","","0","1","",""
"4077","Colorless","","Abdel Adrian, Gorion's Ward // Guild Artisan","","","","","","","","0","1","",""
"4077","Colorless","","Baeloth Barrityl, Entertainer // Sword Coast Sailor","","","","","","","","0","1","",""
"4077","Colorless","","Sarevok, Deathbringer // Guild Artisan","","","","","","","","0","1","",""
"4077","Colorless","","Vhal, Candlekeep Researcher // Cultist of the Absolute","","","","","","","","0","1","",""
"4077","Colorless","","Halsin, Emerald Archdruid // Agent of the Iron Throne","","","","","","","","0","1","",""
"4077","Colorless","","Vhal, Candlekeep Researcher // Far Traveler","","","","","","","","0","1","",""
"4077","Colorless","","Safana, Calimport Cutthroat // Dragon Cultist","","","","","","","","0","1","",""
"4077","Colorless","","Ellyn Harbreeze, Busybody // Agent of the Iron Throne","","","","","","","","0","1","",""
"4077","Colorless","","Vhal, Candlekeep Researcher // Clan Crafter","","","","","","","","0","1","",""
"4077","Colorless","","Sarevok, Deathbringer // Shameless Charlatan","","","","","","","","0","1","",""
"4077","Colorless","","Ellyn Harbreeze, Busybody // Passionate Archaeologist","","","","","","","","0","1","",""
"4077","Colorless","","Abdel Adrian, Gorion's Ward // Sword Coast Sailor","","","","","","","","0","1","",""
"4077","Colorless","","Sarevok, Deathbringer // Tavern Brawler","","","","","","","","0","1","",""
"4077","Colorless","","Vhal, Candlekeep Researcher // Agent of the Iron Throne","","","","","","","","0","1","",""
"4077","Colorless","","Vhal, Candlekeep Researcher // Scion of Halaster","","","","","","","","0","1","",""
"4077","Colorless","","Vhal, Candlekeep Researcher","","","","","","","","0","1","",""
"4077","Colorless","","Safana, Calimport Cutthroat // Feywild Visitor","","","","","","","","0","1","",""
"4077","Colorless","","Safana, Calimport Cutthroat // Guild Artisan","","","","","","","","0","1","",""
"4077","Colorless","","Durnan of the Yawning Portal // Scion of Halaster","","","","","","","","0","1","",""
"4077","Colorless","","Safana, Calimport Cutthroat // Acolyte of Bahamut","","","","","","","","0","1","",""
"4258","Colorless","","Zar Ojanen, Scion of Efrava","","","","","","","","0","1","",""
"4258","Colorless","","Moira, Urborg Haunt","","","","","","","","0","1","",""
"4258","Colorless","","Radha, Coalition Warlord","","","","","","","","0","1","",""
"4261","Colorless","","Angelic Harold","","","","","","","","0","1","",""
"4261","Colorless","","Lila, Hospitality Hostess","","","","","","","","0","1","",""
"4261","Colorless","","Jermane, Pride of the Circus","","","","","","","","0","1","",""
"4261","Colorless","","Ignacio of Myra's Marvels // Katerina of Myra's Marvels","","","","","","","","0","1","",""
"4261","Colorless","","Monoxa, Midway Manager","","","","","","","","0","1","",""
"4261","Colorless","","Roxi, Publicist to the Stars","","","","","","","","0","1","",""
"4261","Colorless","","Grand Marshal Macie","","","","","","","","0","1","",""
"4261","Colorless","","Solaflora, Intergalactic Icon","","","","","","","","0","1","",""
"4269","Colorless","","Feldon, Ronom Excavator","","","","","","","","0","1","",""
"4270","Colorless","","Rhuk, Hexgold Nabber","","","","","","","","0","1","",""
"4271","Colorless","","Jurin, Leading the Charge","","","","","","","","0","1","",""
"4272","Colorless","","Samwise the Stouthearted","","","","","","","","0","1","",""
"4272","Colorless","","Gilraen, Dúnedain Protector","","","","","","","","0","1","",""
"4272","Colorless","","Grond, the Gatebreaker","","","","","","","","0","1","",""
"4272","Colorless","","Landroval, Horizon Witness","","","","","","","","0","1","",""
"4272","Colorless","","Pippin, Warden of Isengard","","","","","","","","0","1","",""
"4272","Colorless","","Galadriel, Gift-Giver","","","","","","","","0","1","",""
"4272","Colorless","","The Balrog of Moria","","","","","","","","0","1","",""
"4272","Colorless","","Saruman the White","","","","","","","","0","1","",""
"4272","Colorless","","Saradoc, Master of Buckland","","","","","","","","0","1","",""
"4272","Colorless","","Faramir, Field Commander","","","","","","","","0","1","",""
"4272","Colorless","","Legolas Greenleaf","","","","","","","","0","1","",""
"4272","Colorless","","Éowyn, Lady of Rohan","","","","","","","","0","1","",""
"4284","Colorless","","Syr Armont, the Redeemer","","","","","","","","0","1","",""
"4285","Colorless","","The Sixth Doctor // Adric, Mathematical Genius","","","","","","","","0","1","",""
"4285","Colorless","","The Fourth Doctor // Vislor Turlough","","","","","","","","0","1","",""
"4285","Colorless","","The Sixth Doctor // Dan Lewis","","","","","","","","0","1","",""
"4285","Colorless","","The Seventh Doctor // Rose Tyler","","","","","","","","0","1","",""
"4285","Colorless","","The Seventh Doctor // Jamie McCrimmon","","","","","","","","0","1","",""
"4285","Colorless","","The Fourth Doctor // Yasmin Khan","","","","","","","","0","1","",""
"4285","Colorless","","The Fourteenth Doctor // Yasmin Khan","","","","","","","","0","1","",""
"4285","Colorless","","Idris, Soul of the TARDIS","","","","","","","","0","1","",""
"4285","Colorless","","The Fugitive Doctor","","","","","","","","0","1","",""
"4285","Colorless","","The Seventh Doctor","","","","","","","","0","1","",""
"4285","Colorless","","The Thirteenth Doctor // Dan Lewis","","","","","","","","0","1","",""
"4285","Colorless","","The Fourth Doctor // Clara Oswald","","","","","","","","0","1","",""
"4285","Colorless","","The Fourth Doctor // Peri Brown","","","","","","","","0","1","",""
"4285","Colorless","","The Fugitive Doctor // Nyssa of Traken","","","","","","","","0","1","",""
"4285","Colorless","","The Fugitive Doctor // Nardole, Resourceful Cyborg","","","","","","","","0","1","",""
"4285","Colorless","","The Twelfth Doctor // K-9, Mark I","","","","","","","","0","1","",""
"4285","Colorless","","The Fourth Doctor","","","","","","","","0","1","",""
"4285","Colorless","","The Fourteenth Doctor // Nyssa of Traken","","","","","","","","0","1","",""
"4285","Colorless","","The Fugitive Doctor // Sarah Jane Smith","","","","","","","","0","1","",""
"4285","Colorless","","Jamie McCrimmon","","","","","","","","0","1","",""
"4285","Colorless","","The Twelfth Doctor // Ian Chesterton","","","","","","","","0","1","",""
"4285","Colorless","","The Thirteenth Doctor // Donna Noble","","","","","","","","0","1","",""
"4285","Colorless","","The Twelfth Doctor // Rose Tyler","","","","","","","","0","1","",""
"4285","Colorless","","The Twelfth Doctor","","","","","","","","0","1","",""
"4285","Colorless","","The Ninth Doctor // Tegan Jovanka","","","","","","","","0","1","",""
"4285","Colorless","","The Fourteenth Doctor // Romana II","","","","","","","","0","1","",""
"4285","Colorless","","The Fourteenth Doctor // Peri Brown","","","","","","","","0","1","",""
"4285","Colorless","","The Twelfth Doctor // Adric, Mathematical Genius","","","","","","","","0","1","",""
"4285","Colorless","","Nardole, Resourceful Cyborg","","","","","","","","0","1","",""
"4285","Colorless","","Ian Chesterton","","","","","","","","0","1","",""
"4285","Colorless","","The Ninth Doctor // Jo Grant","","","","","","","","0","1","",""
"4285","Colorless","","The Eleventh Doctor // Nyssa of Traken","","","","","","","","0","1","",""
"4285","Colorless","","The Tenth Doctor // Graham O'Brien","","","","","","","","0","1","",""
"4285","Colorless","","The Tenth Doctor // Amy Pond","","","","","","","","0","1","",""
"4285","Colorless","","The Fifth Doctor // Jamie McCrimmon","","","","","","","","0","1","",""
"4285","Colorless","","The Fifth Doctor // Ryan Sinclair","","","","","","","","0","1","",""
"4285","Colorless","","The Tenth Doctor // Adric, Mathematical Genius","","","","","","","","0","1","",""
"4285","Colorless","","The Fifth Doctor // Leela, Sevateem Warrior","","","","","","","","0","1","",""
"4285","Colorless","","The Ninth Doctor // Ian Chesterton","","","","","","","","0","1","",""
"4285","Colorless","","The Fifth Doctor // Peri Brown","","","","","","","","0","1","",""
"4285","Colorless","","The First Doctor // Amy Pond","","","","","","","","0","1","",""
"4285","Colorless","","The Fifth Doctor // Donna Noble","","","","","","","","0","1","",""
"4285","Colorless","","The Tenth Doctor // Vislor Turlough","","","","","","","","0","1","",""
"4285","Colorless","","The First Doctor // Vislor Turlough","","","","","","","","0","1","",""
"4285","Colorless","","Peri Brown","","","","","","","","0","1","",""
"4285","Colorless","","The Tenth Doctor // Sarah Jane Smith","","","","","","","","0","1","",""
"4285","Colorless","","The Fifth Doctor","","","","","","","","0","1","",""
"4285","Colorless","","The Eleventh Doctor // Rose Tyler","","","","","","","","0","1","",""
"4285","Colorless","","The Tenth Doctor // Peri Brown","","","","","","","","0","1","",""
"4285","Colorless","","The Ninth Doctor // Peri Brown","","","","","","","","0","1","",""
"4285","Colorless","","The Tenth Doctor // K-9, Mark I","","","","","","","","0","1","",""
"4285","Colorless","","The Eleventh Doctor // Jamie McCrimmon","","","","","","","","0","1","",""
"4285","Colorless","","The Eleventh Doctor // Dan Lewis","","","","","","","","0","1","",""
"4285","Colorless","","The Eighth Doctor // Vislor Turlough","","","","","","","","0","1","",""
"4285","Colorless","","The Eighth Doctor // Sarah Jane Smith","","","","","","","","0","1","",""
"4285","Colorless","","The Fourteenth Doctor // Sarah Jane Smith","","","","","","","","0","1","",""
"4285","Colorless","","The Seventh Doctor // Sarah Jane Smith","","","","","","","","0","1","",""
"4285","Colorless","","The Sixth Doctor // Donna Noble","","","","","","","","0","1","",""
"4285","Colorless","","The War Doctor // Graham O'Brien","","","","","","","","0","1","",""
"4285","Colorless","","The Eighth Doctor // Clara Oswald","","","","","","","","0","1","",""
"4285","Colorless","","Bessie, the Doctor's Roadster","","","","","","","","0","1","",""
"4285","Colorless","","The Sixth Doctor // Barbara Wright","","","","","","","","0","1","",""
"4285","Colorless","","The War Doctor // Rose Tyler","","","","","","","","0","1","",""
"4285","Colorless","","The Third Doctor // Bill Potts","","","","","","","","0","1","",""
"4285","Colorless","","The Seventh Doctor // Dan Lewis","","","","","","","","0","1","",""
"4285","Colorless","","Jo Grant","","","","","","","","0","1","",""
"4285","Colorless","","The War Doctor // Vislor Turlough","","","","","","","","0","1","",""
"4285","Colorless","","The War Doctor // Sarah Jane Smith","","","","","","","","0","1","",""
"4285","Colorless","","The Sixth Doctor // Rose Tyler","","","","","","","","0","1","",""
"4285","Colorless","","The Fourteenth Doctor // Vislor Turlough","","","","","","","","0","1","",""
"4285","Colorless","","The Twelfth Doctor // Martha Jones","","","","","","","","0","1","",""
"4285","Colorless","","The Third Doctor // Ian Chesterton","","","","","","","","0","1","",""
"4285","Colorless","","The Sixth Doctor // Ryan Sinclair","","","","","","","","0","1","",""
"4285","Colorless","","The Fifteenth Doctor // Dan Lewis","","","","","","","","0","1","",""
"4285","Colorless","","The Second Doctor // Dan Lewis","","","","","","","","0","1","",""
"4285","Colorless","","The Sixth Doctor // Nardole, Resourceful Cyborg","","","","","","","","0","1","",""
"4285","Colorless","","The Sixth Doctor // Yasmin Khan","","","","","","","","0","1","",""
"4285","Colorless","","The Eleventh Doctor","","","","","","","","0","1","",""
"4285","Colorless","","The Second Doctor // Adric, Mathematical Genius","","","","","","","","0","1","",""
"4364","Colorless","","Blue, Loyal Raptor","","","","","","","","0","1","",""
"4365","Colorless","","Codsworth, Handy Helper","","","","","","","","0","1","",""
"4365","Colorless","","Desdemona, Freedom's Edge","","","","","","","","0","1","",""
"4365","Colorless","","Elder Owyn Lyons","","","","","","","","0","1","",""
"4365","Colorless","","Paladin Danse, Steel Maverick","","","","","","","","0","1","",""
"4365","Colorless","","ED-E, Lonesome Eyebot","","","","","","","","0","1","",""
"4370","Colorless","","Ezio, Brash Novice","","","","","","","","0","1","",""
"4371","Colorless","","Achilles Davenport","","","","","","","","0","1","",""
"4372","Colorless","","Gatta and Luzzu","","","","","","","","0","1","",""
"4373","Colorless","","Lord Jyscal Guado","","","","","","","","0","1","",""
"4374","Colorless","","Reno and Rude","","","","","","","","0","1","",""
"4375","Colorless","","Gaius van Baelsar","","","","","","","","0","1","",""
"4375","Colorless","","Ambrosia Whiteheart","","","","","","","","0","1","",""
"4377","Colorless","","Cloud of Darkness","","","","","","","","0","1","",""
"4377","Colorless","","G'raha Tia","","","","","","","","0","1","",""
"4379","Colorless","","Doc Ock, Sinister Scientist","","","","","","","","0","1","",""
"4379","Colorless","","Spider-Man 2099, Miguel O'Hara","","","","","","","","0","1","",""
"4379","Colorless","","Starling, Aerial Ally","","","","","","","","0","1","",""
"4379","Colorless","","MJ, Rising Star","","","","","","","","0","1","",""
"4379","Colorless","","Spider-Man, Brooklyn Visionary","","","","","","","","0","1","",""
"4384","Colorless","","Katara, Bending Prodigy","","","","","","","","0","1","",""
"4384","Colorless","","Haru, Hidden Talent","","","","","","","","0","1","",""
"4384","Colorless","","Master Piandao","","","","","","","","0","1","",""
"4384","Colorless","","Aang, Air Nomad","","","","","","","","0","1","",""
"4384","Colorless","","Master Pakku","","","","","","","","0","1","",""
"4389","Colorless","","Vulture, Scheming Scavenger","","","","","","","","0","1","",""
"4390","Colorless","","Agent Venom","","","","","","","","0","1","",""
"4390","Colorless","","Spiders-Man, Heroic Horde","","","","","","","","0","1","",""
"4392","Colorless","","Spider-UK","","","","","","","","0","1","",""
"4393","Colorless","","Living Brain, Mechanical Marvel","","","","","","","","0","1","",""
"4393","Colorless","","Shriek, Treblemaker","","","","","","","","0","1","",""
"4393","Colorless","","Arachne, Psionic Weaver","","","","","","","","0","1","",""
"4393","Colorless","","Morbius the Living Vampire","","","","","","","","0","1","",""
"4393","Colorless","","Madame Web, Clairvoyant","","","","","","","","0","1","",""
"4398","Colorless","","Spider-Girl, Legacy Hero","","","","","","","","0","1","",""
"4399","Colorless","","Raphael, Tag Team Tough","","","","","","","","0","1","",""
"4399","Colorless","","April O'Neil, Hacktivist","","","","","","","","0","1","",""
"4399","Colorless","","April O'Neil, Live on the Scene // Michelangelo, the Heart","","","","","","","","0","1","",""
"4402","Colorless","","Appa, the Vigilant","","","","","","","","0","1","",""
"4403","Colorless","","Bosco, Just a Bear","","","","","","","","0","1","",""
"4404","Colorless","","Chong and Lily, Nomads","","","","","","","","0","1","",""
"4404","Colorless","","Zuko, Seeking Honor","","","","","","","","0","1","",""
"4406","Colorless","","Armaggon, Future Shark","","","","","","","","0","1","",""
"4407","Colorless","","Ray Fillet, Wave Warrior","","","","","","","","0","1","",""
"4407","Colorless","","Splinter, Aging Champion","","","","","","","","0","1","",""
"4407","Colorless","","Raphael, Tough Turtle","","","","","","","","0","1","",""
"4410","Colorless","","Michelangelo, Game Master","","","","","","","","0","1","",""
"4410","Colorless","","Leonardo, Leader in Blue","","","","","","","","0","1","",""
"4412","Colorless","","Casey & Raph, Hotheads","","","","","","","","0","1","",""
"4412","Colorless","","April O'Neil, Kunoichi Trainee","","","","","","","","0","1","",""
"4412","Colorless","","April, Reporter of the Weird","","","","","","","","0","1","",""
"4412","Colorless","","Koya, Death from Above","","","","","","","","0","1","",""
"4412","Colorless","","Stockman, Mad Fly-entist","","","","","","","","0","1","",""
"4412","Colorless","","Wingnut, Bat on the Belfry","","","","","","","","0","1","",""
"4418","Colorless","","Old Hob, Alleycat Blues","","","","","","","","0","1","",""
"4419","Colorless","","Augusta, Order Returned","","","","","","","","0","1","",""
"4420","Colorless","","Orysa, Tide Choreographer","","","","","","","","0","1","",""
"4421","Colorless","","Vision, Synthezoid Avenger","","","","","","","","0","1","",""
"4422","Colorless","","Hellcat, Undying Vigilante","","","","","","","","0","1","",""
"4422","Colorless","","Elektra, Daughter of the Hand","","","","","","","","0","1","",""
"4422","Colorless","","Tigra, Feline Fury","","","","","","","","0","1","",""
"4425","Colorless","","The Ruinous Wrecking Crew","","","","","","","","0","1","",""
"4426","Colorless","","Jessica Jones, Private Eye","","","","","","","","0","1","",""
"4426","Colorless","","Abomination, Terrifying Titan","","","","","","","","0","1","",""
"4426","Colorless","","White Widow, Free Agent","","","","","","","","0","1","",""
"4426","Colorless","","Captain Mar-Vell, Space-Born","","","","","","","","0","1","",""
"4426","Colorless","","Crossbones, Malicious Mercenary","","","","","","","","0","1","",""
"4431","Colorless","","The Wondrous Wasp","","","","","","","","0","1","",""
"4431","Colorless","","Stature, Size Shifter","","","","","","","","0","1","",""
"4433","Colorless","","Night Nurse, Healer of Heroes","","","","","","","","0","1","",""
"4433","Colorless","","White Tiger, Ava Ayala","","","","","","","","0","1","",""
"4433","Colorless","","Tippy-Toe, Terrific Partner","","","","","","","","0","1","",""
"4433","Colorless","","Moonstone, Harsh Mistress","","","","","","","","0","1","",""
"4437","Colorless","","Minotaur, Roxxon CEO","","","","","","","","0","1","",""
"4437","Colorless","","The Whizzer, Classic Speedster","","","","","","","","0","1","",""
"4437","Colorless","","Justice, Vance Astrovik","","","","","","","","0","1","",""
"4437","Colorless","","Machine Man, Model X-51","","","","","","","","0","1","",""
"4437","Colorless","","MACH-1, Swooping Scoundrel","","","","","","","","0","1","",""
"4437","Colorless","","Colossus, Steel Stalwart","","","","","","","","0","1","",""
"4437","Colorless","","Giant-Man, Gargantuan Genius","","","","","","","","0","1","",""
"4437","Colorless","","Mockingbird, Bobbi Morse","","","","","","","","0","1","",""
"4437","Colorless","","Hulkling, Young Avenger","","","","","","","","0","1","",""
"4437","Colorless","","Black Widow, Natasha Romanoff","","","","","","","","0","1","",""
"4437","Colorless","","Hawkeye, Bowslinger","","","","","","","","0","1","",""
"4437","Colorless","","Falcon, Joaquin Torres","","","","","","","","0","1","",""
"4437","Colorless","","Hercules, Olympian Hero","","","","","","","","0","1","",""
"4437","Colorless","","Black Panther, Claws of Bast","","","","","","","","0","1","",""
"4437","Colorless","","Luke Cage, Hero for Hire","","","","","","","","0","1","",""
"4437","Colorless","","Flatman","","","","","","","","0","1","",""
"4437","Colorless","","War Machine, James Rhodes","","","","","","","","0","1","",""
"4437","Colorless","","Shang-Chi, Martial Mentor","","","","","","","","0","1","",""
"4437","Colorless","","Photon, Lady of Light","","","","","","","","0","1","",""
"4437","Colorless","","Pharaoh Rama-Tut","","","","","","","","0","1","",""
"4437","Colorless","","Blue Marvel, Adam Brashear","","","","","","","","0","1","",""
"4437","Colorless","","Brawn, Amadeus Cho","","","","","","","","0","1","",""
"4437","Colorless","","Tiger Shark, Abyssal Hunter","","","","","","","","0","1","",""
"4437","Colorless","","Madame Hydra, Reanimated","","","","","","","","0","1","",""
"4437","Colorless","","Radioactive Man","","","","","","","","0","1","",""
"4437","Colorless","","Viper, Cruel Conspirator","","","","","","","","0","1","",""
"4437","Colorless","","Count Nefaria","","","","","","","","0","1","",""
"4437","Colorless","","General Thunderbolt Ross","","","","","","","","0","1","",""
"4437","Colorless","","She-Hulk, Jade Defender","","","","","","","","0","1","",""
"4437","Colorless","","Happy Hogan, Dauntless Driver","","","","","","","","0","1","",""
"4437","Colorless","","Rescue, Pepper Potts","","","","","","","","0","1","",""
"4437","Colorless","","Wonder Man, Hollywood Hero","","","","","","","","0","1","",""
"4437","Colorless","","Namor, Scourge of the Seas","","","","","","","","0","1","",""
"4437","Colorless","","The Wasp, Winsome Avenger","","","","","","","","0","1","",""
"4437","Colorless","","Jocasta, Automaton Avenger","","","","","","","","0","1","",""
"4437","Colorless","","War Machine, Avenging Arsenal","","","","","","","","0","1","",""
"4437","Colorless","","Photon, Mighty Marvel","","","","","","","","0","1","",""
"4437","Colorless","","She-Hulk, Wallbreaker","","","","","","","","0","1","",""
"4437","Colorless","","Quicksilver, Speedster","","","","","","","","0","1","",""
"4476","Colorless","","Stilt-Man, Towering Terror","","","","","","","","0","1","",""
"4477","Colorless","","Zuri, Warrior of Wakanda","","","","","","","","0","1","",""
"4478","Colorless","","Iron Man, Futurist Paragon","","","","","","","","0","1","",""
"4478","Colorless","","M.O.D.O.K., Evil Intellect","","","","","","","","0","1","",""
"4480","Colorless","","Brad Boimler, Eager Ensign","","","","","","","","0","1","",""
"4480","Colorless","","U.S.S. Enterprise-D, Galaxy-Class","","","","","","","","0","1","",""
"4482","Colorless","","Nori, Teller of Tales","","","","","","","","0","1","",""
"4482","Colorless","","Fíli the Pathfinder","","","","","","","","0","1","",""
"4484","Colorless","","Smaug, the Great Calamity","","","","","","","","0","1","",""
"4485","Colorless","","General Chang, Cold Warrior","","","","","","","","0","1","",""
"4486","Colorless","","Proft, Sinister Mastermind","","","","","","","","0","1","",""
"4487","Colorless","","Teyo, Diamondblade Mage","","","","","","","","0","1","",""
